:020000040800F2
:10000000B82E00242D040008655C0008F15000089B
:10001000B95300088B070008CD70000800000000ED
:100020000000000000000000000000006D03000858
:10003000650F000800000000C9030008C56500083E
:100040004B0400084B0400084B0400084B04000854
:100050004B0400084B0400084B0400084B04000844
:100060004B0400084B0400084B040008210B000857
:100070004B0400084B0400084B0400084B04000824
:100080004B0400084B0400084B040008E110000872
:10009000F9100008ED100008051100084B040008D5
:1000A0004B0400084B0400084B0400084B040008F4
:1000B0004D6700084B0400084B0400084B0400087F
:1000C0004B0400084B0400084B0400084B040008D4
:1000D0004B0400084B0400084B0400084B040008C4
:1000E0004B0400084B040008000000004B0400080B
:1000F0004B0400084B0400084B0400084B040008A4
:100100004B0400084B0400084B0400084B04000893
:100110004B0400084B0400084B0400084B04000883
:100120004B0400084B0400084B0400084B04000873
:100130004B0400084B0400084B0400084B04000863
:1001400000000000000000000000000000000000AF
:100150004B0400084B0400084B0400084B04000843
:100160004B0400084B0400084B0400084B04000833
:100170004B0400084B0400084B040008000000007A
:100180004B0400084B0400084B0400084B04000813
:100190004B0400084B0400084B0400084B04000803
:1001A0004B0400084B0400084B040008000000004A
:1001B0004B0400084B0400084B0400084B040008E3
:1001C0004B0400084B040008000000000000000081
:1001D00000000000000000004B04000800000000C8
:1001E000000000000000000000000000000000000F
:1001F00000000000000000004B0400084B04000851
:100200004B0400084B040008000000004B040008E9
:100210004B0400084B0400084B0400084B04000882
:100220004B040008000000004B0400080000000020
:100230004B0400084B040008000000004B040008B9
:100240004B0400084B0400084B0400084B04000852
:100250004B0400084B0400084B0400084B04000842
:100260004B0400084B0400084B0400084B04000832
:100270004B0400084B0400084B0400080000000079
:100280004B0400084B0400084B0400084B04000812
:10029000000000004B0400084B04000800000000B0
:1002A000000000004B0400084B0400084B04000849
:1002B0004B0400084B0400084B040008111100080F
:1002C0001D1100084B0400084B04000800F002F860
:1002D00000F03CF80AA090E8000C82448344AAF1A4
:1002E0000107DA4501D100F031F8AFF2090EBAE8A2
:1002F0000F0013F0010F18BFFB1A43F0010318475A
:10030000D897000008980000103A24BF78C878C138
:10031000FAD8520724BF30C830C144BF04680C600B
:10032000704700000023002400250026103A28BF53
:1003300078C1FBD8520728BF30C148BF0B60704757
:100340001FB509F0BFF91FBD10B510BD00F0E8F9E9
:100350001146FFF7F5FF07F0D9FB00F006FA03B4EA
:10036000FFF7F2FF03BC00F009FA00002C4B1968FC
:100370000868B0E8F04F80F30988BFF36F8F4FF043
:10038000000080F3118870470000000008480068F2
:10039000006880F308884FF0000080F3148862B68C
:1003A00061B6BFF34F8FBFF36F8F00DF00BF00BF99
:1003B00008ED00E0DFF80C00016841F47001016015
:1003C000704700BF88ED00E0EFF30980BFF36F8F47
:1003D000134B1A681EF0100F08BF20ED108A20E999
:1003E000F04F106009B44FF0500080F31188BFF354
:1003F0004F8FBFF36F8F08F0E9FA4FF0000080F3E2
:10040000118809BC19680868B0E8F04F1EF0100F99
:1004100008BFB0EC108A80F30988BFF36F8F704774
:1004200034000024EFF30580704700000A4880473D
:100430000A4880470A480047FEE7FEE7FEE7FEE776
:10044000FEE7FEE7FEE7FEE7FEE7FEE705480649B2
:10045000064A074B70470000C51000087566000883
:10046000CD020008B8280024B82E0024B82A0024A1
:10047000B82A002453EA020C00F069802DE9F04B01
:100480004FF00006002B1FBFB3FA83F503FA05F403
:1004900024FA05F65E4012BF1643B2FA82F502FA5C
:1004A00005F4C5F120051EBF22FA05FC44EA0C0440
:1004B000203556EA044C4FEA144418BF641C4FF030
:1004C00000084FF00009904271EB030C39D300296A
:1004D00019BFB1FA81F701FA07F6B0FA80F700FA0E
:1004E00007F6C7F120071EBF20FA07FC46EA0C06F4
:1004F0002037B6FBF4FCA7EB0507103F07F01F0BF6
:10050000CBF120060CFA0BFB2CFA06F644BFB346DF
:100510000026202FA4BF5E464FF0000B5BEA060CBE
:1005200008BF4FF0010B19EB0B09ABFB027C48EB4A
:100530000608C01B06FB02CC0BFB03CC71EB0C01C5
:10054000C1E70B46024641464846BDE8F08B13B56D
:100550004FF000004FF00001AFF30080BDE81C40F9
:100560007047032A40F2308010F0030C00F0158031
:1005700011F8013BBCF1020F624498BF11F801CBA6
:1005800000F8013B38BF11F8013BA2F1040298BF0B
:1005900000F801CB38BF00F8013B11F0030300F075
:1005A0002580083AC0F0088051F8043B083A51F819
:1005B00004CBA0E80810F5E7121D5CBF51F8043B1E
:1005C00040F8043BAFF30080D20724BF11F8013B91
:1005D00011F801CB48BF11F8012B24BF00F8013BF3
:1005E00000F801CB48BF00F8012B704710B5203A46
:1005F000C0F00B80B1E81850203AA0E81850B1E8DC
:100600001850A0E81850BFF4F5AF5FEA027C24BF91
:10061000B1E81850A0E8185044BF18C918C0BDE888
:1006200010405FEA827C24BF51F8043B40F8043B51
:1006300008BF7047D20728BF31F8023B48BF11F806
:10064000012B28BF20F8023B48BF00F8012B704760
:1006500002F0FF0343EA032242EA024200F037B805
:100660004FF0000200B5134694469646203922BF4B
:10067000A0E80C50A0E80C50B1F12001BFF4F7AF96
:10068000090728BFA0E80C5048BF0CC05DF804EB78
:10069000890028BF40F8042B08BF704748BF20F8E6
:1006A000022B11F0804F18BF00F8012B70477047E4
:1006B0007047704710B500F02BF8006810BD10B5FA
:1006C000044600F025F8046010BD4FF00002042934
:1006D000C0F0128010F0030C3FF4C4AFCCF1040C56
:1006E000BCF1020F18BF00F8012BA8BF20F8022BA5
:1006F000A1EB0C01FFF7B6BF5FEAC17C24BF00F895
:10070000012B00F8012B48BF00F8012B70470000B7
:10071000004870475428002400487047542800249B
:100720007546FFF7F9FFAE4605006946534620F0CF
:100730000700854618B020B5FFF788FEBDE82040C9
:100740004FF000064FF000074FF000084FF0000B8D
:1007500021F00701AC46ACE8C009ACE8C009ACE840
:10076000C009ACE8C0098D46704710B50446AFF328
:1007700000802046BDE81040FFF7F1BD0149182078
:10078000ABBEFEE7260002007047FEE7A1F20121A2
:1007900007291FD8C9B24B1C00EB01100121DFED66
:1007A0000E0A03804173118849BA418000EE101A85
:1007B000B8EE401A9FED090A61EE200A20EE800A89
:1007C00080ED010A518849BA0181918849BA418175
:1007D000D1790173704700000000B4430000003974
:1007E00010B504462DED028B9FED298A90EC030A8B
:1007F00030EE602AF1EE601A70EE802A70EEC00AC8
:1008000071EEC01A32EE012A32EE810A70EE810AD0
:1008100031EE811A80ED030A80ED0B2AC0ED070A44
:1008200080ED0F1AB3EE031AF0EE480A07F0A4F8B1
:10083000BDEEC00AB3EE031AF0EE480A10EE100A3D
:10084000208294ED070A07F097F8BDEEC00AB3EED8
:10085000031AF0EE480A10EE100A208494ED0B0AF9
:1008600007F08AF8BDEEC00AB3EE031AF0EE480AAC
:1008700010EE100A208694ED0F0A07F07DF8BDEE09
:10088000C00A10EE100AA4F84000BDEC028B10BDA7
:10089000E3A59B3D2DE9F0411E4617460D46044653
:1008A0002DED028B9FED4C8AB0EE480A05F004F95D
:1008B00094ED021AD4ED030A012E31EE400A84ECC5
:1008C000020A04D0022E14D0032E43D07CE094ED13
:1008D000040AF0EE480A85ED000A94ED050A384650
:1008E00085ED010A94ED010A05F09AFA85ED020AF8
:1008F0006AE0B7EEC10A06F043FD94ED051AB7EEC3
:10090000C11A20EE018B94ED020AB7EEC00A06F080
:1009100007FC94ED041AB7EEC11A01EE008BB7EE96
:10092000C80B85ED000A94ED020AB7EEC00A06F086
:10093000F7FB94ED051AB7EEC11A20EE018B94ED8A
:10094000020AB7EEC00A06F01BFDD4ED041AB0EEA1
:10095000001A2FE0B7EEC10A06F012FD94ED051A59
:10096000B7EEC11A20EE018B94ED020AB7EEC00A71
:1009700006F0D6FB94ED041AB7EEC11A01EE008B17
:10098000B7EEC80B85ED000A94ED020AB7EEC00A77
:1009900006F0C6FB94ED051AB7EEC11A20EE018BE6
:1009A00094ED020AB7EEC00A06F0EAFCD4ED041A90
:1009B000B8EE001AB7EEE12A02EE408BB7EEC80B94
:1009C00085ED010A85ED021A2846BDEC028BBDE8D3
:1009D000F041FFF705BF00000000000030B50446FD
:1009E0000D462DED028B85B0B0F908009FED4A8AC7
:1009F00000EE100A4948F0EE480AB8EEC00A05F0C9
:100A0000B5F9BDEEC00AF0EE480A10EE100AADF8D6
:100A10000000B4F9180000EE100A4048B8EEC00A11
:100A200005F0A4F9BDEEC00AF0EE480A10EE100A77
:100A3000ADF80200B4F9280000EE100A3748B8EE0D
:100A4000C00A05F093F9BDEEC00AF0EE480A10EEB8
:100A5000100AADF80400B4F9380000EE100A2F486F
:100A6000B8EEC00A05F082F9BDEEC00AF0EE480A01
:100A700010EE100AADF80600B4F9480000EE100AB6
:100A80002648B8EEC00A05F071F9BDEEC00AF0EED6
:100A9000480A10EE100AADF80800B4F9580000EE4C
:100AA000100A1E48B8EEC00A05F060F9BDEEC00A93
:100AB000F0EE480A10EE100AADF80A00B4F968002A
:100AC00000EE100A1548B8EEC00A05F04FF9BDEE69
:100AD000C00AF0EE480A10EE100AADF80C00B4F9A6
:100AE000780000EE100A0D48B8EEC00A05F03EF995
:100AF000BDEEC00A01216A4610EE100AADF80E00E4
:100B0000284600F09FFA0521284602AA00F09AFA2A
:100B100005B0BDEC028B30BD00000000D01F0024EA
:100B2000014800F0D7BC0000AC110024294A01683C
:100B300091423AD0274A1832914236D0254A303273
:100B4000914232D0234A483291422ED0214A60321B
:100B500091422AD01F4A7832914226D01D4A9032C3
:100B6000914222D01B4AA83291421ED01A4A914289
:100B70001BD0194A1832914217D0174A303291428D
:100B800013D0154A483291420FD0134A6032914235
:100B90000BD0114A7832914207D00F4A90329142DD
:100BA00003D00D4AA832914211D1CAB21823103A8B
:100BB000B2FBF3F26FF30901032A02F00703074ABD
:100BC000D25CC26500D9091D81650846704721F0D5
:100BD000FF01F9E710000240100402401C990008D0
:100BE00030B5224A012301689142CAB21BD01F4C82
:100BF0001434A14217D01D4C2834A14213D01B4CF1
:100C00003C34A1420FD0194C5034A1420BD0174CA8
:100C10006434A14207D0154C7834A14203D0134C60
:100C20008C34A1420CD11421114C083AB2FBF1F1E1
:100C30000F4A803201F01F0504EB8101AB4010E048
:100C40000C4D1824103A0D44B2FBF4F1A82D00D835
:100C50000831094A01F01F0402EB8101064AA34052
:100C60008032603080E80E0030BD00000854025829
:100C700000580258F0FBFDBF0008024010B5027991
:100C8000531E072B2DD8174C0168A1421BD0154CC1
:100C90001434A14217D0134C2834A14213D0114C64
:100CA0003C34A1420FD00F4C5034A1420BD00D4C1C
:100CB0006434A14207D00B4C7834A14203D0094CD4
:100CC0008C34A14203D10849074C443102E0074962
:100CD000064C443104EB8202C0E91B2101219940FA
:100CE000416710BD08540258FC580258FC080240E5
:100CF00010B583694FF0C074826A0146002053B179
:100D0000B3F5005F15D072B1012A0CD0022A0AD0C7
:100D1000032A09D104E01AB1012A06D0022A03D11C
:100D2000C96AC90100D5012010BDC96AA142FAD023
:100D300010BD002AF7D0012AF2D0022AF3D0032AEC
:100D4000F3D010BD2DE9F04F804E804FDFF8FC91BD
:100D50001836DFF8F8A148370468856D0AF1300AC3
:100D6000DFF8ECB14C45DFF8ECC1DFF8ECE16DD019
:100D7000B4426BD0544569D0BC4267D0DFF8D08113
:100D8000A8F11808444561D05C455FD064455DD04A
:100D900074455BD0DFF8C481444557D0DFF8BC818F
:100DA00008F11808444551D0DFF8B08108F1300847
:100DB00044454BD0DFF8A48108F14808444545D0AC
:100DC000DFF8988108F1600844453FD0DFF88C8156
:100DD00008F17808444539D0DFF8808108F190089F
:100DE000444533D0DFF8748108F1A80844452DD07C
:100DF000DFF86C81444529D0DFF8648108F11408DC
:100E0000444523D0DFF8588108F1280844451DD017
:100E1000DFF84C8108F13C08444517D0DFF84081E9
:100E200008F15008444511D0DFF8348108F1640816
:100E300044450BD0DFF8288108F17808444505D0F7
:100E4000DFF81C8108F18C08444509D1D0E9194824
:100E5000C4F80480C46E1CB1D0E91C48C4F80480F6
:100E600004684C452ED0B4422CD054452AD0BC4204
:100E700028D0374E183EB44224D05C4522D0644579
:100E800020D074451ED0354EB4421BD0334E183698
:100E9000B44217D0314E3036B44213D02F4E4836BC
:100EA000B4420FD02D4E6036B4420BD02B4E783664
:100EB000B44207D0294E9036B44203D0274EA8360C
:100EC000B44215D190F85C603F2406F01F06B44090
:100ED000AC600468256825F4802525602EE09A60C2
:100EE0000068C160BDE8F08F99600068C260F9E7F2
:100EF0001B4EB4421BD01A4E1436B44217D0184EB3
:100F00002836B44213D0164E3C36B4420FD0144E9D
:100F10005036B4420BD0124E6436B44207D0104E55
:100F20007836B44203D00E4E8C36B442DAD190F803
:100F30005C60012406F01F06B4406C6004686360C6
:100F40008368402B0368CFD1C9E70000100002403E
:100F500088000240A0000240B80002401004024095
:100F600008540258704700002F48A0F13C0190ED52
:100F7000000A81ED060A90ED010A81ED070A90ED65
:100F8000020A81ED080A90ED030ABDEEC00A10EED8
:100F9000102A8A8490ED040ABDEEC00A10EE102AD1
:100FA000CA8490ED050ABDEEC00A10EE102A0A852B
:100FB00090ED060ABDEEC00A10EE102A4A8590EDAB
:100FC000070ABDEEC00A10EE102A8A8590ED080AC5
:100FD000BDEEC00A10EE102ACA8590ED090ABDEEDA
:100FE000C00A10EE102A0A8690ED0A0ABDEEC00A69
:100FF00010EE102A4A8690ED0B0ABDEEC00A10EEE4
:10100000102A8A8690ED0C0ABDEEC00A10EE102A56
:10101000CA8690ED0D0ABCEEC00A10EE100A81F8E7
:101020003A0005F093B90000DC260024044C0020AF
:1010300007F0A6FA2060012006F0A7FDF7E7000000
:10104000080100242DE9FC4116468046084600F0C0
:1010500035FA050011D05FF000046F4607EB44013C
:1010600036F914004A1C04F044F8641C042CF5DB27
:101070006A462946404600F005FABDE8FC817CB589
:10108000002513464A1E044648000095032A019590
:1010900003D8801E4FF4007505E0491F03290DD8C1
:1010A0000A3840F2FF150DEB000118464A1C04F007
:1010B00020F86A462946204600F0E4F97CBD72B665
:1010C000FEE70000054805490839026842F00202BF
:1010D000026008688004FCD5704700000C48025884
:1010E000014801F055BA0000380F0024014801F012
:1010F0004FBA0000380F0024014801F049BA00003F
:10110000D80F0024014801F043BA0000D80F002492
:10111000014801F03DBA000078100024014801F0B8
:1011200037BA000078100024F0B503684FF6FC7160
:101130006D4C426BD3F884508D4345EA8205C3F869
:101140008450036853F8845F068F25F47F0545EAD1
:1011500006451D60836B654D9F180268D2F8883084
:101160008B4343EA8703C2F88830026852F8883F0D
:10117000868F23F4FE0343EA06431360066856F89D
:10118000A03FC26B8B4307EB420243EA820333600A
:10119000076857F8A03FB0F8406023F4FE0343EA25
:1011A00006433B60D0E9103603FB06220368D3F800
:1011B000B0608E4346EA8206C3F8B0600368B0F8B8
:1011C0004860D3F8B07027F4FE0747EA0646C3F834
:1011D000B060D0E91267036806FB0722D3F8AC6061
:1011E0008E4346EA8206C3F8AC60D0E91467036810
:1011F00006FB0722D3F8F0608E4346EA8206C3F866
:10120000F0600368B0F85860D3F8F07027F47C17EA
:1012100047EA0646C3F8F0600368876D53F8C06F6D
:1012200002EB47028E4346EA820119600168B0F87A
:101230005C20D1F8C03023F47C1343EA0242C1F8A9
:10124000C020016890F86020D1F8C03023F07C53B2
:1012500043EA0262C1F8C020416B04EB8101C16620
:10126000826B01EB82020267C36B02EBC30242672F
:10127000D0E91034634302EB83028267D0E9123471
:10128000634302EB8302C267D0E91434634302EB89
:101290008302C0F88020836D02EBC303C0F8843062
:1012A000C46D826E544303EB8403C0F88830046E2F
:1012B000544303EB8402C0F89020AA420AD9D0F824
:1012C0009C20032142F02002C0F89C2080F8981056
:1012D0000120F0BD002200E004C1D0F890308B4224
:1012E000FAD80020F0BD000000AC0040FCD3004064
:1012F000F0B58E680C69D1E9005744EA0604DFB105
:1013000045F080452C43866ED1E906C54F695E43A2
:1013100091F8203045EA0C05B1F80CC0D0F884E013
:10132000002047EA03630C4F1D430EEB860345EA9A
:101330000C45E3E802450AE044EA8544E3E7141873
:10134000155C001DD4F8014045EA042410C3CC68A4
:101350003C5D8442F3D8F0BDC098000830B505006C
:1013600089B01FD0002403ABCDE901410220012246
:1013700083E8150001A92846069400F0D5FF88B936
:10138000002328461A461946009401F00CF8284616
:1013900001F0DDFC30B900222846012100F04CFFAD
:1013A000002800D0012009B030BD00002DE9F04137
:1013B0000968174621F01F00B0F5807F01F01F0675
:1013C0003FD12E4C002594F8540048B101F0F0FDB7
:1013D000216D401AB0F57A7F02D984F854506560C7
:1013E0004FF0010836B394F85400002829D0207833
:1013F000B04226D3721E616808FA02F0014220D181
:1014000004EBC6013A688A607A68CA606168014381
:10141000616001F0CDFD20652078616808FA00F870
:10142000A8F1010838EA01080BD143002146144C09
:10143000002019E03878207008B1082803D984F812
:101440005450BDE8F081656084F8548001F0B0FD2F
:101450002065F6E701EB8002167CD2F8112046EAFF
:10146000022244F82020401C9842F3D381F85450C3
:101470004D60BDE8F041FFF777BD0000C8240024AF
:10148000DC26002430B589B0054600231446082028
:10149000CDE90013CDE9023002070693CDE904231C
:1014A00007930893284601F06BF80028FAD02246EB
:1014B0006946284600F004FF09B030BD012803D07A
:1014C000052804D0002070474FF40070704740F2A8
:1014D000FF1070472DE9FC5F0446F74E0020DFF84F
:1014E000D88300904FF41652F44808F11808A56DFF
:1014F000DFF8C493DFF8C0A3016809F13009206860
:101500000AF1480AB1FBF2F1B04201912F68D5F817
:1015100000C0DFF8ACB335D04146884232D04845F0
:1015200030D050452ED058452CD0E549183188424E
:1015300028D0E3493031884224D0E14948318842FB
:1015400020D0E04988421DD0DE491831884219D0A8
:10155000DC493031884215D0DA494831884211D00F
:10156000DFF860E30EF1600E70450BD0D54A78329B
:10157000904207D0D34B9033984203D0D149A83141
:1015800088427DD194F85C20082102F01F0201FA04
:1015900002F23A424AD0B04232D0404530D04845BB
:1015A0002ED050452CD058452AD0C54A18329042EA
:1015B00026D0C34A3032904222D0C14A48329042AB
:1015C0001ED0C04A90421BD0BE4A1832904217D05B
:1015D000BC4A3032904213D0BA4A483290420FD0BF
:1015E000B84A603290420BD0B64A7832904207D067
:1015F000B44A9032904203D0B24AA832904203D10A
:10160000026802F0040202E0026802F008026AB115
:10161000026822F00402026094F85C0000F01F00EF
:101620008140A960606D40F00100606594F85C0045
:10163000012100F01F008140394240D02068B042B3
:1016400034D0404532D0484530D050452ED0584552
:101650002CD09B4A1832904228D0994A303290427E
:1016600024D0974A4832904220D0964A90421DD0CA
:10167000944A1832904219D0924A3032904200E097
:10168000AFE113D08F4A483290420FD08D4A60327A
:1016900090420BD08B4A7832904207D0894A9032E0
:1016A000904203D0874AA83290427DD1406910F021
:1016B000800F04D0A960606D40F00200606594F86E
:1016C0005C00042100F01F00814039423ED02068B8
:1016D000B04232D0404530D048452ED050452CD075
:1016E00058452AD0764A1832904226D0744A303271
:1016F000904222D0724A483290421ED0714A9042A3
:101700001BD0704A1832904217D06E4A3032904245
:1017100013D06C4A483290420FD06A4A60329042ED
:101720000BD0684A7832904207D0664A9032904295
:1017300003D0644AA83290424ED1006810F0020FE4
:1017400004D0A960606D40F00400606594F85C000E
:10175000102100F01F008140394258D02068B0426B
:1017600034D0404532D0484530D050452ED0584531
:101770002CD0534A1832904228D0514A30329042ED
:1017800024D04F4A4832904220D04E4A90421DD039
:101790004C4A1832904219D04A4A3032904215D001
:1017A000484A4832904200E014E00FD0454A603287
:1017B00090420BD0434A7832904207D0414A90324F
:1017C000904203D03F4AA832904207D1006800F00F
:1017D000080006E0006872E70068B7E7006800F0FC
:1017E0000400A0B1A96020680168490304D500681D
:1017F000000308D5A16C07E00168C90503D401689E
:1018000021F008010160216C09B12046884794F855
:101810005C00202100F01F008140394279D020680F
:10182000B04232D0404530D048452ED050452CD023
:1018300058452AD0224A1832904226D0204A3032C7
:10184000904222D01E4A483290421ED01D4A9042F9
:101850001BD01C4A1832904217D01A4A303290429C
:1018600013D0184A483290420FD0164A6032904244
:101870000BD0144A7832904207D0124A90329042EC
:1018800003D0104AA832904203D1006800F0100043
:1018900002E0006800F00200B0B3A96094F83500DF
:1018A0000428206801680FD049037ED50068000332
:1018B0002BD4616C2AE00000100002402C000024B0
:1018C000700002401004024021F0160101602068FF
:1018D000416921F080014161206C08B9A06C20B100
:1018E0002068016821F00801016094F85C303F2114
:1018F000012003F01F0300229940A96084F83500FD
:1019000084F83420216D65E003E0E16B09B12046E5
:101910008847606D00287DD0606DC00759D0206871
:10192000042184F83510B0422BD0404529D04845D9
:1019300027D0504525D0584523D09D49884220D0F6
:101940009B49183188421CD099493031884218D0BF
:101950009849884215D097491831884211D0954945
:10196000303188420DD093494831884209D091499D
:101970006031884205D08F497831884201D08D4945
:101980009031016821F00101016020680099019AFD
:10199000491C0091914202D80168C907F6D100683C
:1019A000C00710D003200FE0FFE70168C905ACD4E1
:1019B00003680121002223F01003036084F835102E
:1019C00084F83420A1E7012084F83500002084F851
:1019D0003400E16C00291DD002B02046BDE8F05F64
:1019E0000847754988421DD073491431884219D07F
:1019F00071492831884215D06F493C31884211D055
:101A00006D49503188420DD06B496431884209D00C
:101A1000694900E084E07831884203D066498C311E
:101A200088427DD194F85C800427016808F01F0883
:101A300007FA08F717EA0C0F009746D04F0744D56E
:101A400000980F04686003D5C8033CD4A16CC1E7BB
:101A5000880638D42068B0422DD055496039884274
:101A600029D0484527D0504525D0584523D0504946
:101A7000884220D04E49183188421CD04C49303120
:101A8000884218D04B49884215D04A4918318842BB
:101A900011D04849303188420DD0464948318842FA
:101AA00009D0704507D0904205D0984203D04149F3
:101AB000A831884203D1016821F0080102E00168E1
:101AC00021F004010160216C84E7022707FA08F77E
:101AD00017EA0C0F00974ED08F074CD500980F04D3
:101AE000686003D5C80344D4616C73E7880640D4AA
:101AF0002068B0422FD02E49603988422BD048450B
:101B000029D0504527D0584525D02949884222D090
:101B10002749183188421ED025493031884200E0DB
:101B200044E018D02349884215D022491831884210
:101B300011D02049303188420DD01E4948318842A9
:101B400009D0704507D0904205D0984203D019497A
:101B5000A831884203D1016821F0140102E0016834
:101B600021F00A010160012184F83510002084F879
:101B70003400E16B2EE7082202FA08F212EA0C0F99
:101B800014D0090712D5016821F00E01016094F804
:101B90005C100120002201F01F0100FA01F16960D0
:101BA000606584F8350084F8342012E7BDE8FC9FB6
:101BB0008800024010040240085402582DE9F05FEA
:101BC000044601F0F5F9002C07467DD0E24E0221D3
:101BD00020684FF00308DFF884934FF00005DFF82A
:101BE00080A3B042DFF87CB334D0DB4A1832904295
:101BF00030D048452ED050452CD058452AD0D94A0F
:101C00001832904226D0D74A3032904222D0D54A5C
:101C1000483290421ED0D44A90421BD0D24A183249
:101C2000904217D0D04A3032904213D0CE4A483238
:101C300090420FD0CC4A603290420BD0CA4A7832E0
:101C4000904207D0C84A9032904203D0C64AA83288
:101C500090427DD184F83510B04284F834502ED0B3
:101C6000BD49183188422AD0484528D0504526D051
:101C7000584524D0BB491831884220D0B949303169
:101C800088421CD0B7494831884218D0B6498842AA
:101C900015D0B5491831884211D0B3493031884246
:101CA0000DD0B1494831884209D0AF4960318842EE
:101CB00005D0AD497831884201D0AB4990310168F7
:101CC00021F00101016008E025E100BF01F070F999
:101CD000C01B052801D920211AE120680068C0072F
:101CE000F4D1D4E902032168103418438E4694E8F5
:101CF0008410D4E9033809683A4310439B4A40EA08
:101D00000C00676918431140103C40EA0800042F9A
:101D100040EA010003D1D4E90B1211430843616882
:101D2000A1F12902052A0BD9163A032A08D9083A43
:101D3000012A05D9083A032A02D97439032901D89E
:101D400040F48010CEF800002068676A406900E027
:101D500020E0042F20F0070047EA00070DD1D4E966
:101D60000A01074349B12046FEF7C2FF28B14020CF
:101D70006065012184F83510CDE020684761204678
:101D8000FEF7D4FE94F85C203F2102F01F02914040
:101D9000816055E0764A90421BD0754B14339842CF
:101DA00017D0734B2833984213D0714B3C33984271
:101DB0000FD06F4B503398420BD06D4B6433984229
:101DC00007D06B4B7833984203D0694B8C339842E1
:101DD0007ED184F8351084F83450664B0168A268CF
:101DE00001EA030E402A74D0802A73D05FF000020B
:101DF000D4E90378D4E9053142EAD70242EAD808A7
:101E00005B4AD4E9077C48EAD30848EAD10141EAB1
:101E1000D701524241EA1C11142341EA0E0101602C
:101E200020681044B0FBF3F08000E0652046FEF728
:101E30007DFE94F85C20012102F01F029140416078
:101E40002068B04257D044491831884253D04845A1
:101E500051D050454FD058454DD042491831884255
:101E600049D040493031884245D03E4948318842C6
:101E700041D03D4988423ED03B49183188423AD052
:101E800039493031884236D037494831884232D0DA
:101E90003549603188422ED03349783188422AD082
:101EA00031499031884226D02F49A831884222D02A
:101EB0002F4988421FD02E49143188421BD02C490B
:101EC0002831884217D02A493C31884213D002E099
:101ED0001DE017E018E02649503188420BD0244914
:101EE0006431884207D022497831884203D02049A2
:101EF0008C31884229D12046FEF772FEA0688028E6
:101F00000CD00CE0102273E74FF4804270E74021C0
:101F1000616584F835800120BDE8F09F6560216E21
:101F200020790860D4E9190141606068401E0728E3
:101F300008D82046FEF7A2FEE06E0560D4E91C0139
:101F4000416002E0E566256765670120656584F804
:101F500035000020E0E70000100002404000024091
:101F60005800024070000240100402403F8010FE02
:101F7000085402580F00FEFF2DE9F84F04008C466C
:101F80004FF00000009014D094F83400012812D0D3
:101F900094F835500120002184F83400012D0CD034
:101FA000C00260650120009084F834100098BDE8FC
:101FB000F88F0120FBE70220F9E78C4D022620680C
:101FC00084F83560A8428A4D61658A4E8A4FDFF8F1
:101FD0002C82DFF82C92DFF82CA2DFF82CB226D06E
:101FE000A84224D0B04222D0B84220D040451ED0D2
:101FF00048451CD050451AD0584518D083498842CE
:1020000015D082491831884211D080493031884238
:102010000DD07E494831884209D07C4960318842E0
:1020200005D07A497831884201D0784990310168E9
:1020300021F00101016061462046FEF783FE6B49F5
:10204000206888422CD0A8422AD0B04228D0B8427A
:1020500026D0404524D0484522D0504520D0584570
:102060001ED06A4A90421BD0684A1832904217D05C
:10207000664A3032904213D0644A483290420FD0C0
:10208000624A603290420BD0604A7832904207D068
:102090005E4A9032904203D05C4AA83290420CD102
:1020A000026822F01E0242F016020260206C88B123
:1020B0002068026842F008020BE0026822F00E027B
:1020C00042F00A020260206C20B12068026842F0EF
:1020D00004020260206888424BD0A84249D0B04236
:1020E00047D0B84245D0404543D0484541D05045FF
:1020F0003FD058453DD0454A90423AD0434A1832E5
:10210000904236D0414A3032904232D03F4A483233
:1021100090422ED03D4A603290422AD03B4A7832DB
:10212000904226D0394A9032904222D0374AA83283
:1021300090421ED0364A90421BD0354A143290420B
:1021400017D0334A2832904213D0314A3C32904261
:102150000FD02F4A503290420BD02D4A6432904219
:1021600007D02B4A7832904203D0294A8C329042D1
:102170000DD1206E0268D20303D5026842F480724A
:102180000260E06E18B1026842F48072026020685A
:10219000884226D0A84224D0B04222D0B84220D0D3
:1021A00040451ED048451CD050451AD0584518D03F
:1021B0001649884215D015491831884211D0134963
:1021C000303188420DD011494831884209D00F4939
:1021D0006031884205D00D497831884201D00B49E1
:1021E0009031016841F001010160DFE6100002401A
:1021F00028000240400002405800024070000240A7
:1022000088000240A0000240B800024010040240D2
:102210000854025870B5044600F0CAFE0546601C1A
:1022200002D004480078044400F0C2FE401BA042E3
:10223000FAD370BD2000002410B590F89830012B1F
:1022400009D0022B07D0D0F89C1041F00201C0F851
:102250009C10012010BD03689C6D0C4203D1DC6D05
:1022600044F0010404E09C6D31EA04041FD003240F
:10227000DC658B0505D50368D3F8E0401443C3F84B
:10228000E0404B0505D50368D3F8E4401443C3F898
:10229000E4400068084A01EA0203446D074A1C430F
:1022A0004465106840EA91701060002010BDDC6D3C
:1022B00044F00204DCE70000FFFFCF3F14A8004019
:1022C00070B5044690F89800022804D0D4F89C0019
:1022D00040F008000DE02068D0F8C03013F07C5FBB
:1022E0000BD0D0F8C4309B020CD5D4F89C0040F43D
:1022F0000070C4F89C00012070BDD4F89C0040F030
:102300002000F6E7D0F8C400C0F3044520462B4671
:10231000FEF7EEFF21680120A840C1F8D000C4F804
:102320009400002070BD704770B590F89820012A85
:1023300009D0022A07D0D0F89C1041F00201C0F861
:102340009C10012070BD0B68CA6883B10B69072A15
:1023500043EA427325D00C7A4A6942EA847249689A
:10236000006F00EBC100C0E90032002070BD072AF9
:102370000DD00C7AD6060D8A4B6943EA847246EA80
:102380000543C06E49681A4340F82120EDE70B8AE7
:102390004FF06055D1E9062442EA034245EA04239E
:1023A000EFE78A69DBE730B590F89850039C012D80
:1023B00007D0D0F89C1041F00401C0F89C10012017
:1023C00030BD0D01016845EA820040EA4300204328
:1023D000C1F88000002030BD704770470068402978
:1023E00005D0D0F8B40000BF00F07F007047D0F8EF
:1023F000A400F9E7F0B590F898500024022D04D01D
:10240000D0F89C1041F0080129E0402905D041296D
:1024100029D0056D8D4219D942E00568D5F8A06034
:1024200016F4FE0F12D0D5F8A460760613D0D5F8B6
:10243000A460F60105D5D5F8A06016F0004F00D5D0
:102440000124D5F8A470466F456C24E0D0F89C10A8
:1024500041F0200103E0D0F89C1041F48071C0F8F5
:102460009C100120F0BD0568D5F8B06016F4FE0F91
:10247000ECD0D5F8B4607606EDD0D5F8B460F601AE
:1024800005D5D5F8B06016F0004F00D50124D5F879
:10249000B470866FC56CC7F305273C44654302E002
:1024A000456DC66F4D4306EB85052E6816F08046D8
:1024B00056602E6836D026F060461660D5F800C00B
:1024C00000262E4F0CF0005CC2F808C0D5F800C002
:1024D0000CF0004CC2F810C0B5F804C01FFA8CFC18
:1024E000C2F81CC0D5F804C0CCF3034CC2F80CC031
:1024F000D5F804C00CF4801CC2F814C0D5F804C090
:102500000CF4001CC2F818C0D5F804C0CCF3066C5B
:10251000C2F820C0D5F804C008354FEADC7CC2F808
:1025200024C008E0C6F38A46C7E700BF15F806C016
:1025300003F806C0761CD2F80CC017F80CC0B445DE
:10254000F4D840290AD041290CD020294FF00102AB
:102550000CD200688A40C0F898200DE00068C0F8EE
:10256000A84009E00068C0F8B84005E0006801F044
:102570001F018A40C0F89C200020F0BDC0980008D0
:102580000068D0F8C40000F03F00704770470000BA
:102590002DE9FF5FDFF80CB304460BF10401DBF813
:1025A000000025680F68AA468007D5F85090696D2D
:1025B000D5F850806E6D2A6DD5F854C02B6D00EAA9
:1025C0008770009009F470496F6D286D01EA090168
:1025D0000191DAF85410DAF85490DAF8505008F013
:1025E0000F0806EA0806029602F0F00203F07153A3
:1025F0006FEA09061F4000F060700CEA020CCDF88B
:102600000CC0F20501EA00090CD4E843C00509D466
:1026100000214FF48073CAF85030CBF800102046E8
:10262000FFF7B4FF700512D4E84340050FD42068CB
:1026300000234FF48068D0F8DC20D0F8E410C0F814
:102640005080CBF800301140204600F09FFBDFF8AF
:1026500058A2009850B12268830F00EA0A00106562
:10266000CBF8003020460099FFF75DFE019850B18D
:102670002268830F00EA0A001065CBF8003020467C
:10268000019900F085FB029850B12268830F00EA9F
:102690000A001065CBF800302046029900F012FBCA
:1026A000039850B12268830F00EA0A001065CBF846
:1026B00000302046039900F049FB30050CD4E84374
:1026C000000509D4236800204FF400621A65CBF896
:1026D0000000204600F05DFBB00512D4E843800501
:1026E0000FD4206800234FF40078D0F8D820D0F819
:1026F000E010C0F85080CBF800301140204600F0C8
:1027000046FB30030CD4E843000309D423680020BF
:102710004FF400221A65CBF80000204600F0D0FAF2
:10272000F0030CD4E843C00309D4236800204FF41D
:1027300080321A65CBF80000204600F026FB7003BB
:102740000CD4E843400309D4226800204FF48023CE
:102750001365CBF80000204600F016FBB0030FD441
:10276000E84380030CD4236800204FF400321A653C
:10277000CBF80000D4F89C0040F08000C4F89C0026
:10278000B9F1000F0BD022684FEA997309EA0A00E9
:102790001065CBF8003049462046FFF71EFE5FB1BA
:1027A0002268BB0F07EA0A001065CBF80030D4F8A6
:1027B0009C003843C4F89C003C492068884268D19A
:1027C000606881468068800763D0D9F82060D9F8B6
:1027D0002410D9F82080D9F82400D9F820C0D9F8DD
:1027E0002470D9F82030D9F82450D9F8202003F4E7
:1027F000FC4306F00F0AD9F824601D40D9F824B034
:1028000008F030080CF4C07C02F4F02211EA0A014E
:1028100000EA080807EA0C0706EA0206D9F820A031
:1028200004D0C9F82010204600F0ABFAB8F100003F
:1028300005D0616808624146204600F0A4FA6FEABC
:102840000B0040060ED46FEA0A0040060AD4606806
:102850004021C36BC26B01622046190C02F03F029B
:1028600000F090FA2FB1606807623946204600F008
:1028700087FA35B160680562D4F89C002843C4F833
:102880009C0036B160680662D4F89C003043C4F8FE
:102890009C00D4F89C00002802D02046FFF79CFD45
:1028A000BDE8FF9F10A80040FFFFCF3F00A0004001
:1028B0002DE9F04194B08D494C2204466846FDF75D
:1028C00095FE64B18A4D2068A84202D100F580705F
:1028D000606094F898004FF0000820B108E00120F3
:1028E00014B0BDE8F081204684F8998000F002F928
:1028F0002068816921F01001816100F059FB0327F4
:10290000064604E000F054FB801B0A2811D820681A
:1029100080690007F6D42068816941F00101816176
:1029200000F046FB06460DE000F042FB801B0A2843
:1029300008D9D4F89C0040F00100C4F89C0084F849
:102940009870CCE720688069C007EDD02068816965
:1029500041F002018161207C01282068816937D023
:1029600041F040018161607C01282068816932D09A
:1029700021F480418161A07C0128206881692DD0EB
:1029800041F4805181612068A268816921F440711D
:10299000114381612068816921F0A401816120686F
:1029A000016921F010010161E068012819D010B31C
:1029B00002281BD02068816941F080018161206874
:1029C000016941F010010161E06803280ED012E0B6
:1029D00021F04001C6E741F48041CBE721F480516A
:1029E000D0E72068816941F0040103E02068816933
:1029F00041F020018161207E6FF0FF02D4E907736E
:102A0000A68A1102400602EB0727A0F100703843A6
:102A100027685B1E184301EB06463043F861A06847
:102A2000B0F5407F11D104F12800A68C6FF00F0C97
:102A300089C801EB0641401E02EB032210432268C5
:102A40000CEB071318430843D060206E30B12068A8
:102A5000626ED0F8C0101143C0F8C010D4E917124C
:102A60006846D14209D02168A36E51F8C82F50F8AA
:102A7000233022F007021A430A60216C49B1216811
:102A8000626C51F8BC3F50F8226023F007023243D9
:102A90000A60A16C51B12168E36C51F8BC2F50F869
:102AA000233022F0700242EA03120A60216D51B114
:102AB0002168626D51F8BC3F50F8220023F4E062B7
:102AC00042EA002008602068A84204D1606881685A
:102AD00021F003018160C4F894800121C4F89C8036
:102AE00084F898102046FEF71FFBF9E6D0980008FE
:102AF00000A000402DE9F047B4B0814614212EA873
:102B0000FDF7AEFDB8216846FDF7AAFD664C00262C
:102B1000D9F800004FF08051644A0C3C614F4FF0EF
:102B20000208614D9042DFF888A14FF0090938D1C1
:102B300000201B914A13CDE90020684600F0DAFC22
:102B400008B1FEF7BCFA3868401C3860012807D18C
:102B5000286840F480702860286800F48070339002
:102B6000206840F008002060206803222E922EA9E1
:102B700000F00800CDE92F863196CDE9329050461D
:102B800000F008F900220521132000F001FB1320BA
:102B900000F0F0FA00220521152000F0F9FA1520C6
:102BA0003BE0444A90423DD100201B914FF400424B
:102BB000CDE90020684600F09DFC08B1FEF77FFAE1
:102BC0003868401C3860012807D1286840F48070BC
:102BD0002860286800F480703390206840F002007C
:102BE0002060206860222E922EA900F00200CDE91C
:102BF0002F863196CDE932902F4800F0CBF8002295
:102C00000521142000F0C4FA142000F0B3FA0022C9
:102C10000521162000F0BCFA162000F0ABFA34B003
:102C2000BDE8F087254A9042F9D100201B914FF46E
:102C30000042CDE90020684600F05CFC08B1FEF7D8
:102C40003EFA3868401C3860012807D1286840F4F3
:102C500080702860286800F480703390206840F00D
:102C60000800206020684FF440512E91052200F0AA
:102C70000800CDE92F862EA93196CDE932205046A5
:102C800000F088F8002205219F2000F081FA9F20A3
:102C900000F070FA00220521A02000F079FAA020AF
:102CA000BBE700001C000024EC44025800A00040D8
:102CB000000C025800A400400004025800D4004058
:102CC0007047000030B58DB00446C80729D04FF0DA
:102CD00080451EE017482168814205D1019888B9D6
:102CE00015480AAA009921E01448814205D10198AB
:102CF00040B913480AAA009918E01248814208D145
:102D0000019880B1A84204D10AAA69462046FEF77C
:102D10004DFB40216A460AAB2046FFF76BFB0028BB
:102D2000D8D00DB030BD08480AAA0099FDF72EFD95
:102D3000EFE7000000A000402025002400A4004090
:102D4000A025002400D4004020260024704790F8DD
:102D50009810012907D0D0F89C1041F00401C0F868
:102D60009C1001207047022180F898100022016811
:102D70008B6923F001038B61C0F89C2010467047DB
:102D8000704770477047704770477047704770478B
:102D9000704770472DE9F84F03247A4D00234FF018
:102DA00001094FF0B04B4FF00F0AE4E009FA03F6C7
:102DB000324078D00F7907F00307012F01D0022F9E
:102DC0001AD187684FEA430ED1F80CC004FA0EF806
:102DD00027EA08070CFA0EFC4CEA070CC0F808C0FA
:102DE000476891F804C0B743CCF3001C0CFA03FC0D
:102DF0004CEA070CC0F804C00E79F643B6070BD0B6
:102E0000C6684FEA43088F6804FA08FC26EA0C06F5
:102E100007FA08F73743C7600E7906F00306022E5B
:102E200012D1DE080F694FEA437C00EB8606B646F6
:102E3000366A4FEADC6C0AFA0CF807FA0CF726EA55
:102E400008063743CEF820700F7906684FEA43082A
:102E500007F0030704FA08FC07FA08F726EA0C064D
:102E6000374307604E6816F4403F1CD0464E376823
:102E700047F00207376036689F0706F002060096A3
:102E800023F0030606F1B046B6463F0FD6F80864B5
:102E9000DFF8F8800AFA07FC404526EA0C0603D161
:102EA0004FF0000C3AE065E0DFF8E4C0604502D185
:102EB0004FF0010C32E0DFF8DCC0604502D14FF08A
:102EC000020C2BE0DFF8D0C0604502D14FF0030CBC
:102ED00024E0DFF8C8C0604502D14FF0040C1DE0CB
:102EE000DFF8BCC0604502D14FF0050C16E0DFF8FA
:102EF000B4C0604502D14FF0060C0FE0DFF8A8C067
:102F0000604502D14FF0070C08E0DFF8A0C0604533
:102F100002D14FF0090C01E04FF00A0C0CFA07FC4B
:102F20004CEA060CCEF808C44F68DBF80060FF02DC
:102F300026EA020600D516435F46CBF80060D1F8BA
:102F400004C0DBF804605FEA8C2C26EA020600D598
:102F500016437E606E684F6826EA0206BF0300D5FE
:102F600016436E602E684F6826EA0206FF0300D5FE
:102F700016432E605B1C0A6832FA03F67FF416AF24
:102F8000BDE8F88F80000058F44402580000025851
:102F90000004025800080258000C025800100258A1
:102FA0000014025800180258001C0258002402584D
:102FB00001488068704700002000002402488168B2
:102FC000027811448160704720000024032010B56E
:102FD00000F0FEF801F0CEF80F4A104914681368AB
:102FE000C4F3032203F00F038A5CC95C02F01F02E2
:102FF00001F01F01D0400A4A20FA01F1116009498D
:1030000008600F2000F010F808B1012010BD00F09A
:103010009FF8002010BD0000184402584C99000889
:10302000300000242C00002410B5102804468AB07B
:103030002DD2002201461C2000F0AAF81C2000F02E
:1030400099F8184804601848016841F001010160CE
:10305000006809A900F001000890684601F016F820
:103060000598B8B101F062F840001049002240F222
:10307000E733B0FBF1F10E484FF080440460C0E943
:103080000332491EC0E9011201F0A6FB28B101205C
:103090000AB010BD01F04AF8E7E7054801F0CEFBA1
:1030A000F6E7000024000024E844025840420F00E4
:1030B00024120024154BF0B5083B427813491A60DE
:1030C0000B680A1F23F001030B6043681360057B44
:1030D000C67A827A437B2D07847B45EA0665C77BE7
:1030E00090F809C0067A90F800E045EAC24040EA4C
:1030F000834040EA444040EA074040EA0C2040EA6E
:10310000460040EA0E000860F0BD0000A0ED00E0BF
:10311000BFF35F8F044800210368034A23F4803320
:10312000036070321160704724ED00E0074A40F000
:103130000100064970321060086840F48030086071
:10314000BFF34F8FBFF36F8F7047000024ED00E097
:10315000074882B0016841F0020101600068002266
:103160000F2100F002000090901E02B000F010B895
:10317000F4440258002809DB410900F01F028900CD
:10318000012001F1E0219040C1F8000170470000EA
:103190000E4BF0B41B680D46C3F30223C3F10706C0
:1031A000042E00D90426191D072901D2002300E0AE
:1031B000DB1E012404FA06F19C40491E2940641ECE
:1031C000994014402143F0BC03F099BF0CED00E09E
:1031D000064900F0070210B54FF6FF040868044BDB
:1031E000204040EA02201843086010BD0CED00E0CA
:1031F0000000FA05134970B50A68D243520705D595
:10320000096801F00701814213D118E00A6822F031
:10321000070202430A60FFF7CBFE0A4D4FF47A76AD
:103220000446083D07E000BFFFF7C2FE001BB042A6
:1032300001D9012070BD2868C0438004F4D4002067
:1032400070BD00000C48025810B500F04DFF054954
:103250000968054AC1F30211515C01F01F01C84021
:1032600010BD0000204402584C990008494930B56F
:10327000484C0B1D0A68143409681D68246802F064
:103280000303C5F30012C1F30531C4F3CC040029D4
:1032900014FB02F200EE102AF8EE400A75D03F4A05
:1032A0009FED3D1AB7EE000A6BB1DFED3D1A012B21
:1032B00001D0022B64D002EE101A1168F8EE422AF7
:1032C00081EEA22A21E0334C283C23689B0612D5CC
:1032D000344B246801EE901A1168C4F3C104F8EE6F
:1032E000612AE34001EE903AC1F30801F8EE611A59
:1032F00081EEA22A0BE001EE901ADFED2B2A00BF2F
:10330000F8EE611A116882EEA12AC1F3080101EEFC
:10331000901A1168F8EE611A40EE811A71EE800A77
:1033200062EE200AC1F3462101EE101AB8EE411AEE
:1033300031EE001AC0EE811ABCEEE11A80ED001ADF
:103340001168C1F3064101EE101AB8EE411A31EED0
:10335000001AC0EE811ABCEEE11A80ED011A116864
:10336000C1F3066101EE101AB8EE411A31EE000AFF
:1033700080EE801ABCEEC10A80ED020A30BD04E086
:1033800001EE901ADFED092ABAE7002101604160E1
:103390008160F3E72844025800000039384402589D
:1033A0000024744A0090D0030024744C20BCBE4B0F
:1033B000494930B5484C0B1D0A681C3409681D6822
:1033C000246802F00303C5F30022C1F30551C4F3DE
:1033D000CC04002914FB02F200EE102AF8EE400A99
:1033E00075D03F4A9FED3D1AB7EE000A6BB1DFED95
:1033F0003D1A012B01D0022B64D002EE101A116885
:10340000F8EE422A81EEA22A21E0334C283C2368C0
:103410009B0612D5344B246801EE901A1168C4F350
:10342000C104F8EE612AE34001EE903AC1F30801CD
:10343000F8EE611A81EEA22A0BE001EE901ADFEDA0
:103440002B2A00BFF8EE611A116882EEA12AC1F39F
:10345000080101EE901A1168F8EE611A40EE811A27
:1034600071EE800A62EE200AC1F3462101EE101AC5
:10347000B8EE411A31EE001AC0EE811ABCEEE11A24
:1034800080ED001A1168C1F3064101EE101AB8EE82
:10349000411A31EE001AC0EE811ABCEEE11A80ED3D
:1034A000011A1168C1F3066101EE101AB8EE411A53
:1034B00031EE000A80EE801ABCEEC10A80ED020AED
:1034C00030BD04E001EE901ADFED092ABAE70021D1
:1034D000016041608160F3E7284402580000003930
:1034E000404402580024744A0090D0030024744CD5
:1034F00020BCBE4B2DE9FE4F0546DFF800A450F876
:10350000081B0024FD4FC943019005F12800264601
:103510000AF1240A009008011DD4686E50B1B0F57C
:10352000801F0CD0B0F5001F0ED0B0F5401F1ED08C
:1035300001240FE0386840F40030386017E001984B
:10354000022102F0CBFD03E00098022102F056FEBA
:1035500004000CD026462888C043C00523D4A86D9B
:1035600005281ED2DFE800F00C11161B1B006A6E46
:10357000DAF8001021F440111143CAF80010EAE70C
:10358000386840F40030386009E00198002102F00A
:10359000A5FD03E00098002102F030FE0446C4B10E
:1035A00000E0012426462888DFF85083C04308F154
:1035B0002C0840052FD4D5F8A400B0F5C00F28D0B2
:1035C00010DCB8B1B0F5001F19D0B0F5800F0FD1E5
:1035D0001AE0AA6DDAF8001021F007011143CAF8C9
:1035E0000010E0E7B0F5000F13D0B0F5200F10D0B9
:1035F00001240FE0386840F40030386009E0019899
:10360000002102F06BFD03E00098002102F0F6FDBE
:10361000044694B126462888C043000530D4D5F826
:10362000A800B0F1407F29D011DCC0B1B0F1807F9B
:103630001AD0B0F1007F10D11BE0D5F8A420D8F843
:10364000001021F460011143C8F80010E3E7B0F165
:10365000806F13D0B0F1A06F10D001240FE0386854
:1036600040F40030386009E00198002102F036FD96
:1036700003E00098002102F0C1FD044694B1264603
:103680002868DFF878B2C0430BF1200B80011FD40B
:10369000E86CD8B110280FD0202812D0302815D0CF
:1036A000012414E0D5F8A820D8F8001021F0E0613A
:1036B0001143C8F80010E3E7386840F40030386080
:1036C00004E00198022102F009FD044674B1264687
:1036D0002888C043C0042BD4E86DB0F5005F20D02B
:1036E0000DDCA0B1B0F5805F0FD115E0EA6CDBF81E
:1036F000001021F030011143CBF80010E8E7B0F5DD
:10370000405F13D0B0F5804F10D001240FE038682F
:1037100040F40030386009E00198002102F0DEFC3E
:1037200003E00098002102F069FD04468CB12646B2
:103730002888C043800429D4286EB0F5403F23D0A8
:1037400010DC08B3B0F5803F14D0B0F5003F0FD1C6
:1037500015E0EA6DDAF8001021F4E0411143CAF8EF
:103760000010E5E7B0F5802F0ED0B0F5A02F0BD0FC
:1037700001240AE00198012102F0B0FC03E0009866
:10378000012102F03BFD044694B126462888C0433F
:1037900040042AD4D5F8AC00B0F1405F23D010DC4F
:1037A00008B3B0F1805F14D0B0F1005F0FD115E025
:1037B0002A6EDAF8001021F4E0211143CAF8001053
:1037C000E4E7B0F1804F0ED0B0F1A04F0BD0012450
:1037D0000AE00198012102F081FC03E00098012138
:1037E00002F00CFD044674B126462888C04300044C
:1037F0001FD4E86ED8B1B0F1805F0ED0B0F1005F99
:1038000010D0012414E0D5F8AC20D8F8001021F035
:10381000E0411143C8F80010E7E7386840F4003091
:10382000386004E00198012102F058FC044674B1AC
:1038300026462868C043C0011ED4A86CD0B1012818
:103840000ED0022811D0032814D0012413E0EA6E10
:10385000DAF8001021F040511143CAF80010E8E7EF
:10386000386840F40030386004E00198022102F02A
:1038700035FC04466CB126462868C043400255D446
:103880001F48016841F480710160FFF791FB814698
:103890000EE0AA6CDBF8001021F003011143CBF815
:1038A0000010E9E7FFF784FBA0EB090064283BD890
:1038B00013480068C005F5D5BCBBDFF84090B5F8EB
:1038C000B01009F14409D9F8000001F4407100F486
:1038D0004070884211D0D9F80010D9F8002021F4A6
:1038E000407142F48032C9F80020D9F8002022F457
:1038F0008032C9F80020C9F8001003E02C440258B7
:1039000000480258D5F8B000B0F5807F19D1FFF714
:103910004FFB029011E000BFFFF74AFB0299411AEA
:1039200041F28830814208D9032426462878DFF8FE
:103930001494C043C00721D03CE0D9F800008007B0
:10394000EAD5D5F8B010C1F301200328FE480DD008
:10395000016821F47C510160B5F8B020D9F800105D
:10396000C2F30B021143C9F80010DFE7F74A0368FE
:1039700002EA111223F47C511143ECE7A86F1828D6
:1039800016D005DCA0B1082808D0102804D10AE020
:1039900020280DD028280BD001240AE0019801210D
:1039A00002F09CFB03E00098012102F027FC044692
:1039B00064B126462878C04380071ED4686F062865
:1039C00019D2DFE800F0160C11161616AA6FD9F8F6
:1039D000001021F038011143C9F80010EAE70198FE
:1039E000012102F07BFB03E00098012102F006FCBC
:1039F00004467CB100E0012426462878C0434007F5
:103A00001FD4D5F89000062819D2DFE800F0160C74
:103A1000111616166A6FD9F8001021F0070111432C
:103A2000C9F80010E9E70198012102F057FB03E013
:103A30000098012102F0E2FB0446A4B100E0012459
:103A400026462878C04380062BD4D5F88C00B0F1E8
:103A5000405F24D011DC10B3B0F1805F15D0B0F11D
:103A6000005F10D116E0D5F89020D8F8001021F0B2
:103A700007011143C8F80010E3E7B0F1804F0ED002
:103A8000B0F1A04F0BD001240AE00198002102F010
:103A900025FB03E00098022102F0B0FB044694B13C
:103AA00026462878C04340062BD4D5F89800B0F5B8
:103AB000406F24D011DC10B3B0F5806F15D0B0F595
:103AC000006F10D116E0D5F88C20D9F8001021F045
:103AD000E0411143C9F80010E3E7B0F5805F0ED074
:103AE000B0F5A05F0BD001240AE00198002102F09C
:103AF000F5FA03E00098022102F080FB044694B13D
:103B000026462878C04300062BD4D5F89C00B0F593
:103B1000C04F24D011DC10B3B0F5005F15D0B0F564
:103B2000804F10D116E0D5F89820D8F8001021F475
:103B3000E0511143C8F80010E3E7B0F5004F0ED094
:103B4000B0F5204F0BD001240AE00198002102F0CB
:103B5000C5FA03E00098022102F050FB044654B17C
:103B600026462878C04300071ED4D5F88000B0F55B
:103B7000805F0AD00FE0D5F89C20D8F8001021F41F
:103B800060411143C8F80010EBE70098022102F0F1
:103B900035FB00B10126D5F88020D9F8001021F4BA
:103BA00040511143C9F800102878C043C00613D40F
:103BB000D5F89400B0F5807F05D10098022102F07D
:103BC0001DFB00B10126D5F89420D8F8001021F48F
:103BD00040711143C8F800102868C043000316D490
:103BE000D5F8A00038B1B0F5803F09D0B0F5003F5E
:103BF0000BD001240AE00198002102F06FFA03E0E3
:103C00000098022102F0FAFA04468CB12646286890
:103C1000C043400322D4D5F88400B0F5801F11D0F2
:103C2000B0F5001F13D0B0F5401F15D0012414E0EB
:103C3000D5F8A020D8F8001021F440311143C8F87D
:103C40000010E4E7386840F40030386004E0009881
:103C5000012102F0D3FA04465CB126462868C0432D
:103C6000C0031CD4286D70B1B0F5803F10D0012482
:103C700014E0D5F88420D9F8001021F44011114344
:103C8000C9F80010EAE7386840F40030386004E012
:103C90000198022102F022FA0446DCB12646286887
:103CA000C043800005D40098022102F0A7FA00B1B9
:103CB00001262868C04380031BD4E86FB8B1B0F573
:103CC000807F10D0B0F5007F11D0B0F5407F0ED0CE
:103CD00001240DE02A6DDBF8001021F4803111433E
:103CE000CBF80010DBE7386840F4003038607CB374
:103CF00026462868C043C00207D42A6FDAF80010AD
:103D000021F000411143CAF800102868C043800226
:103D100007D4AA6EDAF8001021F080711143CAF8B6
:103D200000102868C043400009D40748016821F406
:103D3000004101600168D5F8B42011430160286892
:103D4000C04306E05444025810440258CFFFFF001D
:103D50001DE007D46A6DDBF8001021F040511143DB
:103D6000CBF800102868C043000208D4D5F888209A
:103D7000D9F8001021F440011143C9F80010287946
:103D80000024C04300F00100204309D00EE0EA6F98
:103D9000D9F8001021F440711143C9F80010A8E7C8
:103DA0000198002102F09AF900B106462879C04333
:103DB00000F00200204305D10198012102F08EF9A4
:103DC00000B106462879C04300F00400204305D125
:103DD0000198022102F082F900B106462879C04319
:103DE00000F00800204305D10098002102F006FAF7
:103DF00000B106462879C04300F01000204305D1E9
:103E00000098012102F0FAF900B106462879C04372
:103E100000F02000044304D10098022102F0EEF9E2
:103E200000B916B10120BDE8FE8F0020FBE70000BD
:103E30002DE9F05F04000F467ED0DFF83882D8F815
:103E4000000000F00F00B8420CD2D8F8001021F0AA
:103E50000F013943C8F80010D8F8000000F00F0037
:103E6000B84269D12078844D40070AD52069296875
:103E700001F07001884204D9296821F070010143E2
:103E8000296020787C4E361D00070AD560693168AC
:103E900001F07001884204D9316821F070010143BA
:103EA00031602078C0060AD5A069316801F4E0616C
:103EB000884204D9316821F4E061014331602078FF
:103EC000DFF8B4B180060BF1080B0CD5E169584658
:103ED000DBF8002002F07002914204D9026822F05F
:103EE00070020A430260207880070AD5E0682968DA
:103EF00001F00F01884204D9296821F00F01014324
:103F000029602078C0073ED05B49A268286818392C
:103F100020F47060104328606068022818D00328DD
:103F200019D00968012819D0490700294ADADFF8B1
:103F300048A1AAF1080A00E044E0DAF8002022F0E3
:103F400007020243CAF80020FFF732F8814612E068
:103F500009688903E9E709688901E6E7C905E4E733
:103F6000FFF726F8A0EB090141F28830814202D91F
:103F70000320BDE8F09F6168DAF8000000F0380027
:103F8000B0EBC10FECD1207880070AD5E068296832
:103F900001F00F01884204D2296821F00F0101438A
:103FA0002960D8F80010404601F00F01B9420BD942
:103FB000016821F00F0139430160006800F00F0033
:103FC000B84201D00120D4E7207840070AD5206903
:103FD000296801F07001884204D2296821F070013B
:103FE00001432960207800070AD56069316801F033
:103FF0007001884204D2316821F0700101433160C0
:104000002078C0060AD5A069316801F4E0618842D1
:1040100004D2316821F4E0610143316020788006E8
:104020000CD5E1695846DBF8002002F0700291429D
:1040300004D2026822F070020A43026000F09AF88B
:104040000E492A682B68C2F3032203F00F038A5C2F
:10405000C95C02F01F0201F01F01D040084A20FA9B
:1040600001F111600749086007480068BDE8F05F8A
:10407000FEF7DABF00200052184402584C9900089D
:10408000300000242C0000242400002470B5144CBF
:104090003F220260124A24680832131D114D04F0B9
:1040A0000704446016681C1D06F470668660166876
:1040B00006F00F06C660126802F0700202611A680C
:1040C00002F0700242611A6802F4E06282612268C2
:1040D00002F07002C261286800F00F00086070BD35
:1040E000104402580020005230B500F043F80B4A4B
:1040F0000B490C4B15681468C5F3032204F00F0438
:104100008A5C095D02F01F0201F01F01D040064ADF
:1041100020FA01F119601060084630BD18440258B9
:104120004C990008300000242C00002400B5FFF753
:10413000DBFF05490968054AC1F30211515C01F032
:104140001F01C84000BD00001C4402584C990008E3
:1041500000B5FFF7C9FF05490968054AC1F3022107
:10416000515C01F01F01C84000BD00001C44025812
:104170004C990008454970B545480968434B103BC8
:1041800011F0380208D00111082A03D0102A0BD0F0
:10419000182A0BD0084670BD19688906FBD5196826
:1041A000C1F3C101C84070BD3A4870BD3749374DB1
:1041B00018310C1D24350A68096826682D6802F03C
:1041C000030406F00102C1F30511C5F3CC0515FB8C
:1041D00002F200EE102AB8EE400AE9B32F4ADFEDF2
:1041E0002E0AB7EE001A6CB1DFED2D1A012C01D0AA
:1041F000022C43D002EE101A1068F8EE422A81EE2B
:10420000A22A1EE01C68A40611D51B6801EE901AB4
:104210001168C3F3C103F8EE612AD84001EE900A99
:10422000C1F30800F8EE611A81EEA22A0BE001EE5C
:10423000901ADFED1C2A00BFF8EE611A106882EEBA
:10424000A12AC0F3080001EE900AF8EE611A40EED0
:10425000201A31EE810A00E015E022EE000A106813
:10426000C0F34620401C00EE900AF8EE600A80EE93
:10427000201ABCEEC10A10EE100A70BD01EE901AB1
:10428000DFED092AD8E7002070BD00001044025875
:104290000090D00340787D0100000039304402587E
:1042A0000024744A0024744C20BCBE4B2DE9F05FFE
:1042B00004007DD0FF4F2078FE4D1837DFF8F483DF
:1042C000103DC00748D0D8F80000396800F0380029
:1042D000102815D0182803D101F0030002280FD0B0
:1042E0006068B0F5803F12D010B1B0F5A02F18D0A3
:1042F000286820F480302860286820F4802009E0B5
:104300002868800328D560680028D2D024E0286877
:1043100040F480302860606888B1FEF749FE0646A8
:1043200009E0286840F480202860F0E7FEF740FEAE
:10433000801B64287ED828688003F7D50CE0FEF740
:1043400037FE064605E000BFFEF732FE801B6428FC
:10435000F0D828688003F7D42078800756D5D8F89D
:104360000000DFF85093396810F03800A9F10C090B
:104370000ED0182801D188070AD0E068A8B32968B0
:1043800021F0190101432960FEF712FE064628E0DC
:104390002868400702D5E06800288AD0E1682868CC
:1043A00020F0190008432860FEF702FE064606E0EA
:1043B000D2E000BFFEF7FCFD801B0228BAD82868B7
:1043C0004007F7D5217CD9F8002022F0FE4242EACE
:1043D0000161C9F8001019E0FEF7EAFD801B022810
:1043E000A8D828684007F7D5ECE7FFE7286820F051
:1043F00001002860FEF7DCFD064604E0FEF7D8FD6C
:10440000801B022896D828684007F7D42078C00679
:1044100046D5D8F80000DFF89C92396800F03800E3
:10442000A9F10409082812D0182805D101F00300C9
:10443000012800E0CEE00AD0E0690028286820D0FA
:1044400040F080002860FEF7B3FD064615E02868BE
:10445000C00502D5E06980287ED194F82010D9F8F3
:10446000002022F07C5242EA0161C9F8001017E0F6
:10447000FEF79EFD801B0228A0D82868C005F7D54E
:10448000EBE720F080002860FEF792FD064604E08E
:10449000FEF78EFD801B022890D82868C005F7D44F
:1044A0002078000729D58348616964300029814656
:1044B000016811D041F001010160FEF779FD064667
:1044C00005E000BFFEF774FD801B022888D8D9F8EC
:1044D00000008007F6D510E021F001010160FEF731
:1044E00067FD064605E000BFFEF762FD801B02285F
:1044F00070D8D9F800008007F6D42078800623D53C
:10450000A0690028286810D040F480502860FEF789
:104510004FFD064605E000BFFEF74AFD801B02285E
:1045200058D828688004F7D50EE020F48050286021
:10453000FEF73EFD064604E0FEF73AFD801B02282A
:1045400048D828688004F7D42078400751D5DFF890
:104550006891D9F8001000E015E141F48071C9F8C4
:104560000010FEF725FD064605E000BFFEF720FD22
:10457000801B64282ED8D9F80000C005F6D54D4E12
:10458000A068603601280AD008B1052813D0306829
:1045900020F001003060306820F0040002E0306854
:1045A00040F001003060A06841F2883A98B1FEF70F
:1045B000FFFC81460AE0306840F004003060EEE71E
:1045C000FEF7F6FCA0EB0901514503D830688007DF
:1045D000F6D50EE072E0FEF7EBFC814606E000BF88
:1045E000FEF7E6FCA0EB0901514567D8306880076B
:1045F000F6D4606A00287CD0DFF8B8A0D8F80010A4
:104600000AF1200A4FF6F87B0AF10408C1F3C2014F
:104610000329AAF104096DD00228286820F08070CF
:10462000286003D0FEF7C4FC044681E0FEF7C0FC1E
:10463000064604E0FEF7BCFC801B022875D82868FB
:104640008001F7D4E26A40F2F331386854F8283F29
:10465000884340EA021018433860217B4FF4FE0C77
:1046600022894FF0FE47208A4902267D521E401EB5
:10467000A1F5007189B2C2F308021143761E0CEA5B
:1046800000400143484607EA06621143CAF8001099
:10469000D9F8001021F00101C9F80010D8F8003055
:1046A000266A23EA0B0343EAC601C8F80010D9F8CA
:1046B000001004E0104402580048025835E0A26996
:1046C00021F00C011143C9F800100168E26921F0E2
:1046D000020111430160016841F480310160016809
:1046E00041F400310160016841F4802101600168FA
:1046F00001E06CE020E041F001010160286840F039
:1047000080702860FEF754FC044604E0FEF750FC7D
:10471000001B022809D828688001F7D557E000BFA0
:10472000FEF746FC001B022802D90320BDE8F09FDB
:1047300028688001F4D44AE039680128DAF80000DA
:1047400021D0A26A01F0030393421CD1E26AC1F3B3
:1047500005118A4217D1216BC0F30802491E8A4213
:1047600011D1616BC0F34622491E91420BD1A16B5E
:10477000C0F30642491E914205D1E16BC0F30660C9
:10478000491E814201D00120D0E7A16C4646D8F8ED
:104790000000C0F3CC00814219D0D9F800004D468A
:1047A00020F00100C9F80000FEF702FC4FEA000704
:1047B000FEF7FEFBB842FBD0A26C306820EA0B008B
:1047C00040EAC2003060286840F001002860002004
:1047D000ACE770477047704710B5040003D094F8F9
:1047E0003D0010B107E0012010BD002084F83C001E
:1047F000204600F022F8022084F83D002068211DA8
:1048000001F0AAFF012084F8480084F83E0084F8F3
:104810003F0084F8400084F8410084F8420084F8A6
:10482000430084F8440084F8450084F8460084F886
:10483000470084F83D00002010BD704790F83D10FF
:10484000012901D0012070471A4A022180F83D1049
:104850000168CB6843F00103CB60006890421AD036
:10486000B0F1804F17D01449884214D013498842C0
:1048700011D0134988420ED0124988420BD01249F8
:10488000884208D01149884205D01149884202D097
:104890001049884207D181680F4A1140062906D085
:1048A000B1F5803F03D0016841F0010101600020B3
:1048B0007047000000000140000400400008004074
:1048C000000C00400004014000180040004001407E
:1048D00000E0004000E400400700010070472DE9BF
:1048E000F041044600680027C6680569A90713D58A
:1048F000B10711D5FA1E0261012121772068806974
:104900008007204602D0FFF7E9FF04E000F08BF8B3
:10491000204600F089F82777680716D5700714D568
:10492000226802206FF004011161207720688069FD
:1049300010F4407F204602D0FFF7D0FF04E000F0E3
:1049400072F8204600F070F82777280715D5300751
:1049500013D5226804206FF00801116120772068C8
:10496000C0698007204602D0FFF7B8FF04E000F0DE
:104970005AF8204600F058F82777E80616D5F006D2
:1049800014D5226808206FF010011161207720688B
:10499000C06910F4407F204602D0FFF79FFF04E07B
:1049A00000F041F8204600F03FF82777E80708D0EC
:1049B000F00706D021686FF001000861204600F082
:1049C00034F8280601D4A80408D5300606D5216895
:1049D0006FF4025008612046FFF7FCFEE80508D599
:1049E000300606D521686FF4807008612046FFF715
:1049F000F0FE680608D5700606D521686FF0400005
:104A00000861204600F018F8A8060AD5B00608D5B7
:104A100021686FF0200008612046BDE8F041FFF7F3
:104A2000DABEBDE8F081704770470068B0F1804F92
:104A300001D1FEF7C3BA7047704730B590F88410C3
:104A4000012918D0012280F884202421C0F8881080
:104A50000022202401680B680D6823F0005325F024
:104A600001050D60426601680B60C0F8884080F85F
:104A70008420104630BD022030BD704770B504461A
:104A800090F8840001281DD0012284F8842024207D
:104A9000C4F8880020680568026822F001020260FC
:104AA0002068826822F060620A438260204601F03A
:104AB000EBFE2268202100201560C4F8881084F8DD
:104AC000840070BD022070BD70B5044690F884006B
:104AD00001281DD0012284F884202420C4F88800F5
:104AE00020680568026822F001020260206882687E
:104AF00022F060420A438260204601F0C5FE22682F
:104B0000202100201560C4F8881084F8840070BD4E
:104B1000022070BD704710B5040003D0D4F888009F
:104B200010B107E0012010BD002084F88400204669
:104B300000F026F82420C4F888002068016821F0DD
:104B400001010160A06A10B1204601F0BFFE2046BD
:104B500002F030F80128E6D02068416821F4904145
:104B600041602068816821F02A0181602068016825
:104B700041F0010101602046BDE8104001F00ABF8C
:104B800070B5B4B0064614212EA8FBF769FDB82114
:104B90006846FBF765FD2D493068884254D10020F6
:104BA0001D9002210546CDE900106846FEF7A2FCE3
:104BB00008B1FCF784FA2648016841F480110160CD
:104BC000006800F48010339021480838016841F0F3
:104BD00002010160016801F002013391016841F0B6
:104BE00008010160006802242EAA00F0080033903A
:104BF00020030E2182E83100CDE9315115482EA95C
:104C0000FEF7C8F82EAA0420082182E83100CDE979
:104C1000315111482EA9FEF7BDF8114841210F4C22
:104C20000215831584E82300C4E903526561204618
:104C3000C4E9065325626562FCF7C0FF08B1FCF7C2
:104C40003EFAC6F88040A66334B070BD0050004004
:104C5000E844025800040258000C0258AC11002429
:104C60001000024030B4D0F88C30202B02D002204B
:104C700030BC7047A9B1A2B10B4D00240368C466D3
:104C8000AB420BD05B681B0208D5046854E8003FB8
:104C900043F0806344E80035002DF6D130BC02F0CB
:104CA00077B90120E4E70000000C00587047704716
:104CB0001CB51D4D1D4C00BF02F0CAFE95F83A0010
:104CC00028BB1B48007810B30020208019481B49DE
:104CD000194A837B01F14C00FBF7DCFD1748B7EE66
:104CE000000AB0F94020B0F93010CDE90012B0F957
:104CF0002030B0F910201249124800F05FFB00206C
:104D000003F03EFCE060012002F03FFFD4E7208882
:104D10009628F4D20A490B48B2EE040AFBF75EFE6D
:104D20002088401C2080EAE7A0260024B40000244C
:104D3000FC000024DC270024A4210024501F0024B0
:104D4000D80F0024A0250024194D1A4C95F83A00DC
:104D500030B91948007818B118488089032813D051
:104D6000E088962808D216491648B2EE040AFBF7E6
:104D700035FEE088401CE080002003F001FCA061CB
:104D8000012002F002FFE1E70020E0800D4840F63C
:104D90009E71B0F90A0000F2CF708842ECD8084941
:104DA000C8220848B7EE000A00F094FBE4E70000D0
:104DB000A0260024B4000024FC000024DC270024EA
:104DC000380F002420250024DFF8AC80284F294E1E
:104DD00008F17005DFF8A490294C3878D0B3002092
:104DE0006080B6F90A0040F69E7100F2CF708842EA
:104DF00012D898ED020A2048B9F906107030B1EEC9
:104E0000400A00F091F801221A48D5ED030A95ED09
:104E1000010A114600F086FBB6F93A00B0F5FA6FC8
:104E200010DA1548B9F90410703098ED000A00F056
:104E3000ADF8104802220521D5ED020A95ED000AD1
:104E400000F094FB002003F09BFB2061012002F0A6
:104E50009CFEC2E7FFE760889628F3D2094905481F
:104E6000B2EE040AFBF7BAFD6088401C6080E9E7F7
:104E7000FC000024A0250024441F0024DC2700247B
:104E8000B4000024D80F00241A4D1B4C08B500BFF5
:104E900095F83A0008BB19480078F0B10020A080CE
:104EA0001748B1EE040A817A164801F059FB1548FB
:104EB000B7EE000AB0F90A100091B0F90830B0F965
:104EC00006201149114800F073FB002003F058FB45
:104ED0006061012002F059FEDAE7A0889628F4D23A
:104EE00009490A48B2EE040AFBF778FDA088401C85
:104EF000A080EAE7A0260024B4000024FC000024DF
:104F0000DC270024C41F0024380F0024202500249F
:104F1000044C002003F034FBA060012002F035FEB9
:104F2000F7E70000B400002410B59FED132ADFED71
:104F3000131A9FED131ADFED130A04462DED028BB1
:104F4000B0EE408A00EE101AB8EEC00A00F0FDFD87
:104F5000D4ED010A00209FED0C1A30EEC00AFAEEE3
:104F6000040A84ED010A00F0BDFD84ED010A84ED20
:104F7000038ABDEC028B10BDCDCCCC3DCDCCCCBDDD
:104F800000001644000016C40000204210B59FED3A
:104F9000132ADFED131A9FED131ADFED130A0446EF
:104FA0002DED028BB0EE408A00EE101AB8EEC00A6A
:104FB00000F0CBFDD4ED000A01209FED0C1A30EE7D
:104FC000C00ADFED0B0A84ED000A00F08BFD84EDD2
:104FD000000A84ED028ABDEC028B10BDCDCCCC3D25
:104FE000CDCCCCBD00001644000016C400003443F4
:104FF000000034C370B50446C0889FED280A00EE57
:10500000900A274DF8EE600A70EEC00AFDEEE00A45
:1050100010EE900A2880A08800EE900AF8EE600A50
:1050200070EEC00AFDEEE00A10EE900A688020885B
:1050300000EE900AF8EE600A70EEC00AFDEEE00A9B
:1050400010EE900AA880608800EE900AF8EE600AE0
:1050500030EEC00ABDEEC00A10EE100AE88060898A
:1050600001F09EFA2881A08901F09AFA68812089CE
:1050700001F096FAA881E089241D01F091FAE881F7
:10508000A0892882E0896882207F2875607F687502
:10509000E07FE875A07FA87570BD0000000078442F
:1050A000DC270024002003F06BFA0F4D0026686017
:1050B00064202E7003F08EFB0C4F4FF00108387AFD
:1050C000C4B2387AA04207D00328044601D02E701B
:1050D00004E085F8008002E0032800D02E70322022
:1050E00003F078FBEDE70000FC000024DC2700243F
:1050F000FEE7030A0B70107070470000094808B5FE
:10510000016841F00101016000680022052100F002
:10511000010000900B20FEF73BF8BDE808400B2093
:10512000FEF728B8D84402581A4800222DE9F04169
:10513000174E012582604FF0140C06600626C260EF
:105140000224057411274274042185740823C0E9E0
:10515000056C0D26C761C0E90845C0E90A4604632D
:10516000C0E90D21C0E90F13C0E91113C0E9131400
:10517000C0E91513C3650366C0E91921FDF798FB63
:10518000002803D0BDE8F041FBF799BFBDE8F081EE
:1051900000A00040380F00241B4800232DE9F041F7
:1051A000184E012583604FF0140C06600224C36082
:1051B0000626057411274374042185740822C0E96A
:1051C000056CC0E90774C0E9095440F20647C0E91C
:1051D0000D71C0E90F120D26C0E91112C0E90B6470
:1051E000C0E91314C0E91512C2650266C0E919319D
:1051F000FDF75EFB002803D0BDE8F041FBF75FBF81
:10520000BDE8F08100A40040D80F00241B48002313
:105210002DE9F041184E012583604FF0140C066013
:105220000224C36006260574112743740421857483
:105230000822C0E9056CC0E90774C0E9095440F6CA
:105240001207C0E90D71C0E90F120D26C0E9111255
:10525000C0E90B64C0E91314C0E91512C265026607
:10526000C0E91931FDF724FB002803D0BDE8F04167
:10527000FBF725BFBDE8F08100D400407810002482
:105280001A4A00211A4810B502F0BCFC194C002142
:10529000164A24322060184802F0B4FC134A002158
:1052A00060601648483202F0ADFC104A0021A06050
:1052B00013486C3202F0A6FC0C4A0021E060114851
:1052C000903202F09FFC094A002120610E48B4325E
:1052D00002F098FC054A002160610C48D83202F0C7
:1052E00091FCA061BDE8104001F0A6BAC497000887
:1052F0009965000800000024B14C0008494D0008E1
:10530000C94D0008894E0008A550000885630008B3
:105310000D4808B5016841F080010160016801F0A5
:1053200080010091016841F002010160016801F013
:1053300002010091016841F008010160006800F07D
:105340000800009008BD0000E04402581848002101
:105350002DE9F041154A0C24C0E90541C161016203
:105360009514144B561441621715816280E8EC00C5
:10537000FFF7D1FB08B1FBF7A2FE0D480021FFF7B4
:10538000A3FB08B1FBF79BFE09480021FFF776FB62
:1053900008B1FBF794FE0648FFF74FFB002803D047
:1053A000BDE8F041FBF78BBEBDE8F0810050004046
:1053B00018110024A0860100FEE7000070B5044625
:1053C0000E461D462DED048BF0EE408A82B0B0F9FA
:1053D0003800B4F93A1000EE900A00EE101A3B497A
:1053E000B8EEE01AF8EEC00A00EE102A9DED0B8A26
:1053F0009DED0A9AF0EE681AB8EEC00AA1F13400E9
:1054000000F046FDBDEEC00AF0EE681A10EE100A7C
:10541000ADF80600B4F92800B4F92A1000EE900A9D
:1054200000EE101A2949B8EEE01AF8EEC00A00EEB4
:10543000105A6831A1F13400B8EEC00A00F028FD1E
:10544000BDEEC00AF0EE681A10EE100AADF80400C6
:10545000B4F90A10B4F9080000EE101A00EE900A30
:105460001A49B8EEE01AD031F8EEC00AB8EEC90A0F
:10547000A1F1340000F00CFDBDEEC00AF0EE681A98
:1054800010EE100AADF80000B4F91800B4F91A10C3
:1054900000EE900A00EE101A0D49B8EEE01AF8EE90
:1054A000C00AB8EEC80AA1F1340000F0F1FCBDEE6C
:1054B000C00A01216A4610EE100AADF8020030461B
:1054C000FBF7C0FD02B0BDEC048B70BD382000249A
:1054D000702100241CB50C46B0F90810B0F90A0080
:1054E00001EE101AF0EE401A00EE900A00EE102ABB
:1054F0000B49B8EEC11AF8EEE00AB8EEC00AA1F105
:10550000340000F0C5FCBDEEC00A01216A4610EE71
:10551000100AADF800002046FBF794FD1CBD00000A
:105520009424002410B50C460E49B0EE601A00EB2E
:105530000410DFED0B1A30F9080C00EE900AA1F10F
:105540003400F8EEE00A00F0A3FCBDEEC00A2146EC
:10555000BDE8104010EE100A02B20348FBF78FBD01
:10556000CDCCCC3DF4220024D80F002410B50C463D
:105570002DED028BB0EE608AB7EEC00A00F048FB5A
:10558000F7EEC00B0848B0EE480A00F0F5FCBDEE9F
:10559000C00ABDEC028B214610EE100ABDE8104097
:1055A00002B20248FBF76BBDD8210024D80F0024BB
:1055B00070B504460E461D462DED028BF0EE408A76
:1055C000B0F9080082B0B4F90A1000EE900A00EEBB
:1055D000101A2E49B8EEE01AF8EEC00A00EE102AB2
:1055E0009DED088AF0EE681AB8EEC00AA1F1340009
:1055F00000F04EFCBDEEC00AF0EE681A10EE100A84
:10560000ADF80000B4F91800B4F91A1000EE900AD1
:1056100000EE101A1D49B8EEE01AF8EEC00A00EECE
:10562000105A6831A1F13400B8EEC00A00F030FC25
:10563000BDEEC00AF0EE681A10EE100AADF80200D6
:10564000B4F92A10B4F9280000EE101A00EE900AFE
:105650000E49B8EEE01AD031F8EEC00AB8EEC80A2A
:10566000A1F1340000F014FCBDEEC00A00216A462E
:1056700010EE100AADF804003046ADF80610012116
:10568000FBF7E0FC02B0BDEC028B70BD5C23002494
:1056900010B5B1EE043AF9EE042A2DED0C8BDFEDD6
:1056A000E78AB0EE682A9FEDE69AF0EE491A9FED80
:1056B000E58AE548B0EE080AB0EE481AF0EE480A6E
:1056C00000F0F8FC9FEDE1AAB0EE4A3ADFEDE0AA67
:1056D000B0EE682AF0EE491AF0EE6A2AB0EE481AE7
:1056E000DFEDDC9AF0EE690A9FEDDBBAD648343084
:1056F000B0EE4B0A00F0DEFCDFEDD8BAB0EE6B3A4C
:105700009FEDD7CAF0EE4C2ADFEDD6CAB0EE6C2A78
:105710009FEDD5DAB0EE481AF0EE4D1ADFEDD3DA90
:10572000C948B3EE0E0A6830F0EE6D0A00F0C2FC14
:10573000C548B0EE4A3A9C30F0EE6A2AB0EE682ACC
:10574000F0EE491AB0EE481AF0EE690AB0EE4B0AD4
:1057500000F0B0FCBC48B0EE6B3AD030F0EE4C2A12
:10576000B0EE6C2AF0EE4D1AB0EE481AF0EE6D0A6B
:10577000B3EE0E0A00F09EFCBD48B0EE4A3AF0EEE1
:105780006A2AB0EE682AF0EE491AB0EE481AF0EE36
:10579000690AB0EE4B0A00F08DFCB548B0EE6B3AEA
:1057A0003430F0EE4C2AB0EE6C2AF0EE4D1AB0EE2A
:1057B000481AF0EE6D0AB3EE0E0A00F07BFCAC481E
:1057C000B0EE4A3A6830F0EE6A2AB0EE682AF0EE9F
:1057D000491AB0EE481AF0EE690AB0EE4B0A00F032
:1057E00069FCA348B0EE6B3A9C30F0EE4C2AB0EE68
:1057F0006C2AF0EE4D1AB0EE481AF0EE6D0AB3EED8
:105800000E0A00F057FCB6EE083AFEEE082AB7EE94
:10581000082AFFEE081A9FED971ADFED970A9448C1
:10582000B0EE690AD03000F045FCF2EE043ABAEE70
:10583000043AF0EE682AB0EE492AF0EE481A9FEDDD
:105840008F1AF0EE690A9FED8E0A8E4800F008FC70
:105850008C48B2EE043A4030FAEE042AB0EE682AE0
:10586000F0EE491AB0EE481AF0EE480AB1EE040A1A
:1058700000F020FCB2EE043AFAEE042A9FED822AF0
:10588000DFED821AB0EE481AF0EE480A9FED800A6A
:105890007C48743000F00EFC7A48F2EE043AA830EE
:1058A000BAEE043AF0EE682AB0EE492AF7EE001A92
:1058B000B0EE481AF0EE480AB0EE080A00F0D0FB4D
:1058C000B2EE043AFAEE042A9FED722ADFED721A64
:1058D0006C48B0EE481AE830F0EE480AB7EE000A1D
:1058E00000F0E8FBB2EE043AFAEE042ADFED6B9A20
:1058F000B0EE692A9FED6AAAB0EE481AF0EE480AA7
:10590000F0EE4A1A9FED670A674800F0D3FB66483D
:10591000B2EE043A3430FAEE042AB0EE682AF0EE21
:10592000491AB0EE481AF0EE480AB7EE000A00F045
:10593000C1FBB2EE043AFAEE042ADFED5CAAB0EE47
:105940006A2A9FED5BBA5848B0EE481A6830F0EE0C
:105950004B1AF0EE480AB3EE0E0A00F0ABFB5248C9
:10596000B2EE043A9C30FAEE042AB0EE682AF0EE69
:10597000491AB0EE481AF0EE480AB7EE000A00F0F5
:1059800099FB4948B2EE043AD030FAEE042AB0EE60
:105990006A2AF0EE4B1AB0EE481AF0EE480AB3EE5F
:1059A0000E0A00F087FB4348B2EE043AFAEE042AEE
:1059B000B0EE682AF0EE491AB0EE481AF0EE480A46
:1059C000B7EE000A00F076FB3A48B2EE043A343003
:1059D000FAEE042AB0EE6A2AF0EE4B1AB0EE481A3C
:1059E000F0EE480AB3EE0E0A00F064FB3148B2EE66
:1059F000043A6830FAEE042AB0EE692AF0EE4A1A48
:105A0000B0EE481AF0EE480AB7EE000A00F052FB7A
:105A1000B0EE6A2AF0EE4B1AB0EE481AF0EE480AE1
:105A2000BDEC0C8BB2EE043AFAEE042AB3EE0E0A89
:105A30002048BDE810409C3000F03CBB0000804690
:105A4000000080C600000000D01F00240000FA45BE
:105A50000000FAC5CDCC4C3D9A99993F00401C45B9
:105A600000401CC500409C4500409CC5CDCCCC3DB1
:105A7000D42000249A99193E6F12033B0000204263
:105A800000803B44D821002400007A4400007AC4FE
:105A9000000048430000FA440000FAC40080BB4400
:105AA0000080BBC400009643F422002400401C4642
:105AB00000401CC6F8230024B7EEC00A9FED052B5A
:105AC0009FED061B20EE020B80EE012BB7EEC20B02
:105AD00070470000182D4454FB21094000000000CD
:105AE0000080664010B52DED028BB0EE608A71EE3D
:105AF000488AF5EEC08AF1EE10FA1BD9A8B130EE53
:105B0000480AB7EEE81AB7EEC00A01F061FBB7EE3B
:105B1000C00BB5EEC00AF1EE10FA01D230EE280A41
:105B200030EE080ABDEC028B10BDB4EEC80AF1EEEF
:105B300010FA02D2B0EE480AF4E7B4EEC10AF1EE70
:105B400010FAEFDDB0EE410AECE7F4EE410AF1EEB7
:105B500010FA06D131EE820AF6EE000A20EE200A93
:105B6000704730EE600A71EE602A32EE611AC0EEC4
:105B7000220AB0EE610A00EE810A70471D494A69A7
:105B800062B101EE100A00224A6181ED080BB8EE05
:105B9000412B80EE021BB0EE410B29E091ED081B7A
:105BA0009FED152B30EE411BB4EEC21BF1EE10FA47
:105BB00002DD0A69521E08E09FED112BB4EEC21BF4
:105BC000F1EE10FA02D20A69521C0A6101EE100AC3
:105BD00081ED080B9FED0C3BB8EE412B91ED041AC3
:105BE000B8EEC14BB0EE401B04EE031B81EE020B7E
:105BF00000F00EB8D00000240000000000806640D5
:105C000000000000008066C00000000000807640B8
:105C100010B52DED028B9FED0D8BB0EE481B01F002
:105C2000D7FA9FED0C1BB4EEC10BF1EE10FA01DDBB
:105C300030EE480B9FED091BB4EEC10BF1EE10FAEC
:105C400001D830EE080BBDEC028B10BD0000000047
:105C500000807640000000000080664000000000E8
:105C6000008066C0FEE7000030EEC00A08499FEDE4
:105C7000091A10EE100A884202DD30EE410A704720
:105C800010EE100A04498842F9D930EE010A704733
:105C9000000034430000B443000034C3F0EE400A77
:105CA00090ED070AD0ED001A90ED0B1A30EE200AA5
:105CB00021EEA02A80ED070AB4EEC10AF1EE10FA37
:105CC00006DC90ED0A1AB4EEC10AF1EE10FA01D228
:105CD00080ED071AD0ED011A90ED073AD0ED062AB3
:105CE00090ED020A61EE831A70EEE22A90ED091A35
:105CF00072EE211A20EE220A31EE800AB4EEC01AAA
:105D0000F1EE10FA06D390ED081AB4EEC01AF1EED7
:105D100010FA01DDB0EE410AC0ED060A80ED0C0A72
:105D20007047000010B530EEC00A2DED028B9FEDDC
:105D30000C8AF0EE480A01F0C9FA10EE100A09497F
:105D4000884204DD30EE480ABDEC028B10BD10EE37
:105D5000100A05498842F7D330EE080AF4E700003C
:105D60000000B44300003443000034C390ED071A30
:105D7000C0ED030A70EEC00A80ED040A90ED0B0A34
:105D8000C0ED050A31EE201A80ED071AB4EEC01AF4
:105D9000F1EE10FA01DD80ED070A90ED071A90EDA3
:105DA0000A0AB4EEC01AF1EE10FA01D280ED070A29
:105DB000D0ED002A90ED012AD0ED071A90ED063AB9
:105DC00062EEA02A22EE212A30EEC33A90ED021AAA
:105DD00090ED090A32EE822A23EE011A32EE011A00
:105DE000B4EEC10AF1EE10FA06D390ED080AB4EE53
:105DF000C10AF1EE10FA02DD80ED0C0A03E080ED3D
:105E00000C1A90ED0C0AB4EE410AF1EE10FA03D030
:105E100031EEE01A80ED071AC0ED060A7047000067
:105E200010B504462DED048BB0EE609ADFED178AB5
:105E3000F0EE680A01F04AFAB0EE408AB5EEC08A88
:105E4000F1EE10FA01D238EE288AF0EE680AB0EED0
:105E5000490A01F03BFAF0EE400AF5EEC00AF1EE15
:105E600010FA01D270EEA80A84ED048AB0EE480A56
:105E7000C4ED030AFFF756FF84ED050A2046BDEC8A
:105E8000048BBDE81040FFF709BF00000000B443D9
:105E9000B0EE414AF0EE404AF0EE605AB0EE615A80
:105EA000F0EE640AB0EE440A0246084600B5FFF779
:105EB0005DFF74EE640AF0EE403A9FED0A0AF0EEE0
:105EC000E00AF4EEC50AF1EE10FA06DDF0EE630A20
:105ED000B0EE650A1046FFF749FFC1ED0C3A82EDBE
:105EE0000C0A00BD00000000B0EE401A90ED050A5B
:105EF00090ED002AD0ED0D1A30EE010A22EE012AB3
:105F000080ED050AB4EEE10AF1EE10FA06DCD0ED00
:105F10000E1AB4EEE10AF1EE10FA01D2C0ED051A44
:105F200090ED010AD0ED053A90ED063AD0ED022A47
:105F300020EE230A31EE433AD0ED0B1A32EE000A7E
:105F400062EE832A30EE220A30EE200AF4EEC01A06
:105F5000F1EE10FA02D2B0EE610A08E0D0ED0C0AC0
:105F6000F4EEC00AF1EE10FA01DDB0EE600A80ED49
:105F7000061A80ED090A70472DE9F04104002DED65
:105F8000048BB0EE609AF0EE408A22D094F83C0088
:105F900028B394ED0A0AF0EE490AFFF765FED4ED46
:105FA000030A2A4D9FED2A8A20EE800AF0EE480A65
:105FB00085ED000AB0EE680A01F088F910EE100ACB
:105FC000244E254FB04284ED080A0BDB30EE480A20
:105FD0000EE09FED220ABDEC048BBDE8F08194ED4C
:105FE000090AF8E710EE100AB84203D930EE080AA1
:105FF00084ED080AF0EE480AB0EE490A01F066F9AD
:1060000010EE100A84ED070AB04202DB30EE480AB7
:1060100005E010EE100AB84203D930EE080A84ED0C
:10602000070AF0EE400A94ED080AFFF71DFE84ED22
:10603000040AD4ED070A2046C4ED0A0AD5ED000A89
:10604000BDEC048BBDE8F041FFF74EBFF800002423
:106050000000B44300003443000034C300000000DB
:10606000010000B50ED081ED0C2AC1ED0B2A81EDA7
:106070000E3AC1ED0D3A81EC040A00F005F801205A
:1060800081F83C0000BD000000280FD09FED080AF9
:1060900080ED040A80ED050A80ED060A80ED0A0A0B
:1060A00080ED070A80ED080A80ED090A70470000BC
:1060B00000000000DFED083AC0ED033AC0ED043AFD
:1060C000C0ED053AC0ED063AC0ED073A80EC030A90
:1060D0002030C0EC051A7047000000002DE9F047A1
:1060E000454D044689464FF0000A2868C0438007A2
:1060F0000AD0414E283E306820F080603060FCF7C6
:1061000057FF0746B04608E00120BDE8F08700BF12
:10611000FCF74EFFC01B022867D8D8F8000000012A
:10612000F6D4206829684FF4FE0721F47C313E0242
:1061300041EA00302860207AA389B4F804C0400204
:106140002D4D2D495B1E227CACF1010C1035091D33
:10615000A0F5007080B2521ECCF3080C07EA03438E
:1061600040EA0C00184306EA0262104328600868FF
:10617000626920F0C000104308600A68A06922F03C
:10618000200202430A60281D0A6822F010020A60F9
:1061900002684FF6F873E4699A4342EAC402026067
:1061A0000868B9F1000F40F010020A6011D00868C9
:1061B000B9F1010F11D040F400100860D8F80000C8
:1061C000444640F08060C8F80000FCF7F1FE054648
:1061D0000DE0086840F40020EFE740F48010ECE7A1
:1061E000FCF7E6FE401B022801D903208DE720685A
:1061F0000001F5D5504688E7284402582DE9F047BC
:10620000454D044689464FF0000A2868C043800780
:106210000AD0414E283E306820F080503060FCF7B4
:10622000C7FE0746B04608E00120BDE8F08700BF82
:10623000FCF7BEFEC01B022867D8D8F8000080001B
:10624000F6D4208829684FF4FE0721F07C713E02C5
:1062500041EA00502860207AA389B4F804C04002C3
:106260002D4D2D495B1E227CACF1010C1835091D0A
:10627000A0F5007080B2521ECCF3080C07EA03436D
:1062800040EA0C00184306EA0262104328600868DE
:10629000626920F44060104308600A68A06922F433
:1062A000007202430A60281D0A6822F480720A60A4
:1062B00002684FF6F873E4699A4342EAC402026046
:1062C0000868B9F1000F40F480720A6011D00868C4
:1062D000B9F1010F11D040F080700860D8F80000CB
:1062E000444640F08050C8F80000FCF761FE0546C7
:1062F0000DE0086840F48000EFE740F40000ECE7B0
:10630000FCF756FE401B022801D903208DE72068C8
:106310008000F5D5504688E72844025810EE100A50
:106320000649884202DB9FED060A704710EE100A0C
:1063300004498842F9D39FED040A704700FEFF46E6
:1063400000FEFF4600FEFFC600FEFFC60B490C48DC
:106350008A8C0280CA8C42800A8D82804A8DC280DB
:106360008A8D0281CA8D42810A8E82814A8EC281C3
:106370008A8E0282C98E418270470000A0260024C6
:10638000DC270024054C002002F0FAF8A06000F0A1
:10639000C1F8012001F0F9FBF5E70000FC00002442
:1063A0004C4930B4B0F80120C2F30A0221F8042BA2
:1063B0008278C378D20842EA4312C2F30A0221F873
:1063C000022CC27803794479920942EA830242EAB4
:1063D0008422C2F30A020A8042798379520842EA8F
:1063E000C312C2F30A024A808279C379120942EACF
:1063F0000312C2F30A028A80C279037A447AD2096C
:1064000042EA430242EA4422C2F30A02CA80427AC2
:10641000837A920842EA8312C2F30A020A81827ADC
:10642000C37A520942EAC3024A818289C2F30A024C
:106430008A81427B837BD20842EA4312C2F30A027A
:10644000CA81827BC37B047C920942EA830242EACE
:106450008422C2F30A020A82027C437C520842EA86
:10646000C312C2F30A024A82427C837C120942EAC6
:106470000312C2F30A028A82827CC37C047DD209A1
:1064800042EA430242EA4422C2F30A02CA82027D7D
:10649000437D920842EA8312C2F30A020A83427DD4
:1064A000837D520942EAC3024A83C27D02F001029F
:1064B0000A77C27DC2F340024A77C27DC2F38002EE
:1064C0008A77C07DC0F3C000C87730BC0148FEF7B2
:1064D00091BD0000282800240C4910B5044608602E
:1064E0002C210B48FAF7BCF8094832213438FAF766
:1064F000B7F82068016841F01001016004493222B8
:106500002046BDE810403439FEF7ACBB0C01002436
:106510002828002410B5114C94F8240028B9FCF761
:1065200047FDA16A401A052812D90C4900203439C8
:106530000A5C0F2A02D10A18127E52B1401C80B2A6
:106540001928F5D9002084F82400FCF731FDA06259
:1065500010BD0844FFF724FFF4E7000028280024BA
:1065600010B50329044604D00020E080208160811A
:1065700010BDDFED080AC4ED000A01F027FABCEEF9
:10658000C00A10EE100AA0804142E18021816181A1
:1065900010BD00008FC2F53C012001F0F6FAFBE7C8
:1065A000A0F1AD01272901D201207047A0F2CD3121
:1065B000272901D202207047A0F2ED602728FAD2E5
:1065C000032070474FF0E02010B5006902F08AFD0B
:1065D000012803D0BDE8104002F0A4BA10BD0000AD
:1065E00070B59CB04C216846FAF73AF8202113A800
:1065F000FAF736F80220FCF7FDFD1D48016821F48A
:10660000404101600168002501F440411B9101688F
:106610008904FCD540240220009001221E23CDE9EC
:10662000032404210D92CDE90B13CDE909050C26B5
:106630001295CDE90E10CDE910656846FDF736FEDE
:1066400008B172B6FEE708221A94CDE91624D301E8
:1066500013AA3F200321CDE9184382E8230013A8A1
:10666000FDF7E6FB002801D072B6FEE71CB070BD56
:10667000184802582D48F0B52D4A016841F47001C0
:106680000160106800F00F00072804D2106820F0A5
:106690000F00C01D106027490020264C10340B68E5
:1066A000254D43F001030B6020600B682B400B600D
:1066B000136803F00F03072B04D9136823F00F03AB
:1066C000DB1D13601B4C1D4A18341D4B261D371D46
:1066D0002060184C1B4D28343060261D3860371D53
:1066E00023603B1D35601C1D3A60251D2E1D186062
:1066F000331D22602860326018600B680D4A0D4C13
:1067000023F48023D4320B60603420601068C0040E
:106710000BD4136843F2D2000B4943F48053136047
:106720000860106820F480501060F0BD88ED00E033
:1067300000200052004402587FEDF6EA8002010179
:10674000000202020000FF01004000520148FEF773
:10675000C6B80000241200242DE9F0472C4B4FF05E
:10676000804A2C4D026898422B4E2C4F2C4C09D05D
:10677000504507D0A84205D0B04203D0B84201D05E
:10678000A04205D1D1F804C022F070024CEA020206
:10679000DFF890C0DFF890809842DFF8909015D035
:1067A000504513D0A84211D0B0420FD0B8420DD0FE
:1067B000A0420BD0604509D0404507D0484505D0E0
:1067C0001B4DA84202D01B4DA84203D1CD6822F434
:1067D00040722A438E684D6922F08002C6620E68BC
:1067E0002A439842866207D0A04205D0604503D074
:1067F000404501D0484501D1096901630368012181
:1068000043F00403036041610260BDE8F0870000CB
:10681000000001400004004000080040000C00405F
:106820000004014000400140004401400048014094
:1068300000E0004000E4004070B5094C00252068ED
:1068400010B101F0EDFF2560064C206810B101F099
:10685000E7FF256004480549007A487070BD0000D4
:106860000C00002410000024DC270024FC0000247D
:1068700010B501F0CFF8FEF70BFFBDE8104001485E
:10688000FFF72ABE1811002430B5416EB9B1016876
:106890000D4B03F108048A688968C2F34262490F0C
:1068A0005D5C615C2D01B5FBF1F1A0F86A10995CAB
:1068B000A25C0901B1FBF2F1A0F8681030BD012122
:1068C000A0F86A10F8E700003C99000890F828103A
:1068D000090706D50168836B4A6822F400421A430F
:1068E0004A6090F82810C90706D00168C36A4A6850
:1068F00022F400321A434A6090F82810890706D51E
:106900000168036B4A6822F480321A434A6090F8A7
:106910002810490706D50168436B4A6822F4802293
:106920001A434A6090F82810C90606D50168C36B5F
:106930008A6822F480521A438A6090F828108906E7
:1069400006D50168036C8A6822F400521A438A60F3
:1069500090F82810490611D50168436C4A6822F462
:1069600080121A434A60416CB1F5801F06D101685C
:10697000836C4A6822F4C0021A434A6090F82810D7
:10698000090606D50168C26C486820F4002010434F
:10699000486070472DE9F84300250446C0F8905040
:1069A000FCF706FB8046206820266FF07E470068D3
:1069B000000713D50022434631042046009700F01B
:1069C0003BFB58B1216851E8000F20F0800041E8FE
:1069D0000002002AF6D1C4F8886021E0206800682F
:1069E000400722D5002243464FF4800120460097FD
:1069F00000F022FBC8B1206850E8001F21F490711C
:106A000040E80012002AF6D12068083050E8001F44
:106A100021F0010140E80012002AF5D1C4F88C6091
:106A2000032084F88450BDE8F883C4F88860C4F873
:106A30008C60E5662567002084F88450F3E770B524
:106A4000846B00252168D4F88800D4F88C608968AC
:106A5000090606D5212804D1A4F85650204600F096
:106A600091F820688068400606D5222E04D1A4F84B
:106A70005E50204600F05CF8D4F8900040F0100022
:106A8000C4F890002046FEF745F870BD10B5C16906
:106A90000022806BB1F5807F2DD0A0F85E200368C6
:106AA00053E8001F21F4807143E80014002CF6D154
:106AB0000168083151E8003F23F0010341E8003448
:106AC000002CF5D10168083151E8003F23F0400364
:106AD00041E80034002CF5D12021C0F88C10C16EA3
:106AE000012908D1016851E8003F23F0100341E873
:106AF0000034002CF6D10267C16E012902D0FEF7E6
:106B0000D5F810BDB0F85C10FDF7B7FF10BD10B59B
:106B1000806B01210167C16E012902D0FEF7C7F821
:106B200010BDB0F85C104908FDF7A7FF10BD0000CC
:106B300010B5026852E8001F21F4907142E800137A
:106B4000002BF6D10E4B0268083252E8001F1940A4
:106B500042E80014002CF6D1C16E012908D1026868
:106B600052E8001F21F0100142E80013002BF6D17B
:106B700000212022C0F88C20C166416710BD0000B2
:106B8000FEFFFFEF026852E8001F21F0C00142E85B
:106B90000013002BF6D10168083151E8002F22F4D0
:106BA000000241E80023002BF5D12021C0F8881015
:106BB000704700002DE9F04304468068E24E87B03C
:106BC000E24B2168D4E90427D4F81CC010430A68BA
:106BD000002547EA0C073843324002430A60206828
:106BE000E268416821F44051114341602268A16983
:106BF0009A4201D0206A01439668DFF854C3D54F0A
:106C0000D54806EA0C060E4396602168666ACA6A91
:106C100022F00F023243CA622268BA420ED10068E3
:106C200000F0380018286FD07ADCB8B308286CD090
:106C300010286BD18BE0282868D18EE0C7498A42A2
:106C400009D1006800F0070006285FD2DFE800F0F5
:106C5000507D7F818385C2498A4209D1006800F056
:106C6000070006287BD2DFE800F043707274767864
:106C7000BC498A4209D1006800F0070006286ED29C
:106C8000DFE800F036636567696BB7498A420BD16C
:106C9000006800F00700062861D200E043E0DFE86A
:106CA00000F0275456585A5CB0498A4206D1006811
:106CB00000F0380018284CD0B7DD31E0AC498A42EA
:106CC00009D1006800F00700062848D2DFE800F08C
:106CD000103D3F414345A7498A420BD1006800F06F
:106CE000070006283BD2DFE800F0033032343638A4
:106CF000002035E0A0498A4209D1006800F0380040
:106D0000182826D091DD0BE023E01EE027E09B4908
:106D10008A420AD1006800F03800182819D084DDB2
:106D2000202888D11CE001201AE09A4217D18A4815
:106D3000001D006800F00700062810D2DFE800F010
:106D4000030507090B0D02200AE0042008E00820D3
:106D500006E0102004E0202002E0402000E0802037
:106D60008749DFF820829A42874A4FF400434FEA6E
:106D700021174FF000064ED110281AD006DC022849
:106D800009D004280BD008287ED10DE020283ED061
:106D9000402879D13DE0FCF757FA014610E06846FB
:106DA000FCF764FA01990BE003A8FCF701FB0499D6
:106DB00006E01068800605D51068C0F3C100C14028
:106DC000002970D0606A676838F8102007EB470325
:106DD000B1FBF2F0834257D8B0EB073F54D8002301
:106DE00008461946F9F746FB02467808130E1202C8
:106DF00043EA012110183A4671410023F9F73AFBA2
:106E0000624AA0F5407191423ED821688FE0394630
:106E1000D8E71946D6E7D4F81CC04FF6EF799C4561
:106E200046D1082819D005DC58B101280CD0042817
:106E300075D10DE0102815D0202835D040286ED10E
:106E400034E0FDF773F901E0FDF782F9014610E047
:106E50006846FCF70BFA01990BE003A8FCF7A8FAC7
:106E6000049906E01068800604D51068C0F3C100DC
:106E7000C140C1B1636A606838F81330B1FBF3F107
:106E8000490001EB500100E049E0B1FBF0F0A0F156
:106E90001001494543D84FF6F0732168C0F3420210
:106EA0001840104343E043E03946E3E71946E1E781
:106EB000082819D005DC58B101280CD004282ED19F
:106EC0000DE0102815D020282BD0402827D12AE00B
:106ED000FDF72CF901E0FDF73BF9014610E06846AB
:106EE000FCF7C4F901990BE003A8FCF761FA0499D7
:106EF00006E01068800604D51068C0F3C100C140E8
:106F0000B1B1636A606838F81330B1FBF3F101EB9B
:106F10005001B1FBF0F0A0F11001494505D9012560
:106F200006E03946EDE71946EBE7216880B2C86014
:106F30000120A4F86A00A4F8680028466667A667DE
:106F400007B0BDE8F0830000F369FFCF000C0058E4
:106F5000FFF4FF1100100140544402580044004067
:106F600000480040004C0040005000400014014028
:106F700000780040007C004000180140001C0140E7
:106F80000090D0032499000800440258FFFC0F0031
:106F900070B50446D0F8800000232225A165A4F82E
:106FA0005C20C4F89030C4F88C50F0B11F49C16324
:106FB000D4F880101E480864D4F880101D48C864B6
:106FC000D4F8800003651346A56D2168D4F88000CD
:106FD0002A462431FAF7D0FF38B11021C4F89010B6
:106FE0002020C4F88C00012070BD206940B12168C8
:106FF00051E8000F40F4807041E80002002AF6D109
:107000002068083050E8001F41F0010140E80012FC
:10701000002AF5D12068083050E8001F41F04001F7
:1070200040E80012002AF5D1002070BD8D6A0008EA
:107030000F6B00083F6A00082DE9F0479946174694
:107040000D460446089E4FF0000833E0701C31D016
:10705000FBF7AEFFA0EB0900B04218D8BEB1206824
:107060000168490726D5802D24D0402D22D0C16942
:10707000C94309070DD4082505622046FFF758FDCE
:10708000C4F89050012084F88480BDE8F087032084
:10709000FBE7C069C04300050CD421684FF40060D1
:1070A00008622046FFF744FD2021C4F8901084F8C0
:1070B0008480ECE72068C06935EA000004D0002035
:1070C000B842C3D00020E0E70120F9E7FEE703B4AF
:1070D00001984100009850EAC12018BF04204A0DD1
:1070E00018BF40F0010040F2FF72B2EB515F08BFE1
:1070F00040F00200012808BF052002B070470907D0
:1071000000284FEA116104DB00F1E02080F8001450
:10711000704700F00F0000F1E02080F8141D704768
:1071200010B529499FED261B2DED020B84B0059863
:1071300020F000408842D8BF9DED040B2DDD23498F
:10714000884209D1049840B94FF00100F9F7B7FA25
:1071500000F0F2FB06B010BD05DB9DED040B30EE38
:10716000000B06B010BD68469DED040B00F060F901
:1071700010F0030004BF9DED021B9DED000B0CD031
:1071800001280ED09DED021B9DED000B022810D0B2
:10719000012000F07DFB06B010BD00F0D1FA06B072
:1071A00010BD9DED021B9DED000B012000F070FB5A
:1071B00001E000F0C5FA06B0B1EE400B10BD0000D2
:1071C0000000000000000000FB21E93F0000F07F0C
:1071D00010B52DED040B86B09DED060B10EE101AC8
:1071E00010EE900A8DED000B002918BF0121084315
:1071F00020F00040C0F17F6000F1E040C00F21D1DD
:107200009DED080B10EE101A10EE900A8DED000B9C
:10721000002918BF0121084320F00040C0F17F6021
:1072200000F1E040C00F0DD127490798B1EB400FA6
:1072300004BF069800283ED00998400004BF089873
:10724000002838D09DED080B53EC102B9DED060B5C
:1072500051EC100B02F048F9CDE902019DED020B53
:1072600040F2FF7110EE900A8DED000B31EA1050E4
:107270001DD00798039900F0004001F000418842BA
:1072800015D09DED080B8DED040B9DED020B8DEDE2
:10729000000B10EE900A059961F31E0005909DED1C
:1072A000040B9DED021B31EE400B8DED020B9DEDAD
:1072B000020B0AB010BD0120F9F701FA0AB0BDE8CF
:1072C000104000F039BB00000000E0FF10B52DEDCC
:1072D000028BF0EE408A18EE900AB0EE608A20F041
:1072E0000040C0F1FF40C00F07D118EE100A20F097
:1072F0000040C0F1FF40C00F2BD018EE101A18EE5E
:10730000900A02F0E5F900EE100A10EE100A6FEA9A
:10731000D05010F0FF0F04BFBDEC028B10BD18EE73
:10732000900A00F0004110EE100A00F00040814287
:1073300004BFBDEC028B10BD18EE101A10EE100A3F
:10734000BDEC028B61F31E0000EE900A30EE600A85
:1073500010BD18EE900A4FF07F41B1EB400F1CBFFB
:1073600018EE100A5FEA4000C7D10120F9F7A7F92B
:10737000BDEC028BBDE8104000F0F6BA0000000042
:1073800010B529499FED261B2DED020B84B0059801
:1073900020F000408842DCBF00209DED040B2EDD74
:1073A0002249884209D1049840B94FF00100F9F709
:1073B00086F900F0C1FA06B010BD05DB9DED040BA7
:1073C00030EE000B06B010BD68469DED040B00F0DA
:1073D0002FF810F003000DD0012814D09DED021BF2
:1073E0009DED000B022816D000F0AAF906B0B1EE10
:1073F000400B10BD9DED021B9DED000B012000F028
:1074000047FA06B010BD9DED021B9DED000B00F08C
:1074100097F906B010BD012000F03AFAE6E7000047
:107420000000000000000000FB21E93F0000F07FA9
:107430002DE9F14F04462DED020B2DED048B94B098
:107440009FED9D0B80ED020B199E9D4826F0004597
:1074500085420ADC9DED180B002084ED000B14B072
:10746000BDEC048B03B0BDE8F08F96489FED969B72
:107470009FED978BA84225DD97489FED991B9FEDC7
:107480009A2B9DED180B002E0DDD30EE490B854239
:1074900012BF30EE480B30EE410B30EE420B84ED64
:1074A000000B0120DBE730EE090B854212BF30EE06
:1074B000080B30EE010B30EE020B84ED000B4FF0A9
:1074C000FF30CCE78A48A84253DB9DED180B51EC06
:1074D000100B00F093FA41EC100BB0EE401B9FED47
:1074E000862B9FED870B290DDFF81CC201EE020BE6
:1074F0000120FDEEC00B10EE903A00EE903AB8EE8F
:10750000E02BB0EE410B02EE490B22EE081BFC44CF
:10751000032830EE411B84ED001B1DD011EE902A94
:1075200000EB4015113DC2F30A528A1A954213DA54
:107530000CEB0012B0EE403B92ED000B401C20EE35
:10754000021B33EE410B33EE403B33EE411B92ED19
:10755000023B12EE031BDBE7002EA8BF1846BFF666
:107560007EAF94ED000B5842B1EE400B84ED000B62
:1075700075E7C6F3130040F4801EC6F30A50A0F26C
:10758000F530471100F01F05C5F12000DDF860B0AF
:10759000139000200890099005200DF1080C5B491C
:1075A000002D07EB0002794408BF51F8221009D0E2
:1075B00051F8223001EB8201AB404A68139922FA5C
:1075C00001F11943A1FB0E26A1FB0B131A449A42A9
:1075D00034BF0123002303EB06080CEB8003D3E93F
:1075E00001A60E448E4234BF0121002192448A44F8
:1075F00011B1924502D903E0924501D2012100E088
:107600000021C3E901A641444CF82010011EA0F15D
:107610000100C4DC04989DED050A00F10050810FC3
:1076200004989FED3B4B800001EE100ADDED060A49
:107630009DED072AB8EEC13BB8EE401BB8EE600BDB
:10764000B8EE422B002021EE041B9FED334B20EEC1
:10765000040B9FED334B22EE042B30EE024B34EE45
:10766000014B34EE034B8DED004B00909DED004B34
:10767000199834EE433B10F0004F33EE411B31EECE
:10768000400B32EE401B9DED000B9FED272B20EEB3
:10769000020B9FED272B01EE020B9DED001B9FEDD2
:1076A000262B01EE020B1CBF4942B1EE400B84EDCC
:1076B000000B0846D3E600000000000000000000B8
:1076C000FB21E93F7CD9024000004054FB21F93FF7
:1076D0003163621A61B4D03DFB21F93F0000000024
:1076E0000000601A61B4D03D7370032E8A19A33B69
:1076F000FB2139410000000083C8C96D305FE43FC1
:10770000000000000000E03F7E240000162400007E
:10771000000000000000103E000000000000103CCF
:10772000000000000000103A3326A611460B113C61
:10773000182D4454FB21F93D00000054FB21F93D74
:1077400010B52DED040B2DED068B82B0B0EE41ABE4
:1077500009989FED299B20F00044B4F1795F0FDA7E
:107760009DED080BBDEEC00B10EE100A002801BF06
:10777000B0EE490B02B0BDEC068B04B008BF10BDE3
:107780009DED080B1E48062120EE008BB0EE480B45
:10779000784400F045F820EE080B9DED081B1C48CE
:1077A000844228EE000B01EE4A0B9FED171B28EEDA
:1077B000011BBCBF31EE400B39EE400B16DB154808
:1077C000A042BCBF9FED142B8DED002B06DBA4F572
:1077D00000100190002000909DED002B31EE421B27
:1077E00039EE422B31EE400B32EE400B02B0BDECD5
:1077F000068B04B010BD0000000000000000F03F48
:10780000CC21000000000000000000000000E03F6C
:107810003333D33F0000E93F000000000000D23FB7
:10782000491E00EBC102B0EE401B92ED000B31F09F
:1078300006020DD0491E00EBC102B0EE403B92EDB6
:10784000002B31F00602B0EE420B03EE010BF1D13A
:10785000022914D004290AD0062918BF704790EDD8
:107860000A2B00EE012B90ED080B02EE010B90EDC0
:10787000062B00EE012B90ED040B02EE010B90EDB8
:10788000022B00EE012B90ED000B02EE010B704776
:1078900031B504462DED040B2DED068BB0EE419B6A
:1078A00007989DED060B20F00040B0F1795F0DDAEE
:1078B00051EC100BFFF70BFC042808BF00F048F850
:1078C0009DED060BBDEC068B05B030BD20EE008BA8
:1078D0001348052128EE00ABB0EE480B7844FFF7C3
:1078E0009FFF9FED111B8CB19FED112B29EE022BF9
:1078F0000AEE402B9DED060B18EE029B0AEE419B13
:1079000030EE490BBDEC068B05B030BD08EE001B18
:107910009DED060B0AEE010BBDEC068B05B030BDEC
:107920007821000000000000495555555555C5BF48
:10793000000000000000E03F9FED031B81EE010B03
:107940007047000000000000000000000000000080
:107950009FED030B20EE000B7047000000000000BD
:107960000000000000000010DFED020A80EEA00A17
:107970007047000000000000F5EEC00AF1EE10FABA
:1079800004D9B5EEC01AF1EE10FA02D89FED0B0A39
:107990007047B7EEE02ADFED0C0A9FED093B20EEC1
:1079A000200A22EE032BB7EEC00A80EE023BB7EEB0
:1079B000C30B20EE010AFEF7B1BC0000000000007E
:1079C000182D4454FB21194000007042B7EEE01A14
:1079D000DFED090A9FED062B20EE200A21EE021BA7
:1079E000B7EEC00A80EE012BB7EEC20BFEF796BCD5
:1079F000182D4454FB2119400000704282B0CDE99B
:107A0000000121F0004001909DED000B02B051EC0F
:107A1000100B70470B48002110B5F9F79FFC0A487E
:107A20000121F9F79BFC09480221F9F797FC642032
:107A3000FAF7F0FB03484021FAF7D0FC002800D009
:107A4000FEE710BD380F0024D80F00247810002462
:107A500070B52948DFED270A2DED028B90ED110A54
:107A600030EE600AB7EEC00AFEF7D2F8B7EEC00BF0
:107A70000220B7EEC00AFEF781F8B7EEC00B1F4C2C
:107A800084ED030AB7EEC00AFEF7C2F8B7EEC00BEA
:107A900084ED030AFEF710F8194D84ED020A9FEDFC
:107AA000198ADFED198AB5F90200B0EE002A00EE5E
:107AB000100AF8EE001AB0EE481AB8EEC00AF0EE5E
:107AC000680AFEF742F884ED040AB5F90000B0EE4A
:107AD000002A00EE100AF8EE001AB0EE481AB8EECE
:107AE000C00AF0EE680AFEF730F884ED050ABDEC36
:107AF000028B70BD00C08743202600249C1F0024F9
:107B0000DC27002400001644000016C41FB5002422
:107B10000094019402940394FBF7FAFA01208DF883
:107B20000C001F218DF8081087228DF809208DF890
:107B30000D008DF8000068468DF80A408DF80E4063
:107B40008DF8014001948DF80B408DF80F40FBF744
:107B5000B1FA0420FBF7EAFAFBF738FAFEF740FD2A
:107B6000FDF7D6FBFDF7CAFAFDF7DEFAFDF714FBC9
:107B7000FDF74CFBFDF7EAFBFEF77AFE00F014F888
:107B8000FDF77EFB00F022F8FEE710B5EFF305816C
:107B900011B16FF0050404E04FF0000408B100F0EB
:107BA00019FE204610BD0000EFF3058010B16FF004
:107BB000050070470449086810B14FF0FF30704766
:107BC00001220A60002070478400002410B5EFF302
:107BD000058010B16FF0050010BD0848016801294B
:107BE00002D04FF0FF3010BD054A002182F8141D6D
:107BF0000221016000F09EFE002010BD84000024E0
:107C00000BE000E02DE9FF414FEA01034FF00005D2
:107C1000EFF30581039561BB58B34FF080064FF039
:107C200018014FF000044AB3176807B13C46976942
:107C30001FB139467F1E382F02D21779FF0703D0B4
:107C4000002004B0BDE8F081576907B1BE08D2F842
:107C500008C0BCF1000F0DD0D5685C2D18D3126997
:107C60003AB137B18DE806103246214601F00FFADD
:107C700003900DE0D7685FB912694AB903AACDE94C
:107C80000012B2B2214601F0D5F9012800D00395C7
:107C90000398D6E72DE9F041154C0F460546002024
:107CA000E668216881F85A002068001D00F054FC45
:107CB000681C07D137B12168BDE8F0410D48091DA6
:107CC00000F0A4BC20683544B5424560216805D267
:107CD000A06B091DBDE8F04100F080BC606B091D80
:107CE00000F07CFCA06A854200D2A562BDE8F0816C
:107CF00034000024601700242DE9F041054600F00F
:107D000091FC2D4C2D4FA068401CA060206810B144
:107D1000606930B32BE02560A068012827D10026D8
:107D200006EB860007EB800000F04AFC761C382E3C
:107D3000F6D3234800F044FC2148143000F040FC06
:107D40001F48283000F03CFC1D483C3000F038FC57
:107D50001B48503000F034FC194860631430A063B5
:107D600005E0E86A2168C96A814200D82560606A36
:107D7000401C60626864E86A2169884200D9206119
:107D800000EB8000291D07EB800000F03FFC00F0B5
:107D900069FC606900280CD02068E96AC06A8842E2
:107DA00007D208494FF080500860BFF34F8FBFF3F0
:107DB0006F8FBDE8F081000034000024B012002471
:107DC0001017002404ED00E038B500F02BFC104C37
:107DD0002068C8B90F4800F0F3FB0E48143000F0DB
:107DE000EFFB0C490020E16014312161A1F58273A1
:107DF0000090A1F1B40210210A2000F0A9FE206039
:107E000010B105A100F0B0FCBDE8384000F02ABC7C
:107E10007000002464180024546D725100000000AA
:107E200030B4026C0B46002A0BD0D0E90241114459
:107E3000C160A14201D30168C160184630BCF8F7A7
:107E400090BB30BC70472DE9F041856B1746026C42
:107E50000446002682B1C7B1E068F8F782FBE1680A
:107E6000206C2268091AE160914202D2A168081AC6
:107E7000E060022F16D017E02068A8B9A06801F0D2
:107E8000A9F906460020A0600EE06068F8F769FBDB
:107E9000D4E90101226C10446060884204D3206858
:107EA000606001E005B16D1E6D1CA5633046BDE844
:107EB000F08110B5044690F8590058B101280CD053
:107EC00002280FD0502080F31188BFF34F8FBFF3EB
:107ED0006F8FFEE7206B00F0D9FB2046BDE8104015
:107EE00000F0D4BB10BD000011484FF4705110B524
:107EF000420706D00E49C01D20F00700411AC1F507
:107F000070510C4C002301440839A4F1180221F0EF
:107F10000701C4E900030C1A11604B600B60C0E953
:107F2000001494604FF000415460516110BD000096
:107F300000000020A0000024144E4FF08058144C84
:107F4000DFF85090A6F29C4712E000BF00F06AFBF9
:107F5000F068C568281D00F0FFFAA068401EA06008
:107F60006068401E606000F07DFB2846FFF7A1FFBF
:107F700060680028EAD138680128F9D9C9F800807A
:107F8000BFF34F8FBFF36F8FF2E700004C17002451
:107F90003400002404ED00E070B51D46049C51B18E
:107FA000C4F80020C4E90F010121204600F004FEBE
:107FB00084F84C5070BD2460F4E72DE9F05F8846EA
:107FC0009A4691001546DDE90B940A9EA522834648
:107FD000206BF8F73DFB206B6FF0030101EB85018F
:107FE000084420F00707780707D0502080F3118855
:107FF000BFF34F8FBFF36F8FFEE7B8F1000F4FF065
:1080000000050ED00020221818F8001082F8341055
:1080100018F8001011B1401C1028F4D384F8435014
:1080200001E084F83450382E00D33726E662201D54
:10803000C4E9136500F0CFFA04F1180000F0CBFAA0
:108040006565C6F13800A06184F85850524684F83E
:108050005A50594624613846646200F065FAB9F115
:10806000000F206001D0C9F80040BDE8F09F00007B
:1080700030B5114900E011460A688242FBD34B68D3
:108080005C18844203D14468084623444B6043682B
:108090001D18954209D1084C183C2468A24209D009
:1080A00052681A4442600A6812680260814200D035
:1080B000086030BD0460F9E7A000002470B50D4DE4
:1080C000914241604FF00004006106D88169D21AE4
:1080D0008A4206D2011D286907E09A4203D29942DA
:1080E00001D3012403E0011DE86800F077FA20467F
:1080F00070BD00007000002410B5044600F092FA34
:10810000A06B28B15FF0000400F0ACFA204610BD6F
:108110000124F9E730B53C4D89B06BE004980028A4
:1081200006DA059ADDE9060190470498002861DB2C
:10813000069C606910B1201D00F00EFA03A800F043
:10814000D5F8024604980A2854D2DFE800F0050565
:10815000052D304705052D3094F8280040F001002A
:1081600084F82800A06905990B4601442046FFF7D2
:10817000A5FF50B3216A2046884794F8280040079D
:1081800038D50020009005980023A16942181946AF
:10819000204601F027F9C0B9502080F31188BFF3C1
:1081A0004F8FBFF36F8FFEE794F828001EE094F81E
:1081B000280040F0010084F828000598A06128B14B
:1081C000811813462046FFF779FF13E0502080F313
:1081D0001188BFF34F8FBFF36F8FFEE794F828002D
:1081E000810703D4204600F051FA03E020F001009B
:1081F00084F828002868002204A900F037FE00282F
:108200008CD109B030BD0000700000242DE9FC4184
:108210000F46054600F0D2FB01A800F067F80446BF
:10822000019818B101F04CF8BDE8FC81254EAFB1C2
:1082300030690068D0B300273068291B3A4600F047
:10824000A7FA01F03DF80028EED11F494FF0805009
:108250000860BFF34F8FBFF36F8FE5E7A542EBD800
:1082600001F02EF8F0682746C068C468201D00F0B1
:1082700073F994F82800410719D5A0692B463A46AE
:1082800041192046FFF71AFFA8B100202A460346ED
:1082900001460090204601F0A5F860B9502080F317
:1082A0001188BFF34F8FBFF36F8FFEE707E020F019
:1082B000010084F82800216A20468847B4E7012796
:1082C000BAE700007000002404ED00E00648416BAE
:1082D000096829B1416BC968C968496881627047FA
:1082E0004FF0FF31FAE700003400002470B5054676
:1082F00000F006FF064E0446B068844203D200F048
:1083000009F8012000E0002028602046B46070BD1C
:1083100070000024F8B5194D20E0C068C4680668F4
:10832000201D00F019F9216A2046884794F828009A
:10833000400713D5A0693044B04206D92461211DFD
:108340006060E86800F04AF908E000203246034621
:1083500001460090204601F045F838B1E868016810
:108360000029DAD12969C5E90310F8BD502080F34E
:108370001188BFF34F8FBFF36F8FFEE770000024AB
:10838000002101E0401C491C0278A52AFAD0C1F363
:108390008F00704708484068401C4FF0500080F341
:1083A000118804D0BFF34F8FBFF36F8FFEE7BFF389
:1083B0004F8FBFF36F8FFEE7A8000024074CE068E3
:1083C000016841B1C0680021D0F80000FFF71EFF2E
:1083D000FFF7A0FEF3E701210020F7E7700000247B
:1083E0002DE9F041044600F01DF994F9455004F1DF
:1083F000240609E0606A48B1304600F029FF08B160
:1084000000F05EFA6D1E6DB2002DF3DC4FF0FF360A
:1084100084F8456000F026F900F004F994F944501E
:1084200004F1100709E0206948B1384600F010FF58
:1084300008B100F045FA6D1E6DB2002DF3DC84F832
:108440004460BDE8F04100F00DB900002DE9F041B5
:108450000027044600F0B2FA324E306808B9FFF740
:1084600043FD706904424ED1C4B3083460070ED096
:1084700004F00700C0F108000444600707D0502052
:1084800080F31188BFF34F8FBFF36F8FFEE72CB3DC
:108490007068844237D82348183001460D6801E0DF
:1084A00028460D466968A14202D229680029F7D101
:1084B00031688D4227D007682968016008376868ED
:1084C000011B10290FD92819420708D0502080F32A
:1084D0001188BFF34F8FBFF36F8FFEE713E041604A
:1084E0006C60FFF7C5FD69687068401A7060B2681B
:1084F000904200D2B060002072691143C5E90001CA
:10850000F068401CF06000F0DBFE780707D05020D8
:1085100080F31188BFF34F8FBFF36F8FFEE73846AC
:10852000BDE8F0818800002470B5041F094E231FA8
:108530004FF0807521F0010125601C1F1960A0F12A
:1085400020010B1F266044380A606FF002051D6091
:1085500070BD000095830008D0E9013201699A607E
:10856000D0E901235A604A68824201D182684A6098
:10857000002202610868401E086008687047000019
:1085800008B902480068006BFFF7FABE3400002407
:1085900010B5044C8023046004F15C000860136093
:1085A00010BD00008C18002410B5044C4FF48073EB
:1085B000046004F15C000860136010BDE81A002438
:1085C0004FF0FF3300F108010022C0E901130260FF
:1085D000C1600161704700210161704730B50B68CF
:1085E0005A1C02D000F1080202E0026904E02246AF
:1085F000546825689D42FAD953684B6099608A6037
:10860000516008610168491C016030BD42684A60E0
:1086100093688B6093685960916008610168491C98
:1086200001607047502080F31188BFF34F8FBFF374
:108630006F8F0A494868401C486001280CD10848DF
:10864000006810F0FF0F07D0502080F31188BFF3AF
:108650004F8FBFF36F8FFEE770470000A800002424
:1086600004ED00E00849486828B1401E486001D187
:1086700080F311887047502080F31188BFF34F8F2B
:10868000BFF36F8FFEE70000A800002470B500283C
:108690002AD0164DA0F1080461686869014207D12B
:1086A000502080F31188BFF34F8FBFF36F8FFEE729
:1086B00022683AB1502080F31188BFF34F8FBFF387
:1086C0006F8FFEE78143616000F078F96068696848
:1086D000084468602046FFF7CBFC2869401C2861ED
:1086E000BDE8704000F0ECBD70BD000088000024C3
:1086F0004FF0E020002101614FF47A72816107237D
:1087000003490968B1FBF2F1491E416103617047F9
:108710002C00002410B5F7F785FE114910280ED360
:1087200000F1E0200A7890F8F003904207D2502040
:1087300080F31188BFF34F8FBFF36F8FFEE70948B7
:108740008968006800F4E060884207D9502080F30F
:108750001188BFF34F8FBFF36F8FFEE710BD00008E
:10876000A80000240CED00E0084B5FF0000210B5FB
:1087700053F832401CB1521C082AF9D310BD03EB48
:10878000C20443F83210606010BD00007012002473
:1087900070B515460E460446FFF744FF94F94410A1
:1087A0000020491C01D184F8440094F94510491C6B
:1087B00001D184F84500FFF755FFA06B28B904F1FB
:1087C00024002A46314600F099F82046BDE8704062
:1087D000FFF706BE020010B514D00F48006B38B189
:1087E000502080F31188BFF34F8FBFF36F8FFEE7E8
:1087F00000F0E4F800211046FFF74CFA00F060FDAD
:10880000002807D105494FF080500860BFF34F8F13
:10881000BFF36F8F10BD00003400002404ED00E0B2
:1088200070B50546FFF7FEFE1E4C05B92568281DEC
:10883000FFF792FEA86A18B105F11800FFF78CFE49
:10884000606A401C60622068854207D11648291D75
:10885000FFF7DCFE6068401C606007E0A068401E17
:10886000A0602846FFF725FBFFF730FDFFF7FAFE73
:108870006069002814D02068854211D1206B38B17E
:10888000502080F31188BFF34F8FBFF36F8FFEE747
:1088900006494FF080500860BFF34F8FBFF36F8FD2
:1088A00070BD0000340000244C17002404ED00E0EB
:1088B00002490A6A0260C9684160704734000024B6
:1088C00001490120C86170473400002410B50C46EE
:1088D00050B1094909681831FFF780FE2046BDE80C
:1088E00010400121FFF7D6B9502080F31188BFF363
:1088F0004F8FBFF36F8FFEE73400002470B514462E
:108900000D4668B10A4909681831FFF77FFE0CB1BE
:108910004FF0FF3521462846BDE87040FFF7BAB951
:10892000502080F31188BFF34F8FBFF36F8FFEE7A6
:108930003400002430B587B0002405AA04A90394AC
:1089400003A80494FFF724FEDDE90301009400234B
:10895000CDE90110174815A1059A00F098FB164DB6
:108960000028E8621FD000F00DFD012809D0401C4E
:1089700019D1502080F31188BFF34F8FBFF36F8F51
:10898000FEE7502080F31188BFF34F8FBFF36F8F46
:1089900001214FF0FF30A8626961EC6007B0BDE8CB
:1089A000304000F045B807B030BD000049444C45A8
:1089B00000000000397F0008340000240248016BE9
:1089C000491C01637047000034000024164810B5AC
:1089D000016B11B10121C16110BD0021C161134AB8
:1089E000016901E0B9B1491E01EB810352F823305E
:1089F000002BF7D001EB810302EB830202F10804A4
:108A000053685B685360A34201D15B685360DA68C6
:108A10000260016110BD502080F31188BFF34F8FB9
:108A2000BFF36F8FFEE7000034000024B012002473
:108A300037481CB5374902688A4207D1502080F375
:108A40001188BFF34F8FBFF36F8FFEE73149006886
:108A5000491E884207D1502080F31188BFF34F8F01
:108A6000BFF36F8FFEE72C49FF200A780192087050
:108A700008788DF800009DF800209DF8000002F0B5
:108A8000F002824207D0502080F31188BFF34F8F4D
:108A9000BFF36F8FFEE79DF8002007201F4C02F008
:108AA00050022270A06005E09DF8002052008DF871
:108AB0000020401E9DF800201206F5D40328A06077
:108AC00007D0502080F31188BFF34F8FBFF36F8F13
:108AD000FEE74FF44070A060019808700C48203009
:108AE000016841F470010160016841F0704101606A
:108AF000FFF7FEFD00206060F7F75CFC08480168A6
:108B000041F040410160F7F741FC00201CBD00002E
:108B100000ED00E071C20F4100E400E0A800002475
:108B200034EF00E0502010B580F31188BFF34F8F71
:108B3000BFF36F8F00F0EAFA18B104494FF080508C
:108B40000860002080F3118810BD000004ED00E0F3
:108B5000F8B5069D18B153B1CAB181B120E05020DB
:108B600080F31188BFF34F8FBFF36F8FFEE7502064
:108B700080F31188BFF34F8FBFF36F8FFEE7502054
:108B800080F31188BFF34F8FBFF36F8FFEE739B1CA
:108B9000502080F31188BFF34F8FBFF36F8FFEE734
:108BA00050241C46012683F8466000932B46FFF7AD
:108BB000F3F92046F8BD00002DE9F04704008A468D
:108BC00029D0FFF72FFD21680025D4E90F23D4F821
:108BD00040C004F1100810460E46401E4FF0FF3909
:108BE00002FB031200FB0C10BAF1000FA5636660D4
:108BF00084F8449084F84590C4E9022013D040469C
:108C0000FFF7DEFC04F12400FFF7DAFCFFF72AFD92
:108C10000120BDE8F087502080F31188BFF34F8F0B
:108C2000BFF36F8FFEE720690028EFD0404600F0C9
:108C30000FFB0028EAD004494FF080500860BFF3D2
:108C40004F8FBFF36F8FE1E704ED00E02DE9FF47A1
:108C500004001D4682B08A464FF0000803D0BAF1E6
:108C6000000F08D011E0502080F31188BFF34F8F20
:108C7000BFF36F8FFEE7206C38B1502080F311886E
:108C8000BFF34F8FBFF36F8FFEE7022D0AD1E06B6A
:108C9000012807D0502080F31188BFF34F8FBFF316
:108CA0006F8FFEE700F01EFA3F4F4FF080564FF0F7
:108CB000000948B9049838B1502080F31188BFF3F7
:108CC0004F8FBFF36F8FFEE7FFF7ACFCA06BE16B3C
:108CD000884207D3022D05D00498D0B1B8F1000F17
:108CE0001AD01EE02A4651462046FFF7ACF8616ACA
:108CF00019B104F1240000F0ABFA20B13E60BFF3DB
:108D00004F8FBFF36F8FFFF7ADFC012006B0BDE8BA
:108D1000F087FFF7A7FC22E06846FFF7C9FD4FF098
:108D20000108FFF79FFCFFF749FEFFF77BFC94F972
:108D30004400401C01D184F8449094F94500401C43
:108D400001D184F84590FFF78DFC04A9684600F036
:108D50002BF930B12046FFF743FB00F0B1FA0020B9
:108D6000D4E7FFF75FFCA06BE16B884213D1FFF7FC
:108D700079FC049904F11000FFF7A8FD2046FFF7E5
:108D80002FFB00F09DFA00289ED13E60BFF34F8F6D
:108D9000BFF36F8F98E7FFF765FC2046FFF720FBD6
:108DA00000F08EFA90E7000004ED00E02DE9F047B6
:108DB00004001F469046894603D0B9F1000F08D041
:108DC00011E0502080F31188BFF34F8FBFF36F8FF6
:108DD000FEE7206C38B1502080F31188BFF34F8F2D
:108DE000BFF36F8FFEE7022F0AD1E06B012807D097
:108DF000502080F31188BFF34F8FBFF36F8FFEE7D2
:108E0000FFF788FC5020EFF3118680F31188BFF341
:108E10004F8FBFF36F8FA06BE16B884206D3022F99
:108E200004D0002086F31188BDE8F08794F94550FE
:108E3000A06B3A4649462046FFF705F8681C04D067
:108E40006D1C84F845500120ECE7606A0028FAD0D8
:108E500004F1240000F0FCF90028F4D0B8F1000F70
:108E6000F1D00121C8F80010EDE700002DE9F74727
:108E700004008A4683B04FF0000603D0BAF1000F19
:108E800008D011E0502080F31188BFF34F8FBFF35B
:108E90006F8FFEE7206C38B1502080F31188BFF34C
:108EA0004F8FBFF36F8FFEE700F01CF9DFF8F480FF
:108EB0004FF080574FF0000948B9059838B150205D
:108EC00080F31188BFF34F8FBFF36F8FFEE7FFF77B
:108ED000A9FBA56BC5B151462046FEF7A1FF6D1E4B
:108EE000A563206950B104F1100000F0B1F928B178
:108EF000C8F80070BFF34F8FBFF36F8FFFF7B2FB5F
:108F0000012006B0BDE8F087059808B11EB106E063
:108F1000FFF7A8FB27E06846FFF7CAFC0126FFF72A
:108F2000A1FBFFF74BFDFFF77DFB94F94400401CCC
:108F300001D184F8449094F94500401C01D184F893
:108F40004590FFF78FFB05A9684600F02DF8002833
:108F500020460AD0FFF744FA00F0B2F92046FFF7A6
:108F6000CBF80028B3D00020CBE7FFF7C5F890B1CD
:108F7000059904F12400FFF7A9FC2046FFF730FA19
:108F800000F09EF90028A2D1C8F80070BFF34F8FFF
:108F9000BFF36F8F9BE72046FFF722FA00F090F9AE
:108FA00095E7000004ED00E02DE9F04104000D46D6
:108FB00010D0BDB1FFF736FB1D4B0026DA681868EC
:108FC0006768D11B90F85A00A0B11868012480F896
:108FD0005A6028E0502080F31188BFF34F8FBFF311
:108FE0006F8FFEE7502080F31188BFF34F8FBFF3E0
:108FF0006F8FFEE72868B0F1FF3F08D0D4F800C0BB
:109000001B6A9C4505D0974203D801240BE000243D
:1090100009E0884205D9401A28602046FFF748FC3D
:10902000F5E701242E60FFF71DFB2046BDE8F08127
:10903000340000242DE9FF5F994616468A46834690
:109040009000DDE90E87FFF701FA05001CD05C20D7
:10905000FFF7FCF9040014D00020256384F85900C0
:109060004B46CDE90087CDE902403246514658468D
:10907000FEF7A3FF2046FEF73FFE012004B0BDE847
:10908000F09F2846FFF702FB4FF0FF30F6E7F0B500
:1090900085B0DDE90B740A9DA7B1DCB15C262763BE
:1090A000022684F85960002703970DF1100C0095F3
:1090B000CDE901C4FEF781FF2046FEF71DFE0498AE
:1090C00005B0F0BD502080F31188BFF34F8FBFF380
:1090D0006F8FFEE7502080F31188BFF34F8FBFF3EF
:1090E0006F8FFEE70548416919B1006B18B1002088
:1090F00070470120704702207047000034000024B0
:109100000148C06870470000340000242DE9F04198
:109110002E4C206B002728B1A069401CA061384666
:10912000BDE8F081E668761CE66013D1606B0068EC
:1091300038B1502080F31188BFF34F8FBFF36F8F8A
:10914000FEE7606BA16B6163A063206A401C206234
:10915000FFF7BCF8DFF87880A06A864209D3606B1D
:109160000068A0B1606BC068C5686868864211D2AB
:10917000A0622068C06A00EB800158F82100012835
:1091800000D90127E0690028C9D00127C7E74FF0BF
:10919000FF30EDE7281DFFF7DFF9A86A18B105F1E8
:1091A0001800FFF7D9F9E86A2169884200D92061DF
:1091B00000EB800108EB8100291DFFF727FA2068EA
:1091C000E96AC06A8142CAD30127C8E73400002493
:1091D000B012002470B504464FF0000190B31A4D50
:1091E0002868844207D0502080F31188BFF34F8F46
:1091F000BFF36F8FFEE7206D38B1E36C401EE26A6B
:1092000020659A421ED040B11CE0502080F31188A6
:10921000BFF34F8FBFF36F8FFEE7201DFFF79CF961
:10922000E06CC0F13801A161E0622969884200D98F
:10923000286100EB8000054901EB8000211DFFF74C
:10924000E5F90121084670BD34000024B012002465
:1092500070B5C068C46854B104F118000646FFF741
:109260007BF9144D286B50B11348314615E050205E
:1092700080F31188BFF34F8FBFF36F8FFEE7201D80
:10928000FFF76AF9E06A2969884200D9286100EB92
:1092900080000A4901EB8000211DFFF7B7F9E06A61
:1092A0002968C96A884203D90121E961084670BD6D
:1092B000002070BD3400002438170024B0120024B0
:1092C0002DE9F0472C4D286B0024274638B1FFF7D5
:1092D000A9F9286B401E2863286B40B147E0502055
:1092E00080F31188BFF34F8FBFF36F8FFEE7234EDC
:1092F0000120A968D9B3A6F5916980463068E0B12C
:10930000F068C46804F11800FFF726F9201DFFF784
:1093100023F9E06A2969884200D9286100EB8001BD
:1093200009EB8100211DFFF771F9E06A2968C96A1C
:109330008842E3D3C5F81C80E0E70CB1FEF7C6FF16
:10934000AC694CB14FEA0806FFF7E0FE00B1EE61F0
:10935000641EF9D10020A861E86940B108490127DD
:109360004FF080500860BFF34F8FBFF36F8FFFF750
:1093700079F93846BDE8F087340000243817002416
:1093800004ED00E010B586B0FEF71EFD114C20681C
:10939000B8B10020039005AA049004A903A8FFF720
:1093A00003F9DDE90321022000238DE807000C48C2
:1093B00009A1059AFFF76BFE606010B106B00120AD
:1093C00010BD502080F31188BFF34F8FBFF36F8F14
:1093D000FEE7000070000024546D72205376630095
:1093E000BD8300082DE9FF411E46134602004FF0E1
:1093F00000000A9D16D0144C2768002F0FD00629B4
:109400000292CDE9001317DAFFF76CFE02284FF045
:1094100000030FD0002220686946FFF717FC04B054
:10942000BDE8F081502080F31188BFF34F8FBFF368
:109430006F8FFEE72A46EEE700233246694638463C
:10944000FFF7B4FCEBE70000700000240EF1020E01
:109450002EF0030E5EF8046B364205D4012A43EB6E
:10946000030515F5001F12D8012841EB010C1CF56E
:10947000001F0CD80ED14FEAD17C15F5001F0CEB64
:109480004C0C0CF1020C08BF4CEBD37C04E04FF009
:10949000080C01E04FEAD37C0CEB4C0526FA05F6EC
:1094A00006F00706B6F1040C06D20EEB860CBDE8FA
:1094B00070404CF0010C6047DFE80CF0090B020231
:1094C0004FF000414FF00000A1F5002170BD19469A
:1094D0001046012851EB010418BFD4F5001484BFD5
:1094E000002001F0004170BDDFF844C170B53CEAD6
:1094F000111418BF3CEA131500F08F8011F1004FD2
:109500001CEA13150CEA111468BF45F0050518BFD5
:1095100011EA0C1F00F079802E4621EA4C1123EA53
:109520004C1341F4801143F48013A5F58035AC420F
:109530003DDD801A9941A4F5803609D54042C1F13C
:10954000000134BFB1F10101B1F1000185F0010565
:1095500011F4F01F08D011F4801FE8D1400041EB56
:109560000101A4F58034F6E721F00041B1FA81F65B
:10957000202E04BFB0FA80FE0EF12006A6F10B06E5
:10958000B6F1200EA4EB06440CD2C6F1200E01FA6F
:1095900006F120FA0EF641EA0601CEF1200600FAA5
:1095A00006F003E000FA0EF14FF00000BFE750EACA
:1095B000410E23D04FEA244EBEEB254F0FDB9942DC
:1095C00008BF904204D00AD3520043EB0303B0E734
:1095D0004FEA1646B6EB144F08BF85F00105B4F507
:1095E000803401EB041181EAC57100DB70BD01F12B
:1095F000C0414FF0000001F0004170BD4FEA4571DD
:109600004FF0000001F0004170BD1CEA131F09D0AB
:109610004FF0000001F0004170BDFFF717FF00BFE1
:10962000EDFFFF3EBDE870404FF00000014970477C
:109630000000FF070000F87F0EF1020E2EF0030E6F
:109640005EF8044B244204D44FEA4102B2F17F4F4A
:1096500011D84FEA4003B3F17F4F0CD80ED14FEA37
:10966000D07CB2F17F4F0CEB4C0C0CF1020C08BF1C
:109670004CEBD17C04E04FF0080C01E04FEAD17CC8
:109680000CEB4C0324FA03F404F00704B4F1040CCB
:1096900006D20EEB840CBDE810404CF0010C604784
:1096A000DFE80CF0070802024FF00040A0F5800050
:1096B00010BD0846420018BFD2F1807288BF00F08A
:1096C000004010BD4FF04070E1EE100A70470000FE
:1096D0004FF07F4C3CEA410318BF3CEA400200F0E7
:1096E00062804FF47F0C10F0004F0CEAD11318BFCA
:1096F00043F005031CEAD01218BF13EA0C0F00F068
:1097000057804FF0004C4CEA00204CEA0121A3F5B1
:1097100080339A4210DDB0F1004F23F0020306D3EC
:10972000401A43F00203BCBF404283F001034FEAFA
:109730004000A2F58032ECE74FEA224CBCEB234F0D
:1097400008DB884206D31CD0A0EB4100C0F100002A
:1097500083F0010340001DD217D40DD0B0FA80FC75
:109760000CF1010C00FA0CF0A2EB0C42D2F1000C4F
:1097700012DB4FEAC37070474FEA437000F00040BD
:10978000704713F0020FE5D0DEE7B2F580324FEA02
:109790004000EBDD002AE9DD4FEAC21242EA502028
:1097A00040EAC370704710B5FFF746FFEDFFFF3E7C
:1097B0001CEAD11F02D000F00040704700487047FB
:1097C0000000C07F909A0008000000000000000028
:1097D000000000000000000000020000180000006F
:1097E0000000000000000000C09A00080000000017
:1097F000100300245C00000010010024000200009F
:109800000F0000000000000000000000A89A0008FF
:10981000000000006C0500245C0000006C030024C4
:10982000000200000F000000000000000000000027
:109830009C9A000800000000C80700245C0000009B
:10984000C8050024000200002F00000000000000F6
:1098500000000000809A000800000000240A002494
:109860005C00000024080024000200002F0000001B
:109870000000000000000000B49A00080000000092
:10988000800C00245C000000800A0024000200001C
:109890002F0000000000000000000000CC9A00082B
:1098A00000000000DC0E00245C000000DC0C002442
:1098B0000002000030000000000000000000000076
:1098C0000001020304050607080C1014182030409C
:1098D0000000000000000000000000000000000088
:1098E0000000000001000000020000000300000072
:1098F000040000000000000005000000000000005F
:109900000000000000000000060000000000000051
:109910000000000000000000070000000006101614
:1099200000061016010002000400060008000A00EC
:109930000C00100020004000800000010101010324
:1099400007010000080402040801010100000000F2
:1099500001020304010203040607080900000000D5
:109960004C5555555555A53F7751C1166CC156BF3D
:109970009015CB19A001FA3EAD529C804F7E92BE4D
:10998000C4B1B4BD9EEE213ED43888BEE9FAA8BD6C
:1099900000004054FB21F93F3163621A61B4D03DAD
:1099A0000000601A61B4D03D7370032E8A19A33B86
:1099B0000000002E8A19A33BC14920259A837B39D8
:1099C00000000000000000006E83F9A22915444E3B
:1099D000D15727FCC0DD34F5999562DB4190433CBB
:1099E000AB6351FE61C5BBDE3A6E24B7E0D24D4297
:1099F000EA2E49061C92D1091CEB1DFE3EA729B197
:109A0000F53582E88444BB2E26709CE9417E5FB424
:109A100039D69139F43953838B5F849C3B28F9BD47
:109A2000FF97F81F0F9805DE8B112FEF1F6D0A5A55
:109A3000CF7E366DB709CB27663F464F2DEA5F9E36
:109A4000C7BA27757BF1E5EBF739073DEA92528AF1
:109A5000B15FFB6B085D8D1FA6F810111111813FDE
:109A6000D561C119A0012ABF7DFEB157E31DC73ED4
:109A7000EB9C2B8AE6E55ABE7CD5CF5A3AD9E53D18
:109A80004845524F53686F6F74696E67000000005D
:109A900064656661756C745461736B004845524F20
:109AA00047696D62616C00004845524F4469616CC2
:109AB00000000000484F54524343746C0000000003
:109AC0004845524F4368617373697300534255535D
:109AD00050726F6365737300089B000800000024D8
:109AE0001001000008030008089B00080000002087
:109AF000003C000024030008189C0008100100240A
:109B0000A82D000024030008000000000000000051
:109B10000000000000000000000000000000000045
:109B20000000000000000000010000001000000024
:109B3000000000000090D0030090D003000000005F
:109B40000000000000000000000000000000000015
:109B50000000000000000000000000000000000005
:109B600000000000000000000000000000000000F5
:109B700000000000000000000000000000000000E5
:109B800000000000000000000000000000000000D5
:109B900000000000000000000000000000000000C5
:109BA00000000000000000000000000000000000B5
:109BB00000000000AAAAAAAA00000000C800000035
:109BC0000000000000000000000000000000000095
:109BD0000000000000000000000080BF0000000046
:109BE0000000000001000000000000000100000073
:109BF0000000000000000000000000000000000065
:109C00000000000000000000000000000000000054
:089C100000000000000000004C
:04000005080002CD20
:00000001FF
