:020000040800F2
:10000000F86C00202903000815520008D1400008B0
:10001000414D0008810E00087174000800000000C6
:10002000000000000000000000000000690200085D
:10003000B513000800000000C5020008156C000898
:100040004303000843030008430300084303000878
:100050004303000843030008FF140008430300089B
:1000600043030008051500080B15000843030008AA
:10007000411000084303000843030008430300083D
:100080004303000843030008430300084303000838
:10009000850E0008910E00084303000811150008A2
:1000A0004303000843030008430300084303000818
:1000B000D16C000843030008430300084303000811
:1000C00043030008430300084303000843030008F8
:1000D0004303000843030008430300086574000855
:1000E00043030008430300084303000843030008D8
:1000F00043030008430300084303000843030008C8
:1001000043030008430300084303000843030008B7
:1001100043030008430300084303000843030008A7
:1001200043030008430300084D1000084303000880
:100130004303000843030008430300084303000887
:100140009D0E0008A90E00084303000843030008A1
:100150004303000843030008430300084303000867
:100160004303000843030008430300084303000857
:100170004303000843030008430300080000000095
:10018000430300084303000800F002F800F05CF8A5
:100190000AA090E8000C82448344AAF10107DA45E2
:1001A00001D100F051F8AFF2090EBAE80F0013F0D8
:1001B000010F18BFFB1A43F00103184780C200006B
:1001C000A0C200000A444FF0000C10F8013B13F0ED
:1001D000070408BF10F8014B1D1108BF10F8015BA0
:1001E000641E05D010F8016B641E01F8016BF9D193
:1001F00013F0080F1EBF10F8014BAD1C0C1B09D1EA
:100200006D1E58BF01F801CBFAD505E014F8016B5B
:1002100001F8016B6D1EF9D59142D6D370470000ED
:100220000023002400250026103A28BF78C1FBD8FF
:10023000520728BF30C148BF0B6070471FB50BF095
:10024000A2FE1FBD10B510BD00F002FA1146FFF767
:10025000F5FF09F0A3F900F020FA03B4FFF7F2FF6D
:1002600003BC00F023FA00002C4B19680868B0E8C2
:10027000F04F80F30988BFF36F8F4FF0000080F3D9
:10028000118870470000000008480068006880F38B
:1002900008884FF0000080F3148862B661B6BFF39F
:1002A0004F8FBFF36F8F00DF00BF00BF08ED00E08E
:1002B000DFF80C00016841F470010160704700BF75
:1002C00088ED00E0EFF30980BFF36F8F134B1A68DE
:1002D0001EF0100F08BF20ED108A20E9F04F1060CB
:1002E00009B44FF0500080F31188BFF34F8FBFF374
:1002F0006F8F0AF089FA4FF0000080F3118809BC73
:1003000019680868B0E8F04F1EF0100F08BFB0EC95
:10031000108A80F30988BFF36F8F70474400002074
:10032000EFF30580704700000948804709480047FF
:10033000FEE7FEE7FEE7FEE7FEE7FEE7FEE7FEE795
:10034000FEE7FEE704480549054A064B70470000F2
:10035000C16C000889010008F8660020F86C0020D4
:10036000F8680020F868002053EA020C00F0698069
:100370002DE9F04B4FF00006002B1FBFB3FA83F5B9
:1003800003FA05F424FA05F65E4012BF1643B2FAEA
:1003900082F502FA05F4C5F120051EBF22FA05FC1C
:1003A00044EA0C04203556EA044C4FEA144418BFC2
:1003B000641C4FF000084FF00009904271EB030CF1
:1003C00039D3002919BFB1FA81F701FA07F6B0FA5B
:1003D00080F700FA07F6C7F120071EBF20FA07FCD6
:1003E00046EA0C062037B6FBF4FCA7EB0507103FE6
:1003F00007F01F0BCBF120060CFA0BFB2CFA06F6CC
:1004000044BFB3460026202FA4BF5E464FF0000B2A
:100410005BEA060C08BF4FF0010B19EB0B09ABFBB5
:10042000027C48EB0608C01B06FB02CC0BFB03CC8E
:1004300071EB0C01C1E70B46024641464846BDE858
:10044000F08B13B54FF000004FF00001AFF30080C8
:10045000BDE81C40704710B5431C02E010F8011BBA
:1004600071B18107FAD14FF0013202C88C1A8C4366
:1004700014EAC211F9D0C01A0A0603D0C01E10BD7A
:10048000C01A10BD0A0401D0801E10BD0902FCD0A4
:10049000401E10BD032A40F2308010F0030C00F023
:1004A000158011F8013BBCF1020F624498BF11F8AE
:1004B00001CB00F8013B38BF11F8013BA2F1040267
:1004C00098BF00F801CB38BF00F8013B11F00303DF
:1004D00000F06280083AC0F0088051F8043B083A06
:1004E00051F804CBA0E80810F5E7121D5CBF51F8E5
:1004F000043B40F8043BAFF30080D20724BF11F85F
:10050000013B11F801CB48BF11F8012B24BF00F8C3
:10051000013B00F801CB48BF00F8012B704702F007
:10052000FF0343EA032242EA024200F069B84FF0B7
:10053000000200B5134694469646203922BFA0E833
:100540000C50A0E80C50B1F12001BFF4F7AF09073F
:1005500028BFA0E80C5048BF0CC05DF804EB890030
:1005600028BF40F8042B08BF704748BF20F8022B73
:1005700011F0804F18BF00F8012B7047704770478B
:10058000704710B500F05CF8006810BD10B5044667
:1005900000F056F8046010BD10B5203AC0F00B8092
:1005A000B1E81850203AA0E81850B1E81850A0E877
:1005B0001850BFF4F5AF5FEA027C24BFB1E81850D1
:1005C000A0E8185044BF18C918C0BDE810405FEA41
:1005D000827C24BF51F8043B40F8043B08BF7047BD
:1005E000D20728BF31F8023B48BF11F8012B28BFC2
:1005F00020F8023B48BF00F8012B70474FF0000283
:100600000429C0F0128010F0030C3FF492AFCCF13B
:10061000040CBCF1020F18BF00F8012BA8BF20F892
:10062000022BA1EB0C01FFF784BF5FEAC17C24BF62
:1006300000F8012B00F8012B48BF00F8012B704790
:100640000048704798660020004870479866002070
:100650007546FFF7F9FFAE4605006946534620F0A0
:100660000700854618B020B5FFF76CFEBDE82040B6
:100670004FF000064FF000074FF000084FF0000B5E
:1006800021F00701AC46ACE8C009ACE8C009ACE811
:10069000C009ACE8C0098D46704710B50446AFF3F9
:1006A00000802046BDE81040FFF7D7BD0149182063
:1006B000ABBEFEE726000200704706F015BF06F04D
:1006C000A9BF10B510EE100A0BF0ECFB41EC100BBB
:1006D00007F0CAF851EC100B0AF03EFE00EE100ACB
:1006E00010BDF0EE400AF5EEC00AF1EE10FA02DDA0
:1006F000B0EE600A7047B1EE600AFBE7002803D055
:100700009FED020A80ED000A704700000000000023
:10071000002803D0B3EE060A80ED000A70470000FF
:1007200070B52DED0C8B84B006460C4615469FED3A
:10073000990AF0EE408A9FED970AB0EE409A9FED3D
:10074000950AF0EE40BA9FED930AF0EE409A9FEDC5
:10075000910AB0EE40AA0EB104B11DB904B0BDECCF
:100760000C8B70BD8C48FFF7C9FF8C48FFF7D0FF9A
:100770008A48D0ED000A9FED8A1A60EE810AB0EE39
:10078000600A00F025F9F0EE408A28EEA80AF0EEA3
:10079000408A8248D0ED000AB0EE001A60EE810A6D
:1007A0009FED7F1A60EE810AB0EE600A00F010F94A
:1007B000B0EE409A29EE090AB0EE409ADFED790AD0
:1007C000B7EE000A00EEA80ADFED770A00EEC90ACC
:1007D000DFED760A20EE200A754880ED000A6E48AB
:1007E00090ED000ADFED730A80EE201AB7EE000AE2
:1007F00031EE000A20EE000A6D48D0ED000A80EECE
:10080000801A6D4880ED001A94ED000AB5EEC00A1A
:10081000F1EE10FA0DD194ED010AB5EEC00AF1EE39
:1008200010FA06D194ED020AB5EEC00AF1EE10FA04
:1008300046D09FED580AB0EE408A00200190029009
:100840000390D4ED000A60EEA00A94ED011AD4EDF5
:10085000011A41EE210A94ED021AD4ED021A41EE7A
:10086000210AB0EE600A00F0A9F8B0EE408A94EDDB
:10087000000A20EE080A8DED010A94ED010A20EE2F
:10088000080A8DED020A94ED020A20EE080A8DEDA9
:10089000030ADDED010AF1EE600AB0EE600AFFF72F
:1008A0000CFFF0EE409A9DED031AF0EE410A9DED2B
:1008B000021AB0EE410AFFF702FFB0EE40AA07E0CD
:1008C0009FED340AF0EE409A9FED320AB0EE40AA56
:1008D00095ED000AB5EEC00AF1EE10FA0DD195EDD6
:1008E000010AB5EEC00AF1EE10FA06D195ED020A42
:1008F000B5EEC00AF1EE10FA3CD0B0EE690A00F095
:1009000067F8B0EE408AB0EE690AFFF7DAFEB0EEA3
:1009100040DAB0EE4A0A00F05BF8F0EE40AAB0EE22
:100920004A0AFFF7CEFEB0EE40BA28EE2A0AD5ED0D
:10093000010A20EE200AD5ED000A0DEE200A68EE2D
:100940000B0A95ED021A00EE810AB0EE40CA95ED51
:10095000010A20EE0B0AD5ED020A0AEEE00AF0EEDB
:1009600040CAF0EE6C0AB0EE4C0AFFF7A8FEF0EEBB
:1009700040BA03E09FED070AF0EE40BAB0EE4A1A23
:10098000F0EE690AB0EE6B0A304607F009FF00BFCF
:10099000E4E6000000000000FC010020000200204E
:1009A00035FA8E3CC1BFAD3B9DF8C5362F7C1C414E
:1009B00004020020506CC24A0802002010B507F063
:1009C000F7F8B7EE001AC1EE000AB0EE600A10BDEB
:1009D00010B510EE100A0BF065FA41EC100B07F0A1
:1009E00083F851EC100B0AF0B7FC00EE100A10BDB2
:1009F0002DE9F0412DED028B9AB00546B0EE408A0C
:100A00000E4617469846002017901890199014909B
:100A1000159016904DB146B13FB1B8F1000F04D01A
:100A2000B5EEC08AF1EE10FA05D100201AB0BDEC87
:100A3000028BBDE8F08196ED000A8DED170A96ED68
:100A4000010A8DED180A96ED020A8DED190A97ED4F
:100A5000000A8DED140A97ED010A8DED150A97ED48
:100A6000020A8DED160A17AA14A9284607F0EAFC17
:100A7000402104A8FFF75BFD002000900190029048
:100A80000390002417A904A809F03AFC00BF30E045
:100A900004A800EB041090ED000AD5ED000A20EE4A
:100AA000200A04A800EB0410D0ED010A95ED011A0C
:100AB00000EE810A04A800EB0410D0ED020A95EDC7
:100AC000021A00EE810A04A800EB0410D0ED030A1C
:100AD00095ED031A00EE810A20EE080AF0EE000AF6
:100AE00080EE201A684600EB840080ED001A601C3E
:100AF000C4B2042CCCDB002410E005EB840090EDA4
:100B0000000A684600EB8400D0ED000A30EE200AAF
:100B100005EB840080ED000A601CC4B2042CECDB01
:100B2000284609F04FFB012080E700000122102138
:100B3000014801F02FBC00000000024000221021FB
:100B4000014801F027BC000000000240704700008F
:100B500001221146014801F01DBC000000040240C2
:100B600000220121014801F015BC000000040240F0
:100B700030B5437804781B021BB2234300EE103AD1
:100B8000194CB8EEC00AD4ED000A20EE200A81ED1F
:100B9000000AC37885781B021BB22B4300EE103A83
:100BA000D4ED000AB8EEC00A20EE200A81ED010A59
:100BB000437904791B021BB2234300EE103AB8EECE
:100BC000C00A20EE200ADFED090A81ED020AD0F802
:100BD000060020F07F4000EE100AB8EE400A20EE3A
:100BE000200A82ED000A30BDC400002000401C42F3
:100BF000704708F0F9BC08F061BA000010B54278FF
:100C00000378120212B21A4300EE102A124BB8EE09
:100C1000C00AD3ED010A20EE200A81ED000AC27855
:100C20008478120212B2224300EE102AD3ED010A98
:100C3000B8EEC00A20EE200A81ED010A427900795F
:100C4000120212B2024300EE102AB8EEC00A20EEE1
:100C5000200A81ED020A10BDC400002010B5FFF784
:100C600075FFFFF7C5FF07F0E5FE08B1802402E03D
:100C700007F04CFE044608F0ABF810B144F0400019
:100C800010BD08F037F8204310BD00002DE9FC41ED
:100C90000746002016460D4600900190FFF74EFFD4
:100CA000922000F0BDF806226946122000F09AF862
:100CB000FFF73CFF9DF801009DF80010000200B214
:100CC000084300EE100A464CB8EEC00AD4ED000A04
:100CD00020EE200A85ED000A9DF803009DF8021021
:100CE000000200B2084300EE100AD4ED000AB8EE8C
:100CF000C00A20EE200A85ED010A9DF805009DF846
:100D00000410000200B2084300EE100AB8EEC00A58
:100D100020EE200A85ED020AFFF722FF082269462D
:100D2000002000F05FF8FFF713FF9DF800000F2888
:100D300030D19DF803009DF80210000200B2084374
:100D400000EE100AD4ED010AB8EEC00A20EE200A27
:100D500087ED000A9DF805009DF80410000200B21E
:100D6000084300EE100AD4ED010AB8EEC00A20EEE6
:100D7000200A87ED010A9DF807009DF80610000281
:100D800000B2084300EE100AB8EEC00A20EE200AB6
:100D900087ED020AFFF7D2FEA22000F041F80222FE
:100DA0006946222000F01EF8FFF7C0FE9DF8000003
:100DB0009DF80110C00040EA5110B0F5806F01DBD2
:100DC000A0F5006000EE100AB4EE001AF8EEC00ABA
:100DD000B3EE070A00EE810A86ED000ABDE8FC8149
:100DE000C400002070B514460D4640F0800000F0AD
:100DF00017F806E0552000F013F8641E05F8010B03
:100E0000E4B2002CF6D170BD10B50C4640F0800065
:100E100000F006F8552000F003F8207010BD000027
:100E200001B582B04FF47A700090012301AA02A9A3
:100E3000024802F081F99DF804000EBD0016002062
:100E400002784078D20042EA5010B0F5806F01DBA2
:100E5000A0F5006000EE100AB4EE001AF8EEC00A29
:100E6000B3EE070A00EE810A81ED000A704710B563
:100E70000C46FFF7D5FF2046BDE81040FFF7D0BF76
:100E8000FEE70000014800F004BD00005C150020F2
:100E9000014800F0FEBC00005C150020014800F095
:100EA000F8BC000084150020014800F0F2BC0000EE
:100EB00084150020F0B589B0002600966B4602AA82
:100EC0003146019600F055FC002843D10398039960
:100ED00020F01F0001F01F07B0F5807F3AD12B4CA6
:100EE00094F8540048B101F05BFA216D401AB0F556
:100EF0007A7F02D984F854606660012517B394F8AC
:100F00005400002826D02078B84223D3791E05FA51
:100F100001F0616801421DD104EBC701009A8A60AB
:100F2000019ACA6061680143616001F039FA206585
:100F30002078616885406D1E8D430BD142000020F2
:100F4000134B1BE09DF80000207008B1082803D95E
:100F500084F8546009B0F0BD666084F8545001F024
:100F60001FFA2065F6E700BF04EB80010D7CD1F885
:100F7000111045EA012143F82010401C9042F3D3A0
:100F800084F85460666000F017FAE3E7F865002023
:100F9000E8630020A0F20120072820D8C0B2104B3F
:100FA000421C03EB0010DFED0F0A028001224273A6
:100FB0000A8852BA00EE102A4280B8EE400A20EEAB
:100FC000200ADFED090A20EE200A80ED010A4A8896
:100FD00052BA02818A8852BA4281C9790173704734
:100FE000946200200000B4430000003930B587B09F
:100FF00005460091002108200291CDE90310144616
:101000008DF81410284600F02EFC0028FAD006AB0C
:1010100022466946284600F0C7FA07B030BD30B511
:10102000048843888188E21A551823446D425C1A6B
:10103000521AC5800482194442834942818430BDDA
:10104000014800F0F5BE0000F01700202DE9F05F28
:10105000A748A84BA84CC06CA64DA74EA54F00684A
:10106000A449DFF89492DFF88CA2DFF88CB2DFF8A5
:1010700084E2A14A483B603418351836303F09F104
:1010800078090AF1300A4FF4006C0BF1300BAEF125
:10109000180E884223D99749543926E0A84233D103
:1010A0004FF020080AE0504535D1E04606E000BF89
:1010B0004FF4001802E000BF4FF0006811EA080F7B
:1010C0007CD08C49884253D9904205D0984203D0B5
:1010D000A04201D0A8422FD14FF0200C45E0864914
:1010E000A831884203D983495839096805E0824903
:1010F000483188428149F8D949689042D0D0984215
:10110000CED0A042CCD0C9E7B042CED0B842CCD0ED
:101110004845CAD0C7E75845CAD07045C8D0DFF89F
:10112000D88108F190084045C2D0DFF8C88108F1A5
:1011300048084045C0D1BBE7B04216D0B84214D0F1
:10114000484512D0504510D0584509D0704507D0B9
:1011500069499031884203D066494831884202D1BA
:101160004FF4001C01E04FF0006C62484C382AE05C
:101170006149A831884229D9904205D0984203D0CC
:10118000A04201D0A84202D14FF0200C19E0B04299
:1011900017D0B84215D0484513D0504511D0584506
:1011A00009D0704507D054499031884203D0514945
:1011B0004831884203D14FF4001C02E095E04FF023
:1011C000006C4C485038C0F800C052E04A494831E1
:1011D000884227D9904205D0984203D0A04201D03E
:1011E000A84202D14FF0200C18E0B04216D0B8420D
:1011F00014D0484512D0504510D0584509D07045FC
:1012000007D03D499031884203D03A49483188425D
:1012100002D14FF4001C01E04FF0006C3748C0F8D9
:101220000CC026E0904205D0984203D0A04201D0E5
:10123000A84202D14FF0200C18E0B04216D0B842BC
:1012400014D0484512D0504510D0584509D07045AB
:1012500007D029499031884203D026494831884235
:1012600002D14FF4001C01E04FF0006C2348C0F89D
:1012700008C0234C207880070CD5207820F002008D
:101280002070207840F004002070012211461D4893
:1012900001F080F860781C4D80070CD5607820F054
:1012A00002006070607840F004006070012210213C
:1012B000284601F06FF8A07880070CD5A07820F0C0
:1012C0000200A070A07840F00400A070012210215C
:1012D000284601F05FF808F025F82078400704D58B
:1012E0000A48016841F001010160BDE8F09F00007B
:1012F0000016002058640240106002400060024066
:10130000F80000200004024000000240103C0140B0
:1013100001681823CAB2103AB2FBF3F2054B6FF31F
:101320000901032A9B5CC36500D9091D8165084634
:101330007047000028C2000810B5014600208B69E4
:101340008A6A4FF0C07453B1B3F5005F15D072B123
:10135000012A0CD0022A0AD0032A09D104E01AB1CA
:10136000012A06D0022A03D1C96AC90100D5012089
:1013700010BDC96AA142FAD010BD002AF7D0012AD7
:10138000F2D0022AF3D0032AF3D010BD30B504689E
:10139000256825F480252560046863608368402BF8
:1013A000036803D099600068C26030BD9A6000682D
:1013B000C16030BD704700002B48A0F1440190EDA2
:1013C000000A81ED070A90ED010A81ED080A90ED0F
:1013D000020A81ED090A90ED030ABDEEC00A10EE83
:1013E000102A0A8590ED040ABDEEC00A10EE102AFC
:1013F0004A8590ED050ABDEEC00A10EE102A8A85D6
:1014000090ED060ABDEEC00A10EE102ACA8590EDD6
:10141000070ABDEEC00A10EE102A0A8690ED080AEF
:10142000BDEEC00A10EE102A4A8690ED090ABDEE04
:10143000C00A10EE102A8A8690ED0A0ABDEEC00A94
:1014400010EE102ACA8690ED0B0ABDEEC00A10EE0F
:10145000102A0A8790ED0C0ABDEEC00A10EE100AA1
:10146000488704F02FB90000E8630020044C0020F6
:1014700008F096FF2060012008F0B6F8F7E70000BA
:10148000B00100202DE9FC4180461646084600F0D8
:101490006DF8050011D000244FEA0D0707EB440159
:1014A0004A1C36F9140003F05BF9641C042CF5DBCC
:1014B0006A4629464046FFF799FDBDE8FC817CB5A8
:1014C000044600201346009001904A1E4800032A5B
:1014D00003D84FF40075801E05E0491F03290DD87D
:1014E00040F2FF150A380DEB00014A1C184603F0C4
:1014F00037F96A4629462046FFF778FD7CBD012072
:1015000000F044BE082000F041BE102000F03EBEB6
:10151000202000F03BBE72B6FEE70000114800B587
:1015200090ED000A08F090FE0F4981ED060A90ED5B
:10153000010A08F089FE81ED070A90ED000A08F023
:1015400083FE0849C43181ED000A90ED010A08F0DC
:101550007BFE81ED010A90ED020A08F075FE81ED37
:10156000020A00BD7C610020F8000020012803D0A1
:10157000052804D0002070474FF40070704740F2F7
:10158000FF10704790F82020012A07D0022A05D0CA
:10159000416A41F48021416201207047006842693C
:1015A0000A43426100207047F0B590F8205004686B
:1015B000A468012D05D0022D03D0416A41F4802199
:1015C0004DE014F0406F01D1E50045D5C4F301644E
:1015D0000125A5401D608D684FF4C0739DB1CE6894
:1015E00035434E6845EAC605066803EB0417F55116
:1015F0004FF4C275076805EB04150E697E51097D2D
:10160000012905D009E00E88CD6845EA4655EBE78B
:1016100001684E5946F480764E511179D2F8055042
:101620004FF4C67641EA0521056806EB0416A95178
:101630001178D2F801204FF4C47541EA0221026802
:1016400005EB04155151006803EB0411425842F0B8
:10165000010242500020F0BD416A41F40011416294
:101660000120F0BD10B590F82020012A07D0022AF1
:1016700005D0416A41F480214162012010BD3B4800
:10168000D0F8002242F00102C0F80022D0F8002277
:1016900022F47C52C0F80022D0F800224B6A42EAC1
:1016A0000322C0F800220A7D02F01F0301229A40A3
:1016B000D0F81C329343C0F81C32CB69B3B9D0F8D0
:1016C0000C329343C0F80C328C894B6864F31F438F
:1016D0004C6900EBC404C4F840320C890B6864F315
:1016E0001F434C6900EBC404C4F84432CB69012B9E
:1016F00016D1D0F80C321343C0F80C320C884B686A
:1017000064F31F434C6900EBC404C4F840320C89F5
:10171000CB6864F31F434C6900EBC404C4F8443243
:101720008B69002BD0F804320ED01343C0F804327A
:101730000B69002BD0F8143208D01343C0F81432D0
:10174000096A012904D008E09343EFE79343F5E7E2
:10175000D0F81C121143C0F81C12D0F8001221F06E
:101760000101C0F80012002010BD0000006400401C
:10177000704770B590F82040012C05D0022C03D0A2
:10178000416A41F4802128E0046809B32469A40770
:1017900020D04FF4D874056804EB01142D5915F0CE
:1017A0000405956005682D591AD0ED085560056847
:1017B0002C5904F00204D4604FF4DA74056804EB89
:1017C00001142E5906F00F06082E0CD308250DE043
:1017D000E468DCE7416A41F400114162012070BD18
:1017E0006D0D1560E3E72D5905F00F0515610568CE
:1017F0002D59C5F30725956105682C59240C5461B2
:101800004FF4DC72046802EB0112A4581C700468E7
:10181000A458240A5C700468A458240C9C700468C2
:10182000A258120EDA704FF4DE72046802EB011255
:10183000A4581C710468A458240A5C710468A45854
:10184000240C9C710468A258120EDA71006829B148
:10185000016941F020010161002070BDC16841F0C3
:101860002001C160F8E70246002092F8201001290B
:1018700001D002290CD111688A68520100D50120DB
:101880008A68120100D5401C8968C90000D5401C37
:1018900070472DE9F05F0546006800244669D0F8DE
:1018A00004908768D0F80CB0D0F810A0D0F8188059
:1018B000F10748D0F90714D001218160B80703D59A
:1018C000284600F052FA0CE0780702D54FF4006485
:1018D00007E0380702D54FF4805402E0284600F0B4
:1018E00043FAF80516D529684FF480708860B8056A
:1018F00003D5284600F03BFA0CE0780502D544F405
:10190000005407E0380502D544F4804402E028463C
:1019100000F02CFAF80316D529684FF4803088605F
:10192000B80303D5284600F024FA0CE0780302D56A
:1019300044F4004407E0380302D544F4803402E064
:10194000284600F015FA300707D55FEACB6004D5CA
:101950002968102044F40074C86070074FF008072D
:1019600007D55FEA0B7004D52868C760284600F0E9
:10197000A9F9B00706D52868C068800702D02846B4
:1019800000F0A2F9700607D55FEACA6004D529689D
:10199000102044F480640861B00607D55FEA0A703D
:1019A00004D528680761284600F0AEF9F00606D590
:1019B00028680069800702D0284600F0A6F9B00325
:1019C00008D55FEAC96005D5296810204860284617
:1019D00000F09CF9F00307D55FEA097004D5286888
:1019E0004760284600F0C6F9300446D55FEA4970E2
:1019F00040D5F00504D55FEAC87001D044F0010479
:101A0000B00504D55FEA887001D544F00204700582
:101A100004D55FEA487001D544F00404300529D5A7
:101A200018F0700F26D008F07000402815D006DCA2
:101A3000102809D020280AD0302816D10AE05028D2
:101A40000ED0602811D10EE044F008040DE044F0FF
:101A500010040AE044F0200407E044F0400404E0ED
:101A600044F0800401E044F480742868816921F026
:101A700070018161296804204860002C05D0686AE3
:101A8000204368622846FFF773FEBDE8F09F70B5FB
:101A9000040003D094F8200010B104E0012070BDD0
:101AA000204600F081F82068016841F001010160E2
:101AB00000F076FC0546052604E000F071FC401BB2
:101AC0000A2811D820684068C007F6D0206801684D
:101AD00021F00201016000F063FC05460BE000F01C
:101AE0005FFC401B0A2806D9606A40F4003060623F
:101AF00084F82060D2E7206840688007EFD4207E19
:101B00000128206801683DD021F080010160607EDD
:101B100001282068016838D021F040010160A07ED2
:101B200001282068016833D021F020010160E07EA7
:101B30000128206801682ED041F010010160207F4B
:101B400001282068016829D021F008010160607F28
:101B500001282068016824D021F004010160D4E943
:101B600002010843D4E90412114308436168491E85
:101B700008432168C86100206062012084F82000C9
:101B8000002070BD41F08001C0E741F04001C5E791
:101B900041F02001CAE721F01001CFE741F0080130
:101BA000D4E741F00401D9E7F0B587B00446142129
:101BB0006846FEF7BCFC3E4B3E48DFF8F0E0196893
:101BC000D4F800C03B4A0325022609271030002420
:101BD000491CF4452AD11960012907D1016841F057
:101BE00000710160006800F000700590106840F01E
:101BF000080010601068CDE9005600F00800CDE93B
:101C0000047069462C48CDE9024500F0CBFA002269
:101C10000521142000F0DEFE142000F0CDFE00228D
:101C20000521152000F0D6FE15203AE0DFF88CE003
:101C3000F44538D1D0F800C04CF0806CC0F800C03A
:101C4000D0F800C001290CF0806CCDF814C01960E8
:101C500007D1016841F000710160006800F0007078
:101C60000590106840F002001060106802AB00F0B0
:101C7000020005906020CDE9000683E8B0006946C7
:101C80000F4800F08FFA00220521402000F0A2FE4C
:101C9000402000F091FE00220521412000F09AFE34
:101CA000412000F089FE07B0F0BD00000064004054
:101CB0003000002030380240000C02400068004034
:101CC000000402407047000000B50C4A016887B06C
:101CD00091420CD10A4B6A460021FFF74AFD0028C9
:101CE00003D107490098FFF755F907B000BD054A31
:101CF0009142FAD1FFF7DEF8F7E7000000640040F8
:101D0000E001002000680040704770477047000005
:101D100070B5044690F82000012804D0606A40F4B1
:101D20000020606218E0022084F82000206801682A
:101D300021F00101016000F033FB05460EE000BF19
:101D400000F02EFB401B0A2808D9606A40F40030DE
:101D50006062052084F82000012070BD2068406882
:101D6000C007EDD1606270BD704770477047704723
:101D70007047704770472DE9F0410446876D00F0C9
:101D80000FFB064694F835000025022806D0802077
:101D9000606584F834500120BDE8F0812068016856
:101DA00021F0160101602068416921F08001416144
:101DB000206C08B9A06C20B12068016821F00801EE
:101DC00001602068016821F0010101600CE000F071
:101DD000E7FA801B052807D920206065032084F8D6
:101DE000350084F83450D7E720680068C007EED18A
:101DF00094F85C103F208840B860012084F83500DA
:101E000084F834500020C7E790F83510022903D039
:101E10008021416501207047052180F83510006858
:101E2000016821F00101016000207047406D70479A
:101E30002DE9F84304464FF00009CDF800906348BF
:101E40004FF41651A56D0068B0FBF1F72E6894F8B9
:101E50005C10082000FA01F131420FD021680A68B5
:101E600052070BD50A6822F004020A6094F85C104D
:101E70008840A860606D40F00100606594F85C10D7
:101E80004FF0010808FA01F0304208D02168496992
:101E9000090604D5A860606D40F00200606594F802
:101EA0005C1004208840304208D021680968890706
:101EB00004D5A860606D40F00400606594F85C1083
:101EC00010208840304218D021680968090714D5CD
:101ED000A86020680168490304D50068000308D59C
:101EE000A16C07E00168C90503D4016821F008016D
:101EF0000160216C09B12046884794F85C102020CD
:101F00008840304231D021680968C9062DD5A860C3
:101F100094F8350005282068016806D0490347D5A4
:101F2000006800031DD4616C1CE021F01601016003
:101F30002068416921F080014161206C08B9A06CE2
:101F400020B12068016821F00801016094F85C105C
:101F50003F208840A86084F8358084F83490216D53
:101F60001FE0E16B09B120468847606D00282BD047
:101F7000606DC00714D0052084F835002068016822
:101F800021F0010101600098401C0090B84203D884
:101F900020680068C007F6D184F8358084F8349052
:101FA000E16C002910D001B02046BDE8F04308479D
:101FB0000168C905D5D4016821F01001016084F8D9
:101FC000358084F83490CCE7BDE8F88340000020E9
:101FD0002DE9F041044600F0E3F906465CB1022029
:101FE00084F83500002584F834502068016821F019
:101FF000010101600DE00120BDE8F08100F0D0F9A1
:10200000801B052805D920206065032084F8350051
:10201000F2E720680068C007F0D122681168204804
:102020000140D4E901031843D4E90336334318438C
:1020300063691843A3691843E3691843236A184383
:102040000843616A042903D1D4E90B1319430843F7
:10205000106020684069666A20F0070130460E4330
:10206000012704280CD1A06A0643E06A40B120464B
:10207000FFF762F920B14020606584F83570BAE757
:10208000206846612046FFF743F994F85C203F2121
:1020900091408160656584F835700020ACE70000F0
:1020A0003F8010F02DE9F0410446866D90F8340031
:1020B000002501280DD0012084F8340094F83570F3
:1020C0000020012F07D084F8340002252846BDE8FF
:1020D000F0810220FBE7022784F835706065204616
:1020E000FFF754F994F85C103F208840B0602068F6
:1020F000016841F016010160206C20B12068016880
:1021000041F0080101602068016841F001010160AF
:10211000DCE7000010B51B4C10281AD0202821D075
:1021200008282AD0012813D108F054FF01280FD025
:1021300004F10C01206908F08FFAE068002807D04C
:1021400011494FF080500860BFF34F8FBFF36F8F7E
:1021500010BD607840F001006070A07840F0010090
:10216000A07003E0207840F0010020702079002862
:10217000EED0BDE8104007F0D5B8E07840F001009F
:10218000E07010BDF800002004ED00E0044910B537
:102190000A68024202D00860FFF7BCFF10BD0000D1
:1021A000143C01402DE9F84FDFF8BCA100220125C5
:1021B00003264FF00F090AF1040BAAF1040E00BF29
:1021C0000B6805FA02F42340A34270D10F7907F09F
:1021D0000307012F01D0022F16D187684FEA42086A
:1021E00006FA08FC27EA0C07D1F80CC00CFA08FC28
:1021F0004CEA070CC0F808C04768A7430C79C4F341
:10220000001494403C4344600C79E443A4070AD092
:10221000C4684FEA420C06FA0CF7BC438F6807FA11
:102220000CF72743C7600C7904F00304022C12D189
:10223000D40800EB840CDCF820405707FF0E09FAA5
:1022400007F824EA0804D1F8108008FA07F848EAE9
:102250000408CCF8208004684FEA420C06FA0CF718
:10226000BC430F7907F0030707FA0CF72743076011
:102270004C6814F4403F70D03C4C276847F48047CA
:102280002760246822F0030704F480440094384C4B
:1022900007EB040CDCF8084897074FEA177809FAAF
:1022A00008F7BC43334FB84202D1002724E054E082
:1022B000314FB84201D101271EE0304FB84201D161
:1022C000022719E02E4FB84201D1032714E02D4F09
:1022D000B84201D104270FE02B4FB84201D10527A6
:1022E0000AE02A4FB84201D1062705E0284FB8423C
:1022F00001D1072700E0082707FA08F72743CCF8A1
:102300000878DAF800405746D1F804C09C435FEAE9
:10231000CC2C00D51C433C60DBF800405F46D1F874
:1023200004C09C435FEA8C2C00D51C433C60DEF863
:1023300000407746D1F804C09C435FEA8C3C00D54E
:102340001C433C60084F083F3C68D1F804C09C43E4
:102350005FEACC3C00D51C433C60521C102AFFF4C1
:102360002FAFBDE8F88F0000083C01404438024020
:10237000003001400000024000040240000802401A
:10238000000C0240001002400014024000180240FD
:10239000001C02400AB1816170470904FBE700009C
:1023A00001488068704700003400002070B50400C8
:1023B00025D094F83D00002520B984F83C502046F3
:1023C00000F052FA242084F83D002068016821F0D2
:1023D000010101602068016841F40041016020684A
:1023E000016821F40041016000F0C0FB4D4A6168C2
:1023F000914201D84C4900E04C49884201D2012069
:1024000070BD4B492368B0FBF1F15E6826F03F06D2
:102410000E435E606368934206D94FF49673594346
:102420004FF47A73B1FBF3F12368491C1E6A26F05E
:102430003F06314319626168914210D84900401E3D
:10244000B0FBF1F2521CC2F30B02042A01D20420A9
:1024500022E0B0FBF1F0401CC0F30B001CE0A268CE
:10246000F2B301EBC10303EB0116431EB3FBF6F31A
:102470005B1C43F480431B0549D092B301EBC102BE
:1024800002EB0111401EB0FBF1F0401CC0F30B0049
:1024900040F4804040F400402168CA694CF6FF7364
:1024A0009A431043C861D4E90710014320680268C9
:1024B00022F0C00211430160D4E903010143206806
:1024C000826848F2FF339A4311438160D4E90501E1
:1024D00008432168CA6822F0FF021043C86001E087
:1024E0000EE016E02068016841F0010101602564FA
:1024F000202084F83D00256384F83E50002070BD04
:1025000001EB4106431EB3FBF6F35B1CB3E701206E
:10251000C2E701EB4101401EB0FBF1F0401CC0F3EB
:102520000B00B7E7A086010080841E0000093D0073
:1025300040420F002DE9FF4F83B09A46DDE9118735
:1025400093460446DDF84090FFF72AFF054694F8CD
:102550003D00202870D1192301227449204600959E
:1025600001F0CCFE0028F5D194F83C00012863D09E
:10257000012084F83C0020680168C90703D1016884
:1025800041F0010101602068016821F400610160EF
:10259000222084F83D00402084F83E000026266476
:1025A000C4F82490A4F82A80608D20856048E062F9
:1025B000CDE9007553465A462046049901F0A0FD26
:1025C000002879D1208DD0B1012821D0022820689F
:1025D00024D0416980690090208D032866D80128A5
:1025E0002BD0544902283B464FF00002009557D0AB
:1025F0008846204601F082FE00285DD13AE020683E
:10260000416981690091016841F4007101607DE0D8
:102610002068016821F480610160F0E7016821F41D
:10262000806101602068016841F4006101602068F8
:1026300041698069009069E075E02A463946204684
:1026400001F002FF88BB54E02068016841F400718A
:10265000016020680069616A0870606A401C6062FD
:10266000218D491E2185618D491E61852168096979
:10267000017042E02068016821F4806101602068F7
:102680000069616A0870606A401C6062208D401EAB
:102690002085608D401E60853B46002241460095A6
:1026A000204601F02BFE00B9CEE705E02A46394668
:1026B000204601F0C9FE18B1012007B0BDE8F08F37
:1026C00020680069616A0870606A401C6062208D41
:1026D000401E81B22185608D401E60852068426960
:1026E000D243520712D4032903D1016821F4806137
:1026F000016020680069616A0870606A401C60625D
:10270000208D401E2085608D401E6085208D002814
:102710007FF462AF202084F83D0084F83E6084F8A6
:102720003C600020C9E70220C7E70000020010005B
:102730000000FFFF040001002DE9FF4F83B09A461F
:10274000DDE9119793460446DDF84080FFF728FE47
:10275000054694F83D0020287FD1192301224049E5
:102760002046009501F0CAFD002876D194F83C007F
:10277000012872D0012084F83C0020680168C90754
:1027800003D1016841F0010101602068016821F472
:1027900000610160212084F83D00402084F83E0063
:1027A00000262664C4F82480A4F82A90608D208531
:1027B0002C48E062CDE9007553465A4620460499FC
:1027C00001F01CFD70B930E02A463946204601F080
:1027D00073FE58B1206C042804D12068016841F4CC
:1027E00000710160012007B0BDE8F08F606A2168C8
:1027F00000780861606A401C6062218D491E89B2C0
:102800002185628D521E628522685369DB435B0716
:102810000BD469B100781061606A401C6062208D41
:10282000401E2085608D401E6085208D0028CBD104
:102830002A463946204601F035FD0028CAD154F811
:102840003D0B016841F400710160202004F81E096D
:10285000E67766770020C6E7FFE70220C3E70000BF
:10286000020010000000FFFFF0B587B004461421FD
:102870006846FDF75CFE1D492068884233D11C483C
:102880000024016841F004010160016801F00401C5
:102890000591016841F0010101600068122500F016
:1028A000010005904FF40070CDE9000502AA03264F
:1028B000042782E8D00069460E48FFF773FCB80190
:1028C000CDE9000502AA694682E8D0000A48FFF770
:1028D00069FC07481030016841F40001016000689C
:1028E00000F40000059007B0F0BD0000005C00405F
:1028F000303802400008024000000240024881686F
:102900000278114481607047340000200B4810B5F4
:10291000016841F400710160016841F48061016067
:10292000016841F480710160032000F073F80F200A
:1029300000F006F800F024F8002010BD003C024032
:1029400070B50D4D04464FF47A712878B1FBF0F064
:102950000A490968B1FBF0F000F0E6FC48B9102C18
:1029600007D200222146501E00F034F800206C608F
:1029700070BD012070BD0000340000204000002028
:102980000C4882B0016841F480410160006800F4A5
:10299000804000900748001F016841F080510160AD
:1029A0000068002200F0805000900F21901E02B0BD
:1029B00000F010B844380240002809DB00F01F0284
:1029C000012191404009800000F1E020C0F8001191
:1029D00070470000F0B40E4B1B680C46C3F3022393
:1029E000C3F10705042D00D90425191D072901D2BB
:1029F000002300E0DB1E012606FA05F1491E2140F6
:102A000099409E40761E16403143F0BC04F05CBDF8
:102A10000CED00E0064900F0070208684FF6FF03DE
:102A2000184040EA0220034A104308607047000043
:102A30000CED00E00000FA052DE9F0470E46050018
:102A400065D0DFF81481D8F80000F7B200F0070075
:102A5000B04207D288F80070D8F8000000F00700F4
:102A6000B04254D128683D4C810712D5400703D5A8
:102A7000206840F4E05020602878000703D52068E3
:102A800040F4604020602068A96820F0F00008430E
:102A900020602878C0072DD030496868083901289F
:102AA00012D0022813D0032811D009688907002901
:102AB0002DDA216821F0030101432160FFF770FC4A
:102AC000814641F2883A0EE009688903EFE7096818
:102AD0008901ECE7FFF764FCA0EB0901514502D93D
:102AE0000320BDE8F0872068696800F00C00B0EBB7
:102AF000810FEFD1D8F80010404601F00701B14234
:102B000007D90770006800F00700B04201D001202B
:102B1000E7E72878400705D52068E96820F4E05009
:102B2000084320602878000706D52068296920F42A
:102B3000604040EAC100206000F038F82168084A8F
:102B4000C1F30311515CC84006490860064800689B
:102B5000FFF7F6FE0020C4E7003C024008380240C0
:102B600030C2000840000020380000200448054919
:102B700000680968044AC1F38221515CC84070476B
:102B8000400000200838024040C2000804480549BF
:102B900000680968044AC1F34231515CC84070477B
:102BA000400000200838024040C20008154810B517
:102BB000006810F00C02144813D01449042A0FD0F6
:102BC000082A0ED10F4C241F2268236802F03F020E
:102BD0005B0207D52068C0F38810A0FB010106E066
:102BE000084610BD2168C1F38811A1FB0001002334
:102BF000FDF7BAFB2168C1F30141491C4900B0FB54
:102C0000F1F010BD083802400024F40040787D0146
:102C10002DE9F84F04006ED02078DFF84C93C00700
:102C2000A9F104054AD009F104000168C1F381014A
:102C3000012908D00068C0F3810002280AD1D9F820
:102C40000000400206D52868800337D56068002858
:102C5000E1D033E06068B0F5803F10D0B0F5A02F30
:102C6000286810D020F480302860286820F4802064
:102C700028606068A8B1FFF793FB06460DE028685E
:102C800040F48030F4E740F480202860F7E700BF8C
:102C9000FFF786FB801B642873D828688003F7D56C
:102CA0000CE0FFF77DFB064605E000BFFFF778FB71
:102CB000801B6428F0D828688003F7D42078DFF8D8
:102CC000AC8280074FF0000A3ED5A748001D01687E
:102CD00011F00C0F08D00068C0F3810002280BD15E
:102CE000D9F80000400207D42868800716D5E068AC
:102CF000012800D112E033E1E068B8B10120C8F842
:102D00000000FFF74DFB064605E000BFFFF748FB5C
:102D1000801B0228C0D828688007F7D52868216959
:102D200020F0F80040EAC10028600DE0C8F800A0DB
:102D3000FFF736FB064604E0FFF732FB801B022854
:102D40001FD828688007F7D42078000722D5864F3F
:102D500087486169703771B101210160FFF720FB7D
:102D6000064604E0FFF71CFB801B022809D83868E0
:102D70008007F7D50EE0C0F800A0FFF711FB06466C
:102D800005E082E0FFF70CFB801B02287DD8386845
:102D90008007F7D42078400768D5DFF8CCB100274A
:102DA0000BF13C0BDBF80000C0000BD4DBF800108B
:102DB00041F08051CBF80010DBF80000012700F053
:102DC000805000906B4E3068C00510D4306840F4DD
:102DD00080703060FFF7E4FA009005E0FFF7E0FA5A
:102DE0000099401A022850D83068C005F6D55E4ECA
:102DF000A0686C3601280FD00528306810D020F06C
:102E000001003060306820F004003060A068B8B184
:102E1000FFF7C6FA00900FE0306840F00100F4E7D9
:102E200040F004003060F7E7FFF7BAFA0099411A62
:102E300041F28830814266D830688007F4D50EE0D0
:102E4000FFF7AEFA009007E0FFF7AAFA0099411ADF
:102E500041F28830814256D830688007F4D42FB1CF
:102E6000DBF8001021F08051CBF80010A069C8B346
:102E70003D49091D0968C1F3810102294AD0022890
:102E8000504607D0C8F8600000E03CE0FFF788FA41
:102E900004463BE04746C8F86000FFF781FA064663
:102EA00005E000BFFFF77CFA801B02282BD82868BA
:102EB0008001F7D4D4E907010843A16A2E4A4908E2
:102EC00002EB0141626A41EA8211084394F82C1036
:102ED00040EA0161C9F8001001203866FFF760FA86
:102EE000044606E03EE000BFFFF75AFA001B022846
:102EF00009D828688001F7D534E000BFFFF750FA01
:102F0000001B022802D90320BDE8F88F2868800141
:102F1000F4D427E00128F7D0D9F80000E26900F4E2
:102F2000800191421CD1226A00F03F01914217D1E9
:102F300047F6C071626A0140B1EB821F10D1A26AEC
:102F40004FF0FF3300F4403103EB5202B1EB024F7C
:102F500006D194F82C1000F07060B0EB016F01D036
:102F60000120D1E70020CFE70438024000004742AB
:102F7000800E4742007000400000FFFF70B5040063
:102F800009D0606A002540B125616561A56294F8A9
:102F9000510040B10CE0012070BD6068B0F5827F47
:102FA000F4D0E561F2E784F85050204600F044F890
:102FB000022084F851002068016821F0400101607E
:102FC000A088218900F4827001F404410843A1899A
:102FD00001F400610843217C01F002010843217DD6
:102FE00001F001010843218B01F400710843217FA6
:102FF00001F03801084394F8201001F080010843E3
:10300000218D01F40051084321680860A069042162
:1030100001EA104094F8241001F0100108432168DF
:1030200048602068C16921F40061C16165650120C3
:1030300084F85100002070BD2DE9F04186B00646AD
:1030400014216846FDF773FA35493068884264D127
:1030500034480024016841F480510160006800F4A4
:10306000805005902F481438016841F0020101603A
:10307000016801F002010591016841F00101016060
:103080000068022500F0010005901820CDE9000538
:1030900002AA03274FF0050882E8900169462248FA
:1030A000FFF780F88020CDE9000502AA694682E892
:1030B00090011E48FFF776F81E4D1D487F062860D8
:1030C000C5E901744FF48068C5E903486C61781262
:1030D000AC61C5E9074028466C62FEF779FF08B18C
:1030E000FEF719FAF564AE63124D114860351830D9
:1030F000E5E802074020A5E81101C00245F814499F
:10310000AC61C5E907400B486C626030FEF760FFB8
:1031100008B1FEF700FAB564AE6306B0BDE8F08111
:1031200000300140443802400004024000000240E8
:1031300040640240581600202DE9FF4F81B01D4623
:10314000934604464FF001090E9EFFF729F9074602
:1031500094F851006168012806D0B1F5827F3CD116
:10316000A168C9BB042838D10298002871D0BBF1EE
:10317000000FFBD0002DF9D094F8500001282CD07E
:103180004FF0010A84F850A094F85100042802D0AE
:10319000052084F851004FF00008C4F85480C4F8AA
:1031A00038B0E587A58702992163E586A586C4F82E
:1031B0004080C4F8448020680168490603D401684F
:1031C00041F040010160E068B0F5006F606808D030
:1031D000F0B3012D49D081E0FFE7022005B0BDE842
:1031E000F08F08B1012D39D1206B21680088C860AB
:1031F000206B801C2063E08E401EE0862EE020685D
:10320000816889070FD5E18E69B1B9F1010F0AD143
:10321000216B0988C160206B801C2063E08E401EFA
:10322000E0864FF0000920688168C9070CD0E18F63
:1032300051B1C068A16B0880A06B801CA063E08FB7
:10324000401EE0874FF00109FFF7AAF8C01B01E01C
:103250000BE067E0B04201D3701C50D1E08E002833
:10326000CDD1E08F0028CAD13EE0206B21680078E4
:103270000873206B401C2063E08E401EE0862DE02A
:103280002068816889070FD5E18E69B1B9F1010F16
:103290000AD1216B09780173206B401C2063E08EFA
:1032A000401EE0864FF0000920688168C9070CD0F5
:1032B000E18F51B1C068A16B0870A06B401CA06386
:1032C000E08F401EE0874FF00109FFF769F8C01B4F
:1032D000B04202D3701C01D011E086B1E08E00280C
:1032E000CED1E08F0028CBD13A463146204603F0BC
:1032F000CDFB50B12020606584F8508012E084F846
:1033000051A084F85080032068E7A06818B92068AD
:10331000C1688068009084F851A084F85080606D86
:103320000028F1D0012059E710B5401EB0F1807F90
:1033300001D3012010BD4FF0E02460610F21601720
:1033400004F0C2F80020A06107202061002010BD19
:103350007047704770B590F83C20012A32D00124A4
:1033600080F83C40022280F83D2003685A689D683E
:1033700022F070060A6832435A60134B02689A4280
:1033800014D0B2F1804F11D0104B9A420ED0104B96
:103390009A420BD00F4B9A4208D00F4B9A4205D05D
:1033A0000E4B9A4202D00E4B9A4204D1496825F046
:1033B00080031943916080F83D40002180F83C1063
:1033C000084670BD022070BD0000014000040040AE
:1033D00000080040000C0040000401400040014093
:1033E0000018004010B5040003D094F83D0010B15F
:1033F00007E0012010BD002084F83C00204600F0CA
:103400001FF8022084F83D00211D206803F096FC7F
:10341000012084F8460084F83E0084F83F0084F8D8
:10342000400084F8410084F8420084F8430084F8A6
:10343000440084F8450084F83D00002010BD0000E1
:1034400008B50068B0F1804F0CD01049884208D10F
:103450000F48016841F400310160006800F4003059
:10346000009008BD0A48001F016841F00101016099
:103470000068002200F00100009005211C20FFF7E9
:10348000A9FABDE808401C20FFF796BA00440140A5
:103490004438024090F83D10012901D001207047C6
:1034A000022180F83D1000681149884214D0B0F123
:1034B000804F11D00F4988420ED00F4988420BD05F
:1034C0000E49884208D00E49884205D00D498842ED
:1034D00002D00D49884204D1816801F00701062914
:1034E00003D0016841F00101016000207047000035
:1034F000000001400004004000080040000C0040B3
:1035000000040140004001400018004090F83D10C8
:10351000012901D001207047022180F83D10016887
:10352000CA6842F00102CA6000681149884214D09A
:10353000B0F1804F11D00F4988420ED00E49884219
:103540000BD00E49884208D00D49884205D00D495C
:10355000884202D00C49884204D1816801F00701F9
:10356000062903D0016841F0010101600020704785
:10357000000001400004004000080040000C004032
:1035800000040140004001400018004070B50446AE
:1035900090F83C000025012817D0012684F83C60F3
:1035A000022084F83D002068826822F0770222F42D
:1035B0007F4282600868502838D00DDC20284FD028
:1035C00005DC90B3102811D14AE0022070BD3028EC
:1035D00046D040280AD13BE060282FD070280DD07B
:1035E000B0F5805F03D0B0F5005F12D0012584F8FC
:1035F0003D60002084F83C00284670BDCB68D1E9CE
:103600000121206803F00FFC2068816841F07701F8
:1036100009E0CB68D1E90121206803F004FC2068AF
:10362000816841F480418160E1E719E0CA68496836
:10363000206803F001FD5021206806E0CA6849684F
:10364000206803F00AFD6021206803F0F6FBCEE756
:10365000CA684968206803F0EFFC40212068F4E75D
:10366000226801461046F0E770472DE9F041044614
:103670000068C66805694FF00007A90713D5B107B0
:1036800011D5F91E0161012020772068806980072B
:10369000204602D0FFF7E8FF04E000F0A9F820463A
:1036A00000F03BF92777680716D5700714D5216815
:1036B0006FF004000861022020772068806910F410
:1036C000407F204602D0FFF7CFFF04E000F090F8E3
:1036D000204600F022F92777280715D5300713D5A3
:1036E00021686FF008000861042020772068C06915
:1036F0008007204602D0FFF7B7FF04E000F078F81B
:10370000204600F00AF92777E80616D5F00614D50A
:1037100021686FF010000861082020772068C069D8
:1037200010F4407F204602D0FFF79EFF04E000F037
:103730005FF8204600F0F1F82777E80708D0F00797
:1037400006D021686FF001000861204600F04AF9B8
:10375000280608D5300606D521686FF0800008617C
:103760002046FFF7F5FD680608D5700606D52168E6
:103770006FF040000861204600F03BF9A8060AD52A
:10378000B00608D521686FF0200008612046BDE82A
:10379000F041FFF7DEBDBDE8F081000010B586B056
:1037A000044614216846FCF7C2FE0E492068884290
:1037B00015D10D480021026842F020020260006825
:1037C00000F020000590402000900220CDE901018A
:1037D0000320CDE9031069460448FEF7E3FC06B078
:1037E00010BD000000440140303802400014024087
:1037F000704770B5044690F83C0000260D4601283D
:103800000FD0012084F83C006AB1042A1DD0082A98
:103810002FD00C2A3FD00126002084F83C003046EF
:1038200070BD022070BD206803F044FB20688169F0
:1038300041F0080181612068816921F00401816102
:10384000206881692A69114311E0206803F062FB56
:103850002068816941F4006181612068816921F4F7
:1038600080618161206881692A6941EA0221816160
:10387000D2E7206803F084FB2068C16941F00801A9
:10388000C1612068C16921F00401C1612068C1697A
:103890002A69114311E0206803F0A6FB2068C16982
:1038A00041F40061C1612068C16921F48061C16196
:1038B0002068C1692A6941EA0221C161ACE710B5FB
:1038C000040003D094F83D0010B107E0012010BDC2
:1038D000002084F83C00204600F01EF8022084F806
:1038E0003D00211D206803F029FA012084F84600DC
:1038F00084F83E0084F83F0084F8400084F84100DA
:1039000084F8420084F8430084F8440084F84500B9
:1039100084F83D00002010BD7047704710B5044684
:10392000022249B104290ED0082913D094F841008D
:10393000012816D0012010BD94F83E000128F9D1CD
:1039400084F83E200FE094F83F000128F2D184F87B
:103950003F2008E094F840000128EBD184F8402093
:1039600001E084F841200122206803F04FFA164953
:103970002068164A884201D0904203D1436C43F438
:10398000004343642068884213D0B0F1804F10D0C8
:103990000F4988420DD00F4988420AD00E4988420B
:1039A00007D0904205D00D49884202D00C49884288
:1039B00004D1816801F00701062903D0016841F0B4
:1039C00001010160002010BD000001400004014021
:1039D0000004004000080040000C0040004001408E
:1039E000001800400068B0F1804F01D101F092B999
:1039F00070477047704770B5044620680C3050E837
:103A0000001F21F4907140E80012002AF5D12068CF
:103A1000143050E8001F21F0010140E80012002A94
:103A2000F5D1206B012809D120680C3050E8001F27
:103A300021F0100140E80012002AF5D12068406909
:103A40004FF00005400615D52068143050E8001FDF
:103A500021F0400140E80012002AF5D1E06B48B1A6
:103A60000565E06BFEF787F920B1E06BFEF7DEF944
:103A7000202806D0E585202084F842002563002018
:103A800070BD10206064032070BD0000034A01680F
:103A9000914201D100F00EBB704700000048004089
:103AA000F8B5016804460868CA684B6910F00F0F42
:103AB0004FF0000559D003F0010602F49077374328
:103AC00065D0C10705D0D10503D5616C41F0010176
:103AD0006164410705D5D90703D0616C41F002014B
:103AE0006164810705D5D90703D0616C41F00401F9
:103AF0006164010707D502F02001314303D0616CF6
:103B000041F008016164616C00293AD0800604D557
:103B1000900602D5204603F06EFB20684069616C78
:103B2000C0F38010090700D460B3204603F02EFBD9
:103B300020684069400621D52068143050E8001FF5
:103B400021F0400140E80012002AF5D1E06BA8B155
:103B500072490165E06BFEF757F9002811D0E06B60
:103B6000016D01B0BDE8F040084783060FD593060C
:103B70000DD52046BDE8F84003F03DBB2046FFF7D9
:103B800085FFF8BD2046FFF781FF6564F8BD266B11
:103B90002023012E7ED1C6067CD5D6067AD50868AC
:103BA0004868009048694FF0020640064DD5E26B28
:103BB000106840684FF480770004000C3AD0A18D63
:103BC000814237D9E085D069B8422DD020680C30C9
:103BD00050E8001F21F4807140E80012002AF5D15E
:103BE0002068143050E8001F21F0010140E8001265
:103BF000002AF5D12068143050E8001F21F0400160
:103C000040E80012002AF5D184F84230256320688C
:103C10000C3050E8001F21F0100140E80012002A8B
:103C2000F5D1E06BFEF7A7F86663A08DE18D401A31
:103C300081B206E0A18D8142A8D1D069B842A5D158
:103C400066632046FFF7D6FEF8BDA08DE18D401AD1
:103C500081B2E08D0028F7D00029F5D020680C3023
:103C600050E8002F22F4907240E80027002FF5D191
:103C70002068143050E8002F22F0010240E80027AD
:103C8000002FF5D184F84230256320680C3050E8CD
:103C9000002F00E006E022F0100240E80023002B95
:103CA000F3D1CDE705062BD5150629D594F84100AB
:103CB0002128C9D1A068B0F5805F01D12069B0B1D9
:103CC000206A411C2162216800784860E08C401E17
:103CD0000004000CE084B7D12068C16821F08001A5
:103CE000C1602068C16841F04001C160F8BD206A30
:103CF0000088C0F308004860206A801C2062E5E765
:103D00004006F3D55006F1D5CA68204622F040029D
:103D1000CA6084F8413000F0A8F8F8BD917000083E
:103D200070B5040004D094F84100002510B106E0FD
:103D3000012070BD84F84050204600F023F8242074
:103D400084F841002068C16821F40051C160204618
:103D500003F0B2FA2068016921F490410161206802
:103D6000416921F02A0141612068C16841F4005194
:103D7000C1606564202084F8410084F842006563D6
:103D8000002070BD70B586B0064614216846FCF769
:103D9000CEFB24493068884241D123480025016880
:103DA00041F480210160006800F4802005901E48E5
:103DB0001038016841F0040101600068694600F0B4
:103DC000040005904FF4406000900220CDE9010509
:103DD00003200390072004901448FEF7E3F9154CE4
:103DE000134820604FF00060C4E901054014C4E9A5
:103DF000035065618001A561C4E9075020466562F2
:103E0000FEF7E6F808B1FDF786FBF46300220F2108
:103E10002720A663FEF7DEFD2720FEF7CDFD06B0C6
:103E200070BD0000004800404038024000080240D9
:103E300028600240F017002090F84230202B01D07B
:103E40000220704721B11AB10023036303F0BABA0C
:103E500001207047034A0168914201D100F0FCB88B
:103E600070470000004800407047704708B50D4C8F
:103E70000D4D00BF05F0C0F90A48FDF7D0F8B4F9C0
:103E80000610B7EE000A0A460B460848009100F0FB
:103E900097FF002006F084FA6860012005F0A4FB7B
:103EA000E8E7000050660020EC0100205C150020CF
:103EB0000B4C0C4D0C4E00BF05F0B2F9B4F90410D8
:103EC000084800F02BF895ED000A00F03BFF0020B9
:103ED00006F066FAB060012005F086FBECE7000012
:103EE0001463002080660020EC010020044C0020B8
:103EF00006F056FAE060012005F076FBF7E70000D7
:103F0000EC010020044C002006F04AFA2060012059
:103F100005F06AFBF7E70000EC01002010B500EEA9
:103F2000101A2DED028B04469FED172ADFED171AAC
:103F30009FED171ADFED170AB8EEC00A01F08CF8F2
:103F400015489FED168ADFED168A80ED000AD4ED44
:103F5000000A0120B0EE481A30EE800AF0EE680A3E
:103F600084ED000A01F030F884ED000A94ED020AB5
:103F70000120B0EE481AF0EE680A01F025F884ED51
:103F8000040ABDEC028B10BDCDCCCC3DCDCCCCBD5C
:103F900000001644000016C4E8010020000034436D
:103FA000000034C370B50446C0882A4D00EE100AE4
:103FB000F8EE400A9FED260A70EEC00AFDEEE00A18
:103FC00010EE900A2880A08800EE900AF8EE600AB1
:103FD00070EEC00AFDEEE00A10EE900A68802088BC
:103FE00000EE900AF8EE600A70EEC00AFDEEE00AFC
:103FF00010EE900AA880608800EE900AF8EE600A41
:1040000030EEC00ABDEEC00A10EE100AE8806089EA
:1040100002F0EEFD2881A08902F0EAFD6881208986
:1040200002F0E6FDA881E089A41D02F0E1FDE8812F
:1040300060892882A0896882A07E2875E07E6875E4
:10404000607FE875207FA875A07F287670BD00008E
:10405000000078441463002010B5144A044600217F
:10406000505C0F2802D15018007E48B1491C192914
:10407000F6DD2046BDE8104032220C49FFF7DCBED9
:1040800050180A4A1921423A05F05BFB0028F0D08B
:104090000648423890F822100029EAD190F823000F
:1040A0000028E6D1024901200870E2E77063002091
:1040B000AC01002010B50446FFF79DFC2046BDE88A
:1040C000104032220149FFF7B7BE000070630020A4
:1040D000FEE701684A69D24352050FD46FF480624B
:1040E0004A61002140F8301F202242738173026927
:1040F00042F0040202610173012070470020704702
:104100002DE9F84F0446006889460B9D01689846E2
:10411000174641F4806101602068016841F48071B4
:10412000016000954FF0011B0022594620460A9B72
:1041300000F0E4F84FF4007A40B120680068C00550
:1041400001D5C4F840A00320BDE8F88F216809F02C
:10415000FE0008612B46284920460A9A00F016F90D
:10416000F0BB20684169806900902A4620460A9980
:1041700000F0A2F940B1206C04283AD1206801680F
:1041800041F40071016034E0FEB2B8F1010F09D0D2
:104190002168380A08612A4620460A9900F08CF9FD
:1041A0000028E8D1206806612A4620460A9900F0D6
:1041B00083F90028DFD12068016841F48071016033
:1041C00000950022594620460A9B00F097F80028E7
:1041D000B3D1216809F0FF0040F00100086100E060
:1041E00007E02B46044920460A9A00F0CFF8002841
:1041F000AAD00120A8E70000020001002DE9F84341
:10420000044600680D46DDE90897016898461646A1
:1042100041F4807101604B4600224FF001112046AD
:10422000009700F06BF848B120680068C00502D51F
:104230004FF4007020640320BDE8F883216805F086
:10424000FE0008613B464A461549204600F09EF8AC
:1042500088B920684169806900903A4649462046FD
:1042600000F02AF948B1206C042804D120680168C4
:1042700041F4007101600120DEE7F5B2B8F1010FF1
:1042800009D02168300A08613A464946204600F0C4
:1042900013F90028E7D1206805610020CCE7000071
:1042A0000200010070B516460D4604461EE0204689
:1042B000FFF70FFF08B1012070BD681C16D0FEF794
:1042C0006FF8801BA84200D885B920684069C043B8
:1042D00040070BD5002044F8300F20216173A073F4
:1042E000216941F0200121612073E4E720684069E1
:1042F000C0434007DBD4002070BD00002DE9F0472B
:10430000984617460D460446C1F30746DDF820904F
:104310002AE000BFB8F1FF3F26D0FEF741F8A0EB3E
:104320000901414502D8B8F1000F1DD12068012EC6
:1043300016D0806925EA00000004000C12D000208D
:10434000B84211D1002044F8300F20216173A073CE
:10435000216941F02001216120730120BDE8F0872F
:104360004069E7E70120EBE72068012E0AD0806969
:1043700025EA00000004000C06D00020B842C9D095
:104380000020EBE74069F3E70120F7E72DE9F0476C
:10439000984616460D4604464FF000094FF0200A95
:1043A000C1F3074723E020684069C043400515D4A6
:1043B0002068016841F40071016021686FF4806039
:1043C0004861C4F8309084F83DA084F83E90216C98
:1043D00041F00401216484F83C9021E0701C06D077
:1043E000FDF7DEFFA0EB0800B04203D816B1012FA5
:1043F0001FD021E02068012F15D0806925EA000038
:104400000004000C18D000BF44F8309F84F80DA0C1
:1044100084F80E90216941F02001216184F80C900C
:104420000120BDE8F087406925EA00000004000C87
:10443000EAD12068406901E02068806925EA00002F
:104440000004000CAFD1ECE72DE9F04100259046C7
:104450000E460446202728E04069C043C0060CD41D
:1044600054F8301B6FF01000486144F8105967771A
:10447000A577206A2062257714E0FDF791FFA0EB75
:104480000800B04200D886B920684069C0434006A1
:104490000BD544F8305F6773A573206940F02000A6
:1044A000206125730120BDE8F08120684169C9437E
:1044B0004906D1D40020F6E770B516460D460446ED
:1044C0001EE02046FFF705FE08B1012070BD681C04
:1044D00016D0FDF765FF801BA84200D885B920687B
:1044E0004069C04300060BD5002044F8300F20215E
:1044F0006173A073216941F0200121612073E4E719
:1045000020684069C0430006DBD4002070BD000075
:104510000EB5072000E0642005F066F8FCF79EFB6E
:104520000028F8D102E0642005F05EF804F0F6FF00
:104530000028F8D1804A101DCDE90102A2F110082F
:1045400008F10401FCF7A2FB4346A3F1340208F191
:10455000480AA2F10C01A1F10C00CDF800A004F072
:104560006BFEDFED760A9FED760A764A002108F1B0
:10457000640001F079F8A8F13402A2F10C0101F114
:104580001800FCF7CDF8A8F14007A7F1180597ED42
:10459000000AA5F10C0685ED000AA5F1180986EDC3
:1045A000000A89ED000A97ED010A002085ED010A55
:1045B00086ED010A89ED010A97ED020A85ED020AEE
:1045C00086ED020A89ED020A05F062F906F0BEFCEA
:1045D0005D4C5E4920611020C8610846FEF7CEFCA4
:1045E00008B1FCF798FF584908222831A1F10800CA
:1045F00002F0D4F9012020714FF0FF3B5946012011
:1046000005F04AFE0128F9D12078400708D5207826
:1046100020F0040020704C4801992930FCF7EEFA94
:10462000607840070BD5607820F004006070424A43
:1046300008F104011032A2F12A00FCF799FAA078DF
:1046400040070CD5A07820F00400A0703E480299E5
:104650001630FCF7F5FB98ED040A04F0E7FE364B44
:10466000CDF800A0103BA3F13402A2F10C01A1F19E
:104670000C0004F0E1FDD6ED000A9FED350AC9ED0E
:10468000000A95ED001A2C4B86ED001A61EE001A17
:104690009FED301A97ED002A443B40EE811ADFED82
:1046A0002E0AA3F1240202F10C0101F1240042EED2
:1046B000201AC5ED001A96ED012A89ED012AD5EDE3
:1046C000011AC6ED011A61EE801A42EE011A97ED49
:1046D000012A42EE201AC5ED011A96ED022A89ED53
:1046E000022AD5ED021AC6ED021A21EE800A02EE68
:1046F000010A97ED021A01EE200A85ED020A9FEDEC
:10470000170AFCF775F90C4B203B1A1F111FA1F17A
:10471000100004F0F9FCE07810F00100E07007D020
:10472000E07820F00100E070E07840F00200E070F6
:10473000FCF7F4FE62E70000A461002000808945D8
:1047400000A08C455CC20008F80000200016002084
:104750005AF8F63F5D896EBFD5A9183B6F12833AB0
:10476000030A0B7010707047094AB0FBF1F15388CF
:1047700010465B1C9BB253800078994204D80021FC
:10478000518010B10020107070470120FBE700003D
:10479000D201002010B58EB000240794089409942B
:1047A0000A940B941C2168460C94FBF7C0FE174832
:1047B00015490160A721C0E901144FF6FF71C0E956
:1047C0000314846102F08AFA4FF48050079007A91D
:1047D0000E48FEF7DBFE0D48FFF771F80B940BA9AE
:1047E0000A480C94FEF7B6FD6020CDE9000402945F
:1047F0000822694605480494FEF7FBFF034802F0CF
:1048000025FB0EB010BD0000000800404C620020E7
:104810000F4810B50D4901600321416000214FF49C
:1048200020228160C0E903124FF4801242610176B8
:1048300041768176C17601774177FDF728F9002826
:1048400003D0BDE81040FCF766BE10BD0064004018
:104850005C1500200F4810B50D490160032141602F
:1048600000214FF420228160C0E903124FF480122E
:104870004261017641768176C17601774177FDF715
:1048800006F9002803D0BDE81040FCF744BE10BD77
:104890000068004084150020154808B5016841F4FF
:1048A00080010160016801F480010091016841F418
:1048B000001101600068002200F40010009008213F
:1048C0000C20FEF787F80C20FEF776F80022052171
:1048D0003A20FEF77FF83A20FEF76EF80022052115
:1048E0003B20FEF777F8BDE808403B20FEF764B8B0
:1048F0003038024010B52A4A0221052004F0B0FEEB
:10490000284C274A0221A0621832102004F0A8FE89
:10491000E062254A0021254804F0CEFE224A2060AC
:1049200024320021224804F0C7FE1F4A606048324A
:104930000021204804F0C0FE1B4AA0606C32002118
:104940001D4804F0B9FE184AE060903200211B486F
:1049500004F0B2FE124A2061B43A0021184804F073
:10496000ABFE0F4A6061903A0021164804F0A4FEA5
:104970000B4AA0616C3A0021134804F09DFE084ADE
:10498000E061483A0021114804F096FE044A206292
:10499000243A00210E4804F08FFE606210BD000032
:1049A000F8C100080000002090C00008B56B0008A6
:1049B000BD6B0008E96B000811450008BD8E0008BA
:1049C0006D1400086D3E0008B13E0008ED3E000881
:1049D000053F00082DE9F04387B014216846FBF736
:1049E000A6FD60480025016841F0020101600168F0
:1049F00001F002010591016841F0010101600168C7
:104A000001F001010591016841F0080101600168B0
:104A100001F008010591016841F00401016001689D
:104A200001F004010591016841F040010160016855
:104A300001F040010591016841F020010160016829
:104A400001F020010591016841F0800101600068DA
:104A5000DFF8148100F080000590012240214046DB
:104A6000FDF798FC414F00224FF4E0513846FDF726
:104A700091FC3F4E012210213046FDF78BFCDFF800
:104A8000F490012211464846FDF784FC01244020A1
:104A9000CDE900040294694640460394FDF782FB89
:104AA0004FF4C0508DE83100694638460395FDF754
:104AB00079FB082000904FF48810CDE90104694685
:104AC0004046FDF76FFBA002CDE900046946384679
:104AD000CDE90245FDF766FB1020CDE90004022573
:104AE00069463046CDE90245FDF75CFB30204FF4C6
:104AF0000416CDE90006694602941F48FDF752FBF3
:104B0000CDE90046694640460294FDF74BFB009410
:104B1000694648460194CDE90245FDF743FB002272
:104B200005210620FDF756FF0620FDF745FF002270
:104B300005210920FDF74EFF0920FDF73DFF00226A
:104B400005210A20FDF746FF0A20FDF735FF002268
:104B500005211720FDF73EFF1720FDF72DFF07B0B9
:104B6000BDE8F0833038024000180240001C0240CB
:104B70000000024000040240000802400D4810B549
:104B80000B4901600C49416000214FF48042816073
:104B9000C0E9031241618161C1610162FDF706FC58
:104BA000002803D0BDE81040FCF7B5BC10BD0000E4
:104BB000005C0040AC150020801A0600104810B5BB
:104BC0000E4901604FF48271416000210222816030
:104BD000C0E9031201224261520282613822C0E917
:104BE0000721416281620A21C162FEF7C7F90028EC
:104BF00003D0BDE81040FCF78EBC10BD0030014072
:104C00000016002010B588B01C216846FBF78FFC09
:104C1000144813490024C0E9001441F28731C0E967
:104C2000024104618461FEF7DDFB08B1FCF773FC0F
:104C30000C48FEF744FE08B1FCF76DFC6020CDE99E
:104C4000000402940022694606480494FEF7D1FD50
:104C500008B1FCF760FC0348FEF7A0FD08B010BDEA
:104C6000004401406017002010B586B000241748AA
:104C7000009401940294039404944FF080410594AD
:104C8000016042F2CF01C0E901140921C0E9031417
:104C900080218161FEF7A6FB08B1FCF73CFC4FF4D4
:104CA0008050009069460948FEF770FC08B1FCF797
:104CB00032FC049404A905480594FEF74BFB002838
:104CC00001D0FCF728FC06B010BD0000181700202A
:104CD0000E4810B50C4901600D4941604FF48051F8
:104CE00081604900C160C91001610C21416100214E
:104CF0008161C161FFF714F8002803D0BDE81040BE
:104D0000FCF709BC10BD000000480040A8170020B7
:104D1000A0860100084910B50888401C08800121C0
:104D20006420FFF721FD0246BDE810404FF480519A
:104D30000248FDF72FBB0000D0010020001C0240FC
:104D4000FEE7000010B510EE100A2DED028B07F003
:104D5000A9F841EC100B00F019FA51EC100B06F019
:104D6000FBFA08EE100A1248406C07F09BF841EC81
:104D7000100B242000F08AF951EC100B06F0ECFA2D
:104D800000EE100A0B48F0EE480A80ED000A0A48CF
:104D900000F022FBBDEEC00ABDEC028B052110EE37
:104DA000100ABDE8104002B20448FCF788BB0000BE
:104DB00094620020DC010020E86400205C150020E3
:104DC00030B5424D0C462DED028BB0EE408AB5F960
:104DD00008003F4900EE100AB5F90A0083B0B8EEAA
:104DE000C01A00EE100AF0EE481AA1F13400F8EEF5
:104DF000C00A00EE104AB8EEC00A00F075FABDEE27
:104E0000C00A3349F0EE481A10EE100AADF800005F
:104E1000B5F9180000EE100AB5F91A00B8EEC01A7C
:104E200000EE100AA1F13400F8EEC00A00EE104ABC
:104E3000B8EEC00A00F058FABDEEC00A2449F0EE00
:104E4000481A10EE100AADF80200B5F9280000EE7D
:104E5000100AB5F92A00B8EEC01A00EE100AA1F146
:104E60003400F8EEC00A00EE104AB8EEC00A00F0B6
:104E70003BFABDEEC00A1649F0EE481A10EE100AD1
:104E8000ADF80400B5F9380000EE100AB5F93A00A3
:104E9000B8EEC01A00EE100AA1F13400F8EEC00A14
:104EA00000EE104AB8EEC00A00F01EFABDEEC00ACD
:104EB0006A46012110EE100AADF806000548FCF71D
:104EC000E1FA03B0BDEC028B30BD0000946200201B
:104ED000C46500205C15002010B5F7EE001A2DED1A
:104EE000068BB0EE080A9FED368ADFED318A9FED22
:104EF000319ADFED319A9FED31AAF0EE683AB0EECB
:104F0000493AF0EE692AB0EE4A2AB0EE481AF0EEBD
:104F1000480A2C4800F0D4FA2A48B0EE683AF0EE7D
:104F2000492AB0EE692AF0EE4A1AB0EE481AF0EEBD
:104F3000480AB2EE0E0A403000F0ECFA2148B0EE1A
:104F4000683AF0EE492AB0EE692AF0EE4A1AB0EE5D
:104F5000481AF0EE480AB3EE040A743000F0DAFAA8
:104F60001848B0EE683AF0EE492AB0EE692AF0EE41
:104F70004A1AB0EE481AF0EE480AB0EE080AA83015
:104F800000F0C8FAB0EE683AF0EE492AB0EE692AAD
:104F9000F0EE4A1AB0EE481AF0EE480ABDEC068B65
:104FA000B0EE080A0748BDE81040DC3000F0B2BAA5
:104FB0000000FA430000FAC300401C4600401CC633
:104FC00000000000E864002010B52DED068BB0EE67
:104FD000608AB0EE409A71EE488AF5EEC08AF1EE32
:104FE00010FA2BD928B318EE900A06F05BFF39EEC1
:104FF000480A41EC1A0B10EE100A06F053FF41EC80
:10500000100BB0EE4A1AF0EE6A1A02F091FC51EC65
:10501000100B06F0A1F900EE100AB5EEC00AF1EE91
:1050200010FA01D230EE280A30EE080ABDEC068BE9
:1050300010BDB4EEC89AF1EE10FA02D2B0EE480AF2
:10504000F4E7B4EEC19AF1EE10FA02DDB0EE410AD7
:10505000ECE7B0EE490AE9E7F4EE410AF1EE10FAA6
:1050600006D131EE820AF6EE000A20EE200A7047E1
:1050700030EE600A31EE601AC0EE010A32EE611ABB
:10508000B0EE610A00EE810A7047000070B53B4C3B
:1050900005462DED048BB0EE408AF0EE608A94ED6B
:1050A000029A51EC180B06F057F9B5EEC09A064675
:1050B000F1EE10FA07D2B0EE480AF0EE680AA660E8
:1050C000BDEC048B70BD19EE100A06F0EBFE53EC3C
:1050D000182B06F0F1FD06F03FF92949884202DD60
:1050E000E068401E04E02749884202D9E068401C7D
:1050F000E060A66094ED030ADFED230AB8EEC00A73
:1051000020EE200A10EE100A06F0CCFE53EC182B0D
:1051100006F054F941EC180B4FF4B47184ED048B94
:1051200005FB01F006F09CFB53EC182B06F0ACFBE2
:105130000DD9A5EB051000EB4000C00006F079FB8F
:1051400094ED041B53EC112B06F080FD01D80020D8
:10515000E060284606F084FB41EC100B53EC102B6A
:1051600094ED040B51EC100B06F0DCF941EC100B44
:1051700000F00CF884ED040BA2E70000B801002059
:1051800000003443000034C30000B44310B52DEDDB
:10519000048B9FED1A9BB0EE491AF0EE691A02F0EB
:1051A000C7FBB0EE408AF0EE608A9FED160B51EC23
:1051B000180B53EC102B06F049FD07D253EC192BBA
:1051C00051EC180B06F084FD41EC180B9FED0F0B12
:1051D00051EC180B53EC102B06F056FB07D853EC90
:1051E000192B51EC180B06F0E9F841EC180BB0EE56
:1051F000480AF0EE680ABDEC048B10BD0000000008
:105200000080764000000000008066400000000042
:10521000008066C0FEE7000030EEC00A0849DFEDFE
:10522000090A10EE100A884202DD30EE600A70476B
:1052300010EE100A04498842F9D930EE200A70476E
:10524000000034430000B443000034C3F0EE400AD1
:1052500090ED000A20EE201A90ED070A30EE200AA9
:1052600080ED070AD0ED0B1AB4EEE10AF1EE10FA68
:1052700006DCD0ED0A1AB4EEE10AF1EE10FA01D222
:10528000C0ED071A90ED010AD0ED071A90ED062A3D
:1052900020EE210A30EEC22AD0ED021A31EE000AC9
:1052A00061EE821A90ED091A30EE210AB4EEC01AAE
:1052B000F1EE10FA06D390ED081AB4EEC01AF1EE32
:1052C00010FA01DDB0EE410AC0ED060A80ED0C0ACD
:1052D000704780ED040A30EEC00AC0ED030A80ED8D
:1052E000050AFFF7B3BF000070B505462DED068B2C
:1052F000F0EE418AB0EE409AB0EE60AAF0EE619A0C
:105300000C46F0EE490AB0EE680A0846FFF7E1FFE6
:1053100078EEC90AB0EE408A9FED0B0AF0EEE00A83
:10532000F4EEE90AF1EE10FA06DDF0EE480AB0EE0E
:105330004A0A2846FFF7CDFF84ED0C8A85ED0C0A5A
:10534000BDEC068B70BD000000000000B0EE401AFE
:1053500090ED000A60EE011A90ED050A30EE010AA8
:1053600080ED050A90ED0D2AB4EEC20AF1EE10FAB6
:1053700006DC90ED0E2AB4EEC20AF1EE10FA01D26C
:1053800080ED052A90ED010A90ED052AD0ED062A60
:1053900020EE020A71EE622A90ED022A31EE800AB6
:1053A00022EE222A30EE020A30EE200AD0ED0B0A5D
:1053B000F4EEC00AF1EE10FA06D3D0ED0C0AF4EECA
:1053C000C00AF1EE10FA01DDB0EE600A80ED061AB7
:1053D00080ED090A704700002DE9F04104002DED31
:1053E000048BB0EE609AF0EE408A22D094F83C0034
:1053F00028B394ED0A0AF0EE490AFFF70DFFD4ED49
:10540000030A2A4D9FED2A8A20EE800AF0EE480A10
:1054100085ED000AB0EE680A02F00CFB10EE100AEF
:10542000244E254F84ED080AB0420BDB30EE480ACB
:105430000EE09FED220ABDEC048BBDE8F08194EDF7
:10544000090AF8E710EE100AB84203D930EE080A4C
:1054500084ED080AF0EE480AB0EE490A02F0EAFAD2
:1054600010EE100A84ED070AB04202DB30EE480A63
:1054700005E010EE100AB84203D930EE080A84EDB8
:10548000070AF0EE400A94ED080AFFF7C5FE84ED26
:10549000040AD4ED070A2046C4ED0A0AD5ED000A35
:1054A000BDEC048BBDE8F041FFF750BFB401002014
:1054B0000000B44300003443000034C30000000087
:1054C00000B501000ED081ED0C2AC1ED0B2A81ED53
:1054D0000E3AC1ED0D3A81EC040A00F005F8012006
:1054E00081F83C0000BD000000280FD09FED080AA5
:1054F00080ED040A80ED050A80ED060A80ED0A0AB7
:1055000080ED070A80ED080A80ED090A7047000067
:105510000000000080EC030A9FED080A80ED030AFA
:1055200080ED040A80ED050A80ED060A80ED070A89
:1055300080ED0C0A2030C0EC041A70470000000017
:10554000A0B1D0ED101AC0ED111A90ED0F1A80ED38
:10555000101AC0ED060A80ED070A30EEC00A80ED91
:105560000F0A017829B101293BD078E09FED3D0A6F
:105570007047D0ED010A60EE801AC0ED091AD0ED37
:105580000A0A90ED022A42EE000A30EE410AC0ED0E
:105590000A0A90ED0D2A80ED0E2A90ED0C2A80ED7E
:1055A0000D2A80ED0C0A90ED031A21EE001A80ED11
:1055B0000B1A90ED050AF4EEC00AF1EE10FA09DCC0
:1055C000B1EE400AF4EEC00AF1EE10FA02D390ED0B
:1055D0000A0A01E080ED0A0A31EE800A30EE010A83
:1055E0002BE070EE410A90ED012A20EE822A80ED38
:1055F000092AD0ED020A60EE800AC0ED0A0AD0ED59
:105600000D2A72EE200AC0ED0E2AD0ED0C2AC0ED54
:105610000D2AF0EE002A01EE620A30EE210A80ED3A
:105620000C0A90ED031A21EE000A80ED0B0A30EE11
:10563000800AD0ED080A30EE200A80ED080AD0ED8D
:10564000040AB4EEE00AF1EE10FA06DCF1EE600AAC
:10565000B4EEE00AF1EE10FA01D2C0ED080A90EDC6
:10566000080A704700000000002828D0002A26D031
:10567000017092ED001A80ED011A92ED011A80ED91
:10568000021A92ED021A80ED031A80ED040A9FEDD2
:105690000C0AC0ED050A80ED0E0A80ED0D0A80EDC2
:1056A0000C0A80ED080A80ED0B0A80ED0A0A80EDF5
:1056B000090A80ED110A80ED100A80ED0F0A70478B
:1056C000000000000B480C49028D0A80428D4A8080
:1056D000828D8A80C28DCA80028E0A81428E4A8162
:1056E000828E8A81C28ECA81028F0A82408F48824E
:1056F00070470000A46300201463002010B5084C1C
:105700006FF01F0021680860192206492046FEF745
:1057100093FB2068C16841F01001C16010BD00001A
:10572000A8170020546300202DE9F74FF84981B0F5
:105730000868026822F001020260F64802681368F5
:1057400023F00103136003E00A6822F001020A60FB
:10575000EF4909680A68D207F6D103E0016821F031
:1057600001010160EB4800680168C907F6D1EA4809
:10577000EA4AEB4BD0F84C90E84CE94DE74EE84F45
:10578000DFF898E3DFF894C3D9F80000E449483A19
:10579000603318341835303E78374FF4006A0CF116
:1057A000300C704535D9884205D0904203D09842DC
:1057B00001D0A04201D1202026E0A84205D0B0426D
:1057C00003D0B84201D0604501D150461CE0DFF85B
:1057D000508308F13008404511D0DFF84083A8F12C
:1057E000180840450BD0DFF8388308F19008404591
:1057F00005D0DFF8288308F14808404502D14FF46E
:10580000001001E04FF00060DFF81083A8F14C08B1
:105810003AE0DFF80C8308F1A808404537D9884200
:1058200005D0904203D0984201D0A04201D120205F
:1058300026E0A84205D0B04203D0B84201D060456E
:1058400001D150461CE0DFF8D88208F1300840450D
:1058500011D0DFF8C882A8F1180840450BD0DFF856
:10586000C08208F19008404505D0DFF8B08208F109
:105870004808404502D14FF4001001E04FF00060AD
:10588000DFF89882A8F15008C8F8000074E0DFF84B
:10589000908208F14808404537D9884205D09042A7
:1058A00003D0984201D0A04201D1202026E0A84296
:1058B00005D0B04203D0B84201D0604501D1504676
:1058C0001CE0DFF85C8208F13008404511D0DFF8B9
:1058D0004C82A8F1180840450BD0DFF8448208F14B
:1058E0009008404505D0DFF8348208F1480840456B
:1058F00002D14FF4001001E04FF00060DFF8208289
:10590000A8F11008C8F80C0036E0884205D0904293
:1059100003D0984201D0A04201D1202026E0A84225
:1059200005D0B04203D0B84201D0604501D1504605
:105930001CE0DFF8EC8108F13008404511D0DFF8B9
:10594000DC81A8F1180840450BD0DFF8D48108F1BC
:105950009008404505D0DFF8C48108F1480840456B
:1059600002D14FF4001001E04FF00060DFF8B08189
:10597000A8F11008C8F80800D9F800004FF4806BAF
:10598000704535D9884205D0904203D0984201D065
:10599000A04201D1102026E0A84205D0B04203D099
:1059A000B84201D0604501D158461CE0DFF8708153
:1059B00008F13008404511D0DFF86081A8F11808DF
:1059C00040450BD0DFF8588108F19008404505D0DC
:1059D000DFF8488108F14808404502D14FF48010B3
:1059E00001E04FF08060DFF83481A8F14C083AE024
:1059F000DFF82C8108F1A808404537D9884205D046
:105A0000904203D0984201D0A04201D1102026E05C
:105A1000A84205D0B04203D0B84201D0604501D1C0
:105A200058461CE0DFF8F88008F13008404511D0F6
:105A3000DFF8E880A8F1180840450BD0DFF8E080D7
:105A400008F19008404505D0DFF8D08008F14808FB
:105A5000404502D14FF4801001E04FF08060DFF844
:105A6000BC80A8F15008C8F800007AE0DFF8B080E8
:105A700008F14808404537D9884205D0904203D004
:105A8000984201D0A04201D1102026E0A84205D0C2
:105A9000B04203D0B84201D0604501D158461CE065
:105AA000DFF87C8008F13008404511D0DFF86C80C9
:105AB000A8F1180840450BD0DFF8648008F1900881
:105AC000404505D0DFF8548008F14808404502D130
:105AD0004FF4801001E04FF08060DFF84480A8F1BF
:105AE0001008C8F80C003CE0884205D0904203D072
:105AF000984201D0A04201D110202CE0A84205D04C
:105B0000B04203D0B84201D060450BD1584622E0E4
:105B100058160020B81600200016002058640240D5
:105B200010600240DFF8688940450FD0DFF86489D3
:105B300040450BD0DFF8588908F16008404505D092
:105B4000DFF8508908F16008404502D14FF4801019
:105B500001E04FF08060DFF83889A8F14008C8F80C
:105B60000800D9F80000704532D9884205D090422B
:105B700003D0984201D0A04201D1082023E0A842DE
:105B800005D0B04203D0B84201D0604502D14FF4F5
:105B9000007018E0DFF8F88840450FD0DFF8F4888F
:105BA00040450BD0DFF8E88808F16008404505D093
:105BB000DFF8E08808F16008404502D14FF400208A
:105BC00001E04FF00070DFF8CC88A8F1340837E02E
:105BD000DFF8BC8808F17808404534D9884205D000
:105BE000904203D0984201D0A04201D1082023E086
:105BF000A84205D0B04203D0B84201D0604502D1DE
:105C00004FF4007018E0DFF8888840450FD0DFF8C7
:105C1000848840450BD0DFF8788808F1600840455B
:105C200005D0DFF8708808F16008404502D14FF4D4
:105C3000002001E04FF00070DFF85888A8F1380824
:105C4000C8F800006EE0DFF8488808F11808404501
:105C500034D9884205D0904203D0984201D0A04266
:105C600001D1082023E0A84205D0B04203D0B842B9
:105C700001D0604502D14FF4007018E0DFF81088C1
:105C800040450FD0DFF80C8840450BD0DFF8008886
:105C900008F16008404505D0DFF8F88708F1600892
:105CA000404502D14FF4002001E04FF00070DFF8D2
:105CB000E087A8F14008C8F80C0033E0884205D01E
:105CC000904203D0984201D0A04201D1082023E0A5
:105CD000A84205D0B04203D0B84201D0604502D1FD
:105CE0004FF4007018E0DFF8A88740450FD0DFF8C8
:105CF000A48740450BD0DFF8988708F1600840453D
:105D000005D0DFF8908708F16008404502D14FF4D4
:105D1000002001E04FF00070DFF87487A8F1400820
:105D2000C8F80800DFF86C87D9F8000008F11808F7
:105D30004FF4807E404531D9884205D0904203D04F
:105D4000984201D0A04201D1042022E0A84205D00F
:105D5000B04203D0B84201D0604501D1704618E08E
:105D6000DFF82C8740450FD0DFF8288740450BD05F
:105D7000DFF81C8708F16008404505D0DFF814877C
:105D800008F16008404502D14FF4802001E04FF057
:105D90008070DFF80087A8F1340836E0DFF8F0867D
:105DA00008F17808404533D9884205D0904203D0A5
:105DB000984201D0A04201D1042022E0A84205D09F
:105DC000B04203D0B84201D0604501D1704618E01E
:105DD000DFF8BC8640450FD0DFF8B88640450BD0D1
:105DE000DFF8AC8608F16008404505D0DFF8A486EE
:105DF00008F16008404502D14FF4802001E04FF0E7
:105E00008070DFF89086A8F13808C8F800006CE0D0
:105E1000DFF87C8608F11808404533D9884205D060
:105E2000904203D0984201D0A04201D1042022E048
:105E3000A84205D0B04203D0B84201D0604501D19C
:105E4000704618E0DFF8488640450FD0DFF84486FA
:105E500040450BD0DFF8388608F16008404505D092
:105E6000DFF8308608F16008404502D14FF4802009
:105E700001E04FF08070DFF81886A8F14008C8F8FC
:105E80000C0032E0884205D0904203D0984201D005
:105E9000A04201D1042022E0A84205D0B04203D0A4
:105EA000B84201D0604501D1704618E0DFF8E085C6
:105EB00040450FD0DFF8DC8540450BD0DFF8D085BA
:105EC00008F16008404505D0DFF8C88508F1600892
:105ED000404502D14FF4802001E04FF08070DFF8A0
:105EE000B085A8F14008C8F80800DFF8A885D9F8FF
:105EF000000008F118084FF48039404530D9884235
:105F000005D0904203D0984201D0A04201D1012097
:105F100021E0A84205D0B04203D0B84201D060458C
:105F200001D1402017E0DFF8688540450FD0DFF849
:105F3000648540450BD0DFF8588508F1600840457E
:105F400005D0DFF8508508F16008404501D148468A
:105F500001E04FF48000DFF83C85A8F1340835E01B
:105F6000DFF82C8508F17808404532D9884205D001
:105F7000904203D0984201D0A04201D1012021E0FB
:105F8000A84205D0B04203D0B84201D0604501D14B
:105F9000402017E0DFF8F88440450FD0DFF8F484A4
:105FA00040450BD0DFF8E88408F16008404505D093
:105FB000DFF8E08408F16008404501D1484601E07F
:105FC0004FF48000DFF8CC84A8F13808C8F800004E
:105FD0006AE0DFF8BC8408F11808404532D98842ED
:105FE00005D0904203D0984201D0A04201D10120B7
:105FF00021E0A84205D0B04203D0B84201D06045AC
:1060000001D1402017E0DFF8888440450FD0DFF849
:10601000848440450BD0DFF8788408F1600840455F
:1060200005D0DFF8708408F16008404501D148468A
:1060300001E04FF48000DFF85884A8F14008C8F868
:106040000C0031E0884205D0904203D0984201D044
:10605000A04201D1012021E0A84205D0B04203D0E6
:10606000B84201D0604501D1402017E0DFF820841C
:1060700040450FD0DFF81C8440450BD0DFF810847A
:1060800008F16008404505D0DFF8088408F1600891
:10609000404501D1484601E04FF48000DFF8F0832D
:1060A000A8F14008C8F80800FB48DFF8E883806CD6
:1060B000009008F118080068404531D9884205D0A1
:1060C000904203D0984201D0A04201D1202022E08A
:1060D000A84205D0B04203D0B84201D0604501D1FA
:1060E000504618E0DFF8A88340450FD0DFF8A483BE
:1060F00040450BD0DFF8988308F16008404505D093
:10610000DFF8908308F16008404502D14FF4001099
:1061100001E04FF00060DFF87C83A8F1340836E03E
:10612000DFF86C8308F17808404533D9884205D000
:10613000904203D0984201D0A04201D1202022E019
:10614000A84205D0B04203D0B84201D0604501D189
:10615000504618E0DFF8388340450FD0DFF834832D
:1061600040450BD0DFF8288308F16008404505D092
:10617000DFF8208308F16008404502D14FF4001099
:1061800001E04FF00060DFF80C83A8F13808C8F890
:1061900000006CE0DFF8F88208F11808404533D9B8
:1061A000884205D0904203D0984201D0A04201D14C
:1061B000202022E0A84205D0B04203D0B84201D04E
:1061C000604501D1504618E0DFF8C48240450FD049
:1061D000DFF8C08240450BD0DFF8B48208F16008D8
:1061E000404505D0DFF8AC8208F16008404502D197
:1061F0004FF4001001E04FF00060DFF89482A8F146
:106200004008C8F80C0032E0884205D0904203D024
:10621000984201D0A04201D1202022E0A84205D01E
:10622000B04203D0B84201D0604501D1504618E0D9
:10623000DFF85C8240450FD0DFF8588240450BD034
:10624000DFF84C8208F16008404505D0DFF8448251
:1062500008F16008404502D14FF4001001E04FF012
:106260000060DFF82C82A8F14008C8F80800009808
:10627000DFF820A200680AF1180A504531D9884297
:1062800005D0904203D0984201D0A04201D1102005
:1062900022E0A84205D0B04203D0B84201D0604508
:1062A00001D1584618E0DFF8E88140450FD0DFF80B
:1062B000E48140450BD0DFF8D88108F16008404503
:1062C00005D0DFF8D08108F16008404502D14FF4D5
:1062D000801001E04FF08060DFF8B881A8F1340849
:1062E00036E0DFF8AC8108F17808404533D98842C0
:1062F00005D0904203D0984201D0A04201D1102095
:1063000022E0A84205D0B04203D0B84201D0604597
:1063100001D1584618E0DFF8788140450FD0DFF80A
:10632000748140450BD0DFF8688108F16008404572
:1063300005D0DFF8608108F16008404502D14FF4D4
:10634000801001E04FF08060DFF84881A8F1380844
:10635000C8F800006CE0DFF8388108F11808404503
:1063600033D9884205D0904203D0984201D0A04250
:1063700001D1102022E0A84205D0B04203D0B8429B
:1063800001D0604501D1584618E0DFF8048140454E
:106390000FD0DFF8008140450BD0DFF8F48008F122
:1063A0006008404505D0DFF8EC8008F16008404502
:1063B00002D14FF4801001E04FF08060DFF8D08010
:1063C000A8F14008C8F80C0032E0884205D090429D
:1063D00003D0984201D0A04201D1102022E0A8426F
:1063E00005D0B04203D0B84201D0604501D1584633
:1063F00018E0DFF89C8040450FD0DFF898804045DA
:106400000BD0DFF88C8008F16008404505D0DFF83C
:10641000848008F16008404502D14FF4801001E00B
:106420004FF08060DFF86880A8F14008C8F80800E5
:1064300000980068504536D9884205D0904203D074
:10644000984201D0A04201D1082029E0A84205D0FD
:10645000B04203D0B84201D0604502D14FF4007081
:106460001EE0DFF82C8040450FD0DFF82880404543
:106470000BD0DFF81C8008F16008404505D0DFF83C
:10648000148008F16008404508D14FF4002007E06F
:106490004060024040640240001600204FF000704F
:1064A000DFF8E88439E0DFF8E884404538D98842ED
:1064B00005D0904203D0984201D0A04201D10820DB
:1064C00027E0A84205D0B04203D0B84201D06045D1
:1064D00002D14FF400701CE0DFF8B484A8F1780812
:1064E000404511D0DFF8A48408F1340840450BD0B2
:1064F000DFF89C84A8F11808404505D0DFF88C84AB
:1065000008F19408404502D14FF4002001E04FF01B
:106510000070DFF87884A8F10408C8F8000076E07D
:10652000DFF86C84A8F16008404538D9884205D06E
:10653000904203D0984201D0A04201D1082027E028
:10654000A84205D0B04203D0B84201D0604502D184
:106550004FF400701CE0DFF83884A8F1780840455B
:1065600011D0DFF8288408F1340840450BD0DFF85B
:106570002084A8F11808404505D0DFF8108408F100
:106580009408404502D14FF4002001E04FF0007024
:10659000DFF8FC83A8F1B808C8F80C0037E088429F
:1065A00005D0904203D0984201D0A04201D10820EA
:1065B00027E0A84205D0B04203D0B84201D06045E0
:1065C00002D14FF400701CE0DFF8C483A8F1780812
:1065D000404511D0DFF8B48308F1340840450BD0B2
:1065E000DFF8AC83A8F11808404505D0DFF89C839C
:1065F00008F19408404502D14FF4002001E04FF02B
:106600000070DFF88C83A8F1B808C8F8080000987B
:106610000068504533D9884205D0904203D0984253
:1066200001D0A04201D1042026E0A84205D0B0420A
:1066300003D0B84201D0604501D170461CE0DFF8BC
:106640005083A8F17808404511D0DFF8408308F165
:10665000340840450BD0DFF83883A8F118084045CE
:1066600005D0DFF8288308F19408404502D14FF4A3
:10667000802001E04FF08070DFF8108338E0DFF811
:106680001083404537D9884205D0904203D09842C4
:1066900001D0A04201D1042026E0A84205D0B0429A
:1066A00003D0B84201D0604501D170461CE0DFF84C
:1066B000E082A8F17808404511D0DFF8D08208F1D7
:1066C000340840450BD0DFF8C882A8F118084045CF
:1066D00005D0DFF8B88208F19408404502D14FF4A4
:1066E000802001E04FF08070DFF8A082A8F104085C
:1066F000C8F8000074E0DFF89882A8F1600840450F
:1067000037D9884205D0904203D0984201D0A042A8
:1067100001D1042026E0A84205D0B04203D0B842FF
:1067200001D0604501D170461CE0DFF86482A8F119
:106730007808404511D0DFF8548208F1340840450C
:106740000BD0DFF84C82A8F11808404505D0DFF8DF
:106750003C8208F19408404502D14FF4802001E0CA
:106760004FF08070DFF82882A8F1B808C8F80C0054
:1067700036E0884205D0904203D0984201D0A04232
:1067800001D1042026E0A84205D0B04203D0B8428F
:1067900001D0604501D170461CE0DFF8F481A8F11A
:1067A0007808404511D0DFF8E48108F1340840450D
:1067B0000BD0DFF8DC81A8F11808404505D0DFF8E0
:1067C000CC8108F19408404502D14FF4802001E0CB
:1067D0004FF08070DFF8B881A8F1B808C8F8080059
:1067E00000980068504529D9884205D0904203D0CE
:1067F000984201D0A04201D101201DE0A84205D05D
:10680000B04203D0B84201D0604501D1402013E02E
:106810005F49783988420BD05C493431884207D0CF
:106820005B491839884203D058499431884201D1D4
:10683000484601E04FF4800054492DE0DFF85081D4
:1068400040452BD9884205D0904203D0984201D0D0
:10685000A04201D101201DE0A84205D0B04203D0E2
:10686000B84201D0604501D1402013E04849783951
:1068700088420BD045493431884207D04449183901
:10688000884203D041499431884201D1484601E011
:106890004FF480003D49091F08605CE0DFF8F0809C
:1068A000A8F1600840452BD9884205D0904203D01A
:1068B000984201D0A04201D101201DE0A84205D09C
:1068C000B04203D0B84201D0604501D1402013E06E
:1068D0002F49783988420BD02C493431884207D06F
:1068E0002B491839884203D028499431884201D174
:1068F000484601E04FF480002549B839C8602AE0D5
:10690000884205D0904203D0984201D0A04201D1E4
:1069100001201DE0A84205D0B04203D0B84201D00A
:10692000604501D1402013E01949783988420BD0E5
:1069300016493431884207D015491839884203D0A6
:1069400012499431884201D1484601E04FF4800059
:106950000F49B83988600F4802990268D1600E4922
:10696000019A0B68DA600368039A5A600B68039A0D
:106970005A600068026842F001020260086801681B
:1069800041F001010160BDE8FF8F00000C6402408E
:10699000B860024058160020B81600202DE9F04FCC
:1069A0008346344803685C6844F002045C60036812
:1069B0005C6844F001045C600068036843F04003D5
:1069C00003602D4803681C6824F001041C60036800
:1069D0001C68E407F7D1294E294C284D4C3EDFF8BE
:1069E000A0A0274FB83C4FF4001CA6F10409AAF15F
:1069F000600AAB4202D9C6F800C00BE0BB4202D924
:106A0000C9F800C006E0534502D9C4F80CC001E043
:106A1000C4F808C0DFF86CC0C3F808C00368D960C8
:106A200001684A600068016841F010010160164881
:106A300001680B6823F001030B6001680B68DB073A
:106A4000F7D14FF00063A94201D9336009E0B942A0
:106A500002D9C9F8003004E0514501D9E36000E0F3
:106A6000A360C1F808C00368C3F80CB000684260B6
:106A7000BDE8F08F00160020581600205864024030
:106A8000B86002400C300140B8160020F8B5154639
:106A90000E460B46009204460122022100F02CF81B
:106AA000A0B9134813490068B0FBF1F04FF47A71B4
:106AB000484300906068B0F5827F0DD133460022D4
:106AC00080212046009500F017F870B1606D40F00D
:106AD000200060650320F8BD009830B1401E009092
:106AE00020688068C0430006F6D50020F8BD00008D
:106AF0004000002000366E012DE9F8431E46914605
:106B000088460446089DFBF74BFC401B351AFBF7F3
:106B100047FC074626480068C0F3CB3068430AE0CC
:106B2000701C09D0FBF73CFCC01BA8420FD275B10A
:106B30000098B8B3401E00902068816838EA0100D0
:106B400033D000214945EBD10020BDE8F88320680F
:106B5000416821F0E00141606068B0F5827F0BD1AF
:106B6000A068B0F5004F02D0B0F5806F04D1206866
:106B7000016821F040010160A06AB0F5005F09D111
:106B80002068016821F4005101602068016841F427
:106B900000510160012084F85100002084F8500069
:106BA0000320D2E7FFE70025C6E70121CAE700007E
:106BB000400000200A2002F017FDFBE702F018FB5E
:106BC000074D084E044609272889012800D167711E
:106BD000002003F0E5FB3060012002F005FDF3E743
:106BE00014630020D8010020012002F0FDFCFBE727
:106BF000A0F1AD01272901D201207047A0F2CD31CB
:106C0000272901D202207047A0F2ED602728FAD28E
:106C10000320704710B5FBF771FE04F0DBF9012883
:106C200003D0BDE8104003F09BBE10BD30B593B05B
:106C300030216846F9F77BFC14210CA8F9F777FCA2
:106C40001D480025016841F080510160006800F096
:106C5000805011901948016841F48041016000683A
:106C6000022400F480401190012003901020049031
:106C7000009406940820CDE90750A820CDE9090426
:106C800004200B906846FBF7C3FF08B172B6FEE71D
:106C90000CA90F2081E831004FF4A0500F904FF461
:106CA0008050109005210CA8FBF7C6FE002801D0EB
:106CB00072B6FEE713B030BD4038024000700040AD
:106CC0000248016841F470010160704788ED00E0FE
:106CD0000148FCF7CABC00001817002010B50400DA
:106CE00003D094F83D0010B107E0012010BD002052
:106CF00084F83C00204600F00DF8022084F83D00A6
:106D0000211D206800F01AF8012084F83D000020C1
:106D100010BD000008B500680649884208D1064841
:106D2000016841F004010160006800F00400009077
:106D300008BD00000008004040380240F0B502687D
:106D4000274B284D284E294F294C4FF0804C984214
:106D500009D0604507D0A84205D0B04203D0B84260
:106D600001D0A04204D122F0700E4A6842EA0E021D
:106D700098421BD0604519D0A84217D0B04215D018
:106D8000B84213D0A04211D01A4DA8420ED01A4DCD
:106D9000A8420BD0194DA84208D0194DA84205D0E1
:106DA000184DA84202D0184DA84203D122F44075D4
:106DB000CA682A434D6922F080022A438D68C56261
:106DC0000D688562984201D0A04201D10969016332
:106DD000016841F004010160012141610260F0BDE0
:106DE000000001400004004000080040000C00408A
:106DF00000040140004001400044014000480140BF
:106E000000180040001C00400020004010B501F0B8
:106E10001F030121046A99408C430462016A9A406D
:106E20001143016210BD10B5846842EA032224F4C4
:106E30007F440A432243826010BD826822F07002C0
:106E40000A4342F0070181607047000010B586B028
:106E5000044614216846F9F76AFB12492068884203
:106E60001DD11148016841F008010160006801214D
:106E700000F0080005904FF4804000900220CDE91A
:106E800001010321CDE9031069460848FBF78AF99F
:106E90000748FCF7FFFA08210548FCF73FFD06B05C
:106EA00010BD00000008004030380240000C0240D5
:106EB0004C620020F0B5036A026A22F0010202620D
:106EC00042688469124E24F073050C682C4323F049
:106ED00002058B682B430D4DA84201D0B04205D16D
:106EE00023F00807CB683B4323F00403A84201D0FA
:106EF000B04205D14D6922F4407215438A692A4394
:106F000042608461496841630362F0BD0000014052
:106F100000040140F0B5026A036A23F01003036223
:106F2000436884690D6824F4E64444EA05248D68C6
:106F300022F0200242EA05120F4D104EA84201D065
:106F4000B04206D1CF6822F0800242EA071222F056
:106F50004002A84201D0B04207D14D6923F44063FA
:106F600043EA85038D6943EA850343608461496888
:106F700081630262F0BD0000000001400004014096
:106F8000F0B5026A036A23F4807303624368C4693C
:106F900022F4007224F073050C68124E2C438D68A5
:106FA00042EA05220E4DA84201D0B04206D1CF6878
:106FB00022F4006242EA072222F48062A84201D051
:106FC000B04207D14D6923F4405343EA05138D695C
:106FD00043EA05134360C4614968C1630262F0BDBE
:106FE000000001400004014030B5046A026A22F446
:106FF000805202624268C3690D6823F4E64343EAA3
:1070000005238D6824F4005444EA0534084DA84251
:1070100002D0084DA84204D14D6922F4804242EAD0
:1070200085124260C36149680164046230BD00009A
:10703000000001400004014010B5036A046A24F016
:1070400001040462846924F0F00444EA021423F089
:107050000A020A438461026210BD10B5036A046A21
:1070600024F010040462846923F0A00324F4704423
:1070700044EA023243EA01118261016210BD10B597
:1070800001F0DCFFFDF728FFBDE81040FEF736BB3E
:1070900010B5806B0021C185FCF7F8FC10BD70B500
:1070A000846B2068406994F84110C0F3C01000253B
:1070B000212904D118B1E584204600F08EF820681B
:1070C000406994F84210C0F38010222904D118B10D
:1070D000E585204600F05AF8606C40F010006064CE
:1070E0002046FCF7D3FC70BD10B50146806B0968E3
:1070F00009684FF00002C9052ED4C28501680C3121
:1071000051E8003F23F4807341E80034002CF5D1AE
:107110000168143151E8003F23F0010341E80034D5
:10712000002CF5D10168143151E8003F23F04003F1
:1071300041E80034002CF5D1202180F84210016B89
:10714000012909D101680C3151E8003F23F01003F7
:1071500041E80034002CF5D14263016B012902D0D3
:10716000FCF778FE10BD818DFCF744FC10BD10B516
:10717000806B01214163016B012902D0FCF774FE91
:1071800010BD818D4908FCF735FC10BD01680C313C
:1071900051E8002F22F4907241E80023002BF5D132
:1071A0000168143151E8002F22F0010241E8002368
:1071B000002BF5D1016B012909D101680C3151E88F
:1071C000002F22F0100241E80023002BF5D12021EE
:1071D00080F8421000210163704701680C3151E8CA
:1071E000002F22F0C00241E80023002BF5D120211E
:1071F00080F84110704708B590F84210222901D05C
:10720000022008BD82684FF480539A4201D101697F
:1072100021B1816A9A421BD04AB10AE00268816AB0
:107220005268C2F308020A80816A891C08E0026978
:1072300072B10268526802F07F020A70816A491CCA
:107240008162C18D491E0904090CC18503D01BE070
:1072500002685268F1E70168CA6822F02002CA6039
:107260000168CA6822F48072CA6001684A6922F023
:1072700001024A61202180F8421000214163026B23
:10728000012A03D0FCF7E6FD002008BD0163016878
:107290000C3151E8002F22F0100241E80023002BAE
:1072A000F5D101680A68D20602D50A6849680091DA
:1072B000818DFCF79FFBE7E770B504460068016924
:1072C000E26821F44051114301612169A068E2693B
:1072D00008436169114308432168CA6849F20C6395
:1072E0009A430243CA6020684169A26921F440714F
:1072F0001143416131492068884202D030498842B7
:1073000002D1FBF743FC01E0FBF730FCE26900230C
:10731000192164253226B2F5004F626828D0A0FBFF
:107320000101930F9200F9F71FF80146B0FBF5F049
:107330006FF01802504301EB800006EB0010B0FB29
:10734000F5F000F0F002B1FBF5F002EB0012B1FB3A
:10735000F5F06FF01803584301EB800006EB0010C6
:10736000B0FBF5F000F00F0021681044886070BD9C
:10737000A0FB010192185B41F8F7F6FF0146B0FB54
:10738000F5F00201B1FBF5F06FF01803584301EB83
:10739000800006EBC000B0FBF5F000F0F80002EB57
:1073A0004002B1FBF5F0584301EB800006EBC00052
:1073B000B0FBF5F000F00700D6E700000010014038
:1073C0000014014038B581620446828500201346CE
:1073D0006064222284F84220E56B1F4AEA63E56B71
:1073E0001E4A2A64E56B1E4AEA64E26B10650A468F
:1073F0002168E06B091DFAF755FE30B1102060647A
:10740000202084F84200012038BD206801684068CF
:107410000090206948B120680C3050E8001F41F40A
:10742000807140E80012002AF5D12068143050E83D
:10743000001F41F0010140E80012002AF5D1206848
:10744000143050E8001F41F0400140E80012002ACB
:10745000F5D1002038BD0000E97000086F71000808
:107460009F7000080148FCF71BBB0000A817002014
:10747000FEE703B401984100009850EAC12018BF0C
:1074800004204A0D18BF40F0010040F2FF72B2EB39
:10749000515F08BF40F00200012808BF052002B07C
:1074A00070474100080218BF04200A0E18BF40F0C0
:1074B00001004FF07F4232EA010108BF40F00200B4
:1074C000012808BF052070470907090E002804DBC2
:1074D00000F1E02080F80014704700F00F0000F188
:1074E000E02080F8141D704710B54FF00E402DEDD0
:1074F000028BB0EE408A18EE104A00EB4400B0F167
:10750000506F4AD84FF0FC40B0EB440F22D2B0EE9F
:10751000C80AF7EE000A30EEC00AF6EE000A60EE86
:10752000208A18EE900A02F097FE01EE100A14F07D
:10753000004F1DBFDFED2D0A9FED2D0AB1EE411A60
:10754000DFED2C0A08BF9FED2C0AF8EE001A21EEA1
:10755000218A05E0DFED290A68EE088AB0EE600AAC
:107560009FED271ADFED271A30EE080A48EE811A40
:107570009FED251A08EEA11ADFED241A48EE811AB4
:107580009FED231A08EEA11A68EE281ABDEC028BB3
:1075900001EE810A30EE200A10BD4FF0E440B0EB5E
:1075A000440F0CD918EE100AFFF77BFF042808BF20
:1075B00000F040FFB0EE480ABDEC028B10BD4FF06A
:1075C0007F40B0EB440F07D2B0EE480ABDEC028B0F
:1075D000BDE8104000F020BF0120F8F7D7FFBDEC58
:1075E000028BBDE8104000F01DBF00000000C9BFC5
:1075F00022AAFDB90000C93F22AAFD3900000000FF
:1076000024FE1C3DC78AD83C1E67383D1B93993D1C
:10761000AFAA2A3E10EE100A10B510EE901A4FF0E5
:10762000684202EB40032DED028BB3F1654F3CBF86
:1076300002EB4102B2F1654F7CD200BFC0F3C753E9
:10764000C1F3C7529A1A1B2A09DD10F0004F14BF6C
:107650009FED6E0A9FED6E0ABDEC028B10BD12F11C
:107660001A0F1BDA11F0004F09D010F0004F0CBFB9
:107670009FED680A9FED680ABDEC028B10BD80EE9D
:10768000208A18EE100AFFF70CFF042808BF00F04C
:10769000D1FEB0EE480ABDEC028B10BD4200B2EB49
:1076A000410F37D910F0004F19BFDFED5C1A9FED85
:1076B0005C1ADFED5C1A9FED5C1AB0EE602A0A4698
:1076C000F1EE400A80F00041B0EE420A10460A1A7C
:1076D0005200B2F1807F34D2484010F0004FDFED0D
:1076E000532A9FED533A1DBFBEEE002A71EEE21AF7
:1076F00031EE431AB6EE002A04BF71EEA21A31EE43
:10770000031AF0EE402A42EE602A40EE020A82EEB0
:10771000A02A18E011F0004F04BF9FED461AF0EECA
:10772000411AD4D010F0004F1CBFDFED431A9FED7B
:10773000431A00E026E004BFDFED411A9FED411A35
:10774000C5E780EE202A22EE020ADFED3F0ADFEDD8
:107750003F2ABDEC028B40EE202ADFED3D0A40EED1
:10776000220ADFED3C2A40EE202ADFED3B0A40EE04
:10777000220A22EE000A00EE201A31EE020A30EE52
:10778000210A10BD4FF07F42B2EB400F28BFB2EB91
:10779000410F05D2BDEC028BBDE8104000F03FBEAA
:1077A00040EA01035B0008BF41F0FF410BD0B2EBA0
:1077B000400F08BFB2EB410F08D120F0804000EE2F
:1077C000100A21F0804100EE901A37E7B2EB400F2B
:1077D00012BF5FEA410240F0FF4001F000413FF478
:1077E0002DAF4A0092EA40033FF528AF002AACBF14
:1077F0009FED1A1A9FED1A1A20EE010A60EE810A17
:1078000010EE100A10EE901A18E70000DB0FC9BF47
:10781000DB0FC93FDB0F4940DB0F49C00000C9BF88
:1078200022AAFDB90000C93F22AAFD390060ED3E41
:10783000C30ACE3700000000000049C022AA7DBA6A
:107840000000494022AA7D3A2DAD65BD8FB8D53DD7
:107850000FB511BE61C84C3EA8AAAABE0000804F59
:107860000000802F0000000010B52F499FED2C1B59
:107870002DED020B84B0059820F000408842D8BF5F
:107880009DED040B2DDD2949884209D1049840B9AA
:107890004FF00100F8F77AFE00F09EFD06B010BD33
:1078A00005DB9DED040B00F08BFD06B010BD6846B6
:1078B0009DED040B00F09CF910F0030004BF9DED5A
:1078C000021B9DED000B0CD001280ED09DED021B7C
:1078D0009DED000B022817D0012000F0D9FC06B066
:1078E00010BD00F0A1FB06B010BD9DED021B9DED8B
:1078F000000B012000F0CCFC51EC100B03F020FD3C
:1079000006B041EC100B10BD00F08EFB51EC100BDB
:1079100003F016FD06B041EC100B10BD0000000096
:107920000000000000000000FB21E93F0000F07FA4
:1079300010B52DED040B86B09DED060B10EE100A70
:1079400010EE901A8DED000B002818BF012008439F
:1079500020F00040C0F17F6000F1E040C00F21D175
:107960009DED080B10EE101A10EE900A8DED000B35
:10797000002918BF0121084320F00040C0F17F60BA
:1079800000F1E040C00F0DD129490798B1EB400F3D
:1079900004BF0698002842D00998400004BF089808
:1079A00000283CD09DED080B53EC102B9DED060BF1
:1079B00051EC100B04F09CF8CDE902019DED020B97
:1079C00040F2FF7110EE900A8DED000B31EA10507D
:1079D00021D00798039900F0004001F0004188424F
:1079E00019D09DED080B8DED040B9DED020B8DED77
:1079F000000B10EE900A059961F31E0005909DEDB5
:107A0000041B9DED020B51EC110B53EC102B04F0F9
:107A100053F9CDE902019DED020B0AB010BD012022
:107A2000F8F7B4FD0AB0BDE8104000F0D5BC000086
:107A30000000E0FF10B52DED028BF0EE408A18EE4D
:107A4000900AB0EE608A20F00040C0F1FF40C00F05
:107A500007D118EE100A20F00040C0F1FF40C00F1F
:107A60002BD018EE101A18EE900A04F091FA00EEDE
:107A7000100A10EE100A6FEAD05010F0FF0F04BF8A
:107A8000BDEC028B10BD18EE900A00F0004110EE24
:107A9000100A00F00040814204BFBDEC028B10BD13
:107AA00018EE101A10EE100ABDEC028B61F31E00E6
:107AB00000EE900A30EE600A10BD18EE900A4FF00A
:107AC0007F41B1EB400F1CBF18EE100A5FEA400087
:107AD000C7D10120F8F75AFDBDEC028BBDE810407C
:107AE00000F0A0BC0000000010B52F499FED2C1B3A
:107AF0002DED020B84B0059820F000408842DCBFD9
:107B000000209DED040B32DD2849884209D10498FC
:107B100040B94FF00100F8F739FD00F05DFC06B008
:107B200010BD05DB9DED040B00F04AFC06B010BD56
:107B300068469DED040B00F05BF810F0030011D0D7
:107B4000012818D09DED021B9DED000B02281AD0D4
:107B500000F06AFA51EC100B03F0F2FB06B041ECB6
:107B6000100B10BD9DED021B9DED000B012000F0E0
:107B70008FFB06B010BD9DED021B9DED000B00F0CC
:107B800053FA06B010BD012000F082FB51EC100B3F
:107B900003F0D6FB06B041EC100B10BD0000000056
:107BA0000000000000000000FB21E93F0000F07F22
:107BB00010B52DED028BB1EEC08A18EE100A20F040
:107BC0000040C0F1FF40C00F0AD010EE100A20F0B4
:107BD0000040C0F1FF40C00F04BF0120F8F7D6FC01
:107BE000B0EE480ABDEC028B10BD000000000000A2
:107BF0002DE9F14F04462DED020B2DED088B8AB0D7
:107C00009FEDE70B80ED020B139EE74826F0004541
:107C100085420ADC9DED120B002084ED000B0AB0BA
:107C2000BDEC088B03B0BDE8F08FE0489FEDE0AB02
:107C30009FEDE1BBA84247DDE14F9FEDE39B9FED48
:107C4000E48B9DED120B53EC1A2B51EC100B002E14
:107C50001CDD04F03DF841EC100BBD4208D053ECA4
:107C60001B2B51EC100B04F033F8C4E900010BE0BE
:107C700053EC192B51EC100B04F02AF853EC182B91
:107C800004F026F8C4E900010120C8E703F096FBE0
:107C900041EC100BBD4208D053EC1B2B51EC100BE8
:107CA00003F08CFBC4E900010BE053EC192B51EC01
:107CB000100B03F083FB53EC182B03F07FFBC4E99C
:107CC00000014FF0FF30AAE7C348A84279DB9DEDE1
:107CD000120B51EC100B01F00BFA41EC180B9FED5D
:107CE000C00B53EC102B03F00BFE9FEDBF1B53ECAE
:107CF000112B03F063FB03F06DFD074603F099FDC4
:107D000041EC190B53EC1A2B03F0FAFD53EC182B32
:107D100003F0D2FF41EC180B53EC1B2B51EC190B69
:107D200003F0EEFDDFF8C8A241EC100B4FEA155846
:107D30000125FA4453EC102B51EC180B03F0C8FF4B
:107D4000032DC4E900013DD0C1F30A5005EB4511F4
:107D5000A8EB00001139814234DA0AEB051BB0EEC2
:107D600048AA9BED000BF0EE68AA53EC102B51ECE7
:107D7000190B03F0C5FD41EC1B0B51EC1A0B53EC36
:107D80001B2B03F0A5FF41EC180B51EC1A0B53EC25
:107D9000182B03F09DFF53EC1B2B03F099FF9BED79
:107DA000020B41EC1A0B53EC102B51EC190B03F0A6
:107DB000A7FD53EC1A2B03F08BFF41EC100B6D1C4D
:107DC000B8E70EE0002EA8BF3846BFF628AF94ED06
:107DD000000B51EC100B03F0B3FAC4E90001784238
:107DE0001DE7C6F3130040F4801EC6F30A50A0F24C
:107DF000F530471100F01F05C5F12000DDF848B04F
:107E000008900020069007900520EC467949002D47
:107E100007EB0002794408BF51F8221009D051F84D
:107E2000223001EB8201AB404A68089922FA01F145
:107E30001943A1FB0E26A1FB0B131A449A4234BF2F
:107E40000123002303EB06080CEB8003D3E901A612
:107E50000E448E4234BF0121002192448A4411B164
:107E6000924502D903E0924501D2012100E00021B0
:107E7000C3E901A641444CF82010011EA0F1010005
:107E8000C4DC029800F10050850F0298DDE9036719
:107E90008000DDF8148003F0CCFC41EC1A0B304676
:107EA00003F0DEFC9FED541B53EC112B03F028FD77
:107EB00041EC1B0B384603F0D3FC9FED511B53ECF8
:107EC000112B03F01DFD41EC180B404603F0C8FCDC
:107ED0009FED4D1B53EC112B03F012FD41EC190BE0
:107EE00051EC180B53EC192B03F068FA53EC1B2BD5
:107EF00003F064FA53EC1A2B03F060FACDE90801A1
:107F0000002008909DED080B53EC1A2B51EC100B40
:107F100003F0DEFE53EC1B2B03F0DAFE53EC182BC0
:107F200003F0D6FE53EC192B03F0C6FE9FED381B71
:107F300053EC112B03F0E4FC9FED370B41EC180BD5
:107F400053EC102B9DED080B51EC100B03F0D8FCFB
:107F500053EC182B03F032FA9FED310B41EC180B68
:107F600053EC102B9DED080B51EC100B03F0C8FCEB
:107F700053EC182B03F022FA41EC100B139810F07D
:107F8000004F06D06D4251EC100B03F0D9F941ECD3
:107F9000100B284684ED000B41E6000000000000B5
:107FA0000000000000000000FB21E93F7CD90240F6
:107FB00000004054FB21F93F3163621A61B4D03DA7
:107FC000FB21F93F000000000000601A61B4D03DC1
:107FD0007370032E8A19A33BFB2139410000000076
:107FE00083C8C96D305FE43F000000000000E03F3F
:107FF0007A450000C8440000000000000000103E68
:10800000000000000000103C000000000000103ADA
:10801000182D4454FB21F93D3326A611460B113C83
:1080200000000054FB21F93D10B52DED040B2DEDA2
:10803000088B82B0B0EE419AF0EE619A0B9820F076
:1080400000449FED4BABB4F1795F11DA9DED0A0B63
:1080500051EC100B03F0BEFB002801BFB0EE4A0A42
:10806000F0EE6A0A02B0BDEC088B04BF04B010BD8C
:108070009DED0A0B53EC102B51EC100B03F040FC60
:1080800041EC180B3C480621B0EE480AF0EE680AB5
:10809000784400F081F853EC182B51EC100B03F0EE
:1080A0002FFC9DED0A0B41EC1B0B53EC192B51ECF3
:1080B000100B03F025FC41EC190B53EC1B2B51EC7E
:1080C000180B03F01DFC53EC192B03F001FE9FED80
:1080D0002C0B41EC190B53EC102B51EC180B03F04B
:1080E0000FFC41EC100B2848844210DA53EC192B9A
:1080F00051EC100B03F0ECFD53EC1A2B03F0DCFDFC
:1081000041EC100B02B0BDEC088B04B010BD1F4851
:10811000A042BCBF9FED1E1B8DED001B06DBA4F52E
:1081200000100190002000909DED001B51EC100B01
:1081300053EC112B03F0CCFD9DED000B41EC180B23
:1081400053EC102B51EC1A0B03F0C2FD41EC1A0B4F
:1081500053EC192B51EC180B03F0BAFD53EC1A2B0E
:1081600003F0AAFD41EC100BCCE70000000000007A
:10817000000000000000F03FEC41000000000000A3
:10818000000000000000E03F3333D33F0000E93F30
:10819000000000000000D23F70B504462DED028BB8
:1081A0004D1E00EBC500B0EE408AF0EE608A90ED07
:1081B000000B35F0060017D053EC182B51EC100BC8
:1081C00003F09EFB41EC100B6D1E04EBC50090ED1F
:1081D000001B51EC100B53EC112B03F0EFF841ECAA
:1081E000100B35F00600E7D1022D36D0042D1CD03F
:1081F000062D1CBFBDEC028B70BD53EC182B51EC4F
:10820000100B03F07DFB94ED0A1B53EC112B03F0D4
:10821000D5F853EC182B03F073FB94ED081B53ECCB
:10822000112B03F0CBF841EC100B53EC182B51EC55
:10823000100B03F065FB94ED061B53EC112B03F0C0
:10824000BDF853EC182B03F05BFB94ED040B53ECDF
:10825000102B03F0B3F841EC100B53EC182B51EC3E
:10826000100B03F04DFB94ED021B53EC112B03F0AC
:10827000A5F853EC182B03F043FB94ED001B53ECD3
:10828000112B03F09BF8BDEC028B41EC100B70BD81
:1082900031B504462DED040B2DED0A8BB0EE41BA3D
:1082A000F0EE61BA0B989DED0A0B20F00040B0F1A2
:1082B000795F0DDA51EC100BFFF7DBF8042808BFEB
:1082C00000F09AF89DED0A0BBDEC0A8B05B030BDAD
:1082D00053EC102B51EC100B03F012FB41EC180B7C
:1082E0009DED0A0B53EC182B51EC100B03F008FB1F
:1082F00041EC190B2C48B0EE480AF0EE680A052153
:108300007844FFF749FF9FED2ACBB0EE40AAF0EE8C
:1083100060AA9CB353EC1C2B51EC190B03F0F0FA40
:1083200041EC1C0B53EC1A2B51EC190B03F0E8FA3F
:108330009FED210B41EC190B53EC102B51EC1B0B57
:1083400003F0DEFA53EC192B03F0C2FC53EC182BAC
:1083500003F0D6FA53EC1B2B03F0BAFC53EC1C2BA6
:1083600003F0B6FC9DED0A1B53EC112B03F0A4FCAB
:10837000BDEC0A8B05B041EC100B30BDFFE753ECB0
:108380001A2B51EC180B03F0BBFA53EC1C2B03F027
:1083900015F853EC192B03F0B3FA9DED0A1B53ECBF
:1083A000112B03F00BF8E3E774400000000000001D
:1083B000495555555555C5BF000000000000E03F28
:1083C00010B553EC102B51EC100B02F0F7FF41EC01
:1083D000100B10BD000000009FED050B10B553EC15
:1083E000102B51EC100B03F09DF841EC100B10BD5D
:1083F00000000000000000009FED050B10B553ECDD
:10840000102B51EC100B03F07BFA41EC100B10BD5C
:10841000000000000000001030EE000A704730EE4F
:10842000200A7047DFED020A80EEA00A70470000C4
:10843000000000009FED020A20EE000A70470000D5
:108440000000001070B52DED028B8AB005460C4679
:1084500016460DB104B11EB90AB0BDEC028B70BD59
:1084600094ED000AB5EEC00AF1EE10FA0DD194EDCC
:10847000010AB5EEC00AF1EE10FA06D194ED020A37
:10848000B5EEC00AF1EE10FA7DD09FED600AB0EEB5
:10849000408A00200790089009900490059006906B
:1084A0005B4A07CA01AB07C395ED010AD5ED030A84
:1084B00020EE200AD5ED000A95ED021A00EEC10A61
:1084C000F0EE000A20EE200A8DED070A95ED000A75
:1084D000D5ED010A20EE200AD5ED020A95ED031A2A
:1084E00000EE810AF0EE000A20EE200A8DED080A67
:1084F00095ED000A20EE000AD5ED030A95ED031A6A
:1085000000EE810AF7EE000AB0EE001A51EE000A02
:10851000CDED090A01AB22463146284600F07AF833
:10852000D4ED000A60EEA00A94ED011AD4ED011A10
:1085300041EE210A94ED021AD4ED021A41EE210A0D
:10854000B0EE600AF8F73AFAB0EE408A94ED000A0D
:1085500020EE080A84ED000A94ED010A20EE080AD4
:1085600084ED010A94ED020A20EE080A84ED020A65
:1085700094ED010ADDED090A20EE200AD4ED020A8D
:108580009DED081A00E03EE000EEC10A8DED040A00
:1085900094ED020ADDED070A20EE200AD4ED000A70
:1085A0009DED091A00EEC10A8DED050A94ED000A51
:1085B000DDED080A20EE200AD4ED010A9DED071A30
:1085C00000EEC10A8DED060A96ED000ADDED010A06
:1085D0009DED041A00EE810A86ED000A96ED010A6F
:1085E000DDED020A9DED051A00EE810A86ED010A15
:1085F00096ED020ADDED030A9DED061A00EE810AF2
:1086000086ED020A00BF00BF26E700000000000060
:1086100074C200082DE9F0412DED048B07460D468C
:1086200014461E469FED580AB0EE409A9FED560A3A
:10863000B0EE408A9FED540AF0EE408AD4ED000A75
:1086400060EEA00A94ED011AD4ED011A41EE210A60
:1086500094ED021AD4ED021A41EE210AB0EE600A3E
:10866000F8F7ACF9F7EE000A80EE801AB0EE419A06
:10867000D5ED000AB0EE600AF8F733F8F0EE409A54
:10868000D5ED010AB0EE600AF8F72BF879EE809A82
:10869000D5ED020AB0EE600AF8F723F839EE800A49
:1086A000F0EE408A3948D0ED000A79EE600AB0EE6B
:1086B000600AF8F716F8B0EE408A9FED350AB4EE7E
:1086C000C08AF1EE10FA06DC9FED320AF4EEC08AA1
:1086D000F1EE10FA53DD9FED2C2AB0EE420A9FED29
:1086E0002A2AF0EE421AB7EE002AF0EE420A9FED77
:1086F000262AB0EE421AB5EEC08AF1EE10FA05DD78
:108700009FED232AC2EE082AB0EE620A9FED222ACC
:10871000B4EEC20AF1EE10FA03D29FED1B2AB0EEBE
:10872000420AF5EEC08AF1EE10FA05DD9FED192A36
:10873000C2EE282AF0EE621AB7EE002AB4EEC20AA0
:10874000F1EE10FA03D220EE802AF0EE420AB7EEE4
:10875000002AF4EEC21AF1EE10FA03D220EEA12A9A
:10876000F0EE420A9FED0D2A20EE822AB0EE421A68
:1087700086ED001A86ED011A86ED021A00BFBDECE7
:10878000048BBDE8F081000000000000080200201A
:10879000CDCCCC3D8FC2F53D9A99993ECDCC4C3E87
:1087A00010B52DED048B86B00446B0EE408AF0EE95
:1087B000608AB0EE419A00200390049005900090EA
:1087C00001900290B0EE000AC8EE000AF0EE609A46
:1087D000B0EE690AF7F775FF8DED030AB0EE000AF7
:1087E000C8EE800AF0EE609AB0EE690AF7F769FF0A
:1087F0008DED040AB0EE000AC9EE000AF0EE609AB0
:10880000B0EE690AF7F75DFF8DED050AB0EE000ADC
:10881000C8EE000AF0EE609AB0EE690AF8F7D8F8F0
:108820008DED000AB0EE000AC8EE800AF0EE609A04
:10883000B0EE690AF8F7CCF88DED010AB0EE000A47
:10884000C9EE000AF0EE609AB0EE690AF8F7C0F8D7
:108850008DED020A9DED050ADDED040A20EE200AE9
:10886000DDED030A20EE200ADDED020A9DED011A7E
:1088700060EE810A9DED001A00EE810A84ED000A87
:108880009DED020ADDED040A20EE200ADDED030A6B
:1088900020EE200ADDED050A9DED011A60EE810A49
:1088A0009DED001A00EEC10A84ED010A9DED050A56
:1088B000DDED010A20EE200ADDED030A20EE200A9C
:1088C000DDED020A9DED041A60EE810A9DED001AAD
:1088D00000EE810A84ED020A9DED050ADDED040A31
:1088E00020EE200ADDED000A20EE200ADDED020A6E
:1088F0009DED011A60EE810A9DED031A00EEC10A9A
:1089000084ED030A06B0BDEC048B10BDF8B5002061
:108910008DF800000446F8F711F98020F8F780FA86
:108920005520F8F77DFA5520F8F77AFA8DF800000F
:10893000F8F7FCF89620F8F75EF9F8F7FFF88020D2
:10894000F8F76EFA5520F8F76BFA5520F8F768FA41
:108950008DF80000F8F7EAF89620F8F74CF9F8F7E8
:10896000EDF8B6217E20F8F782FAF8F7DFF850200C
:10897000F8F73FF9F8F7E2F88020F8F751FA5520B8
:10898000F8F74EFA5520F8F74BFA8DF80000F8F793
:10899000CDF89620F8F72FF9F8F7D0F88020F8F7FF
:1089A0003FFA5520F8F73CFA5520F8F739FA8DF8D8
:1089B0000000F8F7BBF89620F8F71DF99DF80000C5
:1089C0001E2801D0FF20F8BD194D00BFF8F7B6F8FA
:1089D00004EB44067719A85D7978F8F748FAF8F7B8
:1089E000A5F89620F8F707F9F8F7A8F8A85D40F081
:1089F0008000F8F715FA5520F8F712FA5520F8F725
:108A00000FFA8DF80000F8F791F89620F8F7F3F8D0
:108A100078789DF80010884204D004EB4400284484
:108A20008078F8BD641CE4B2062CCFD30020F8BDDA
:108A3000CC000020F0B587B00020019002908DF8A6
:108A400000000546F8F77AF88020F8F7E9F9552094
:108A5000F8F7E6F95520F8F7E3F98DF80000F8F794
:108A600065F89620F8F7C7F8F8F768F88020F8F767
:108A7000D7F95520F8F7D4F95520F8F7D1F98DF842
:108A80000000F8F753F89620F8F7B5F8F8F756F81D
:108A9000B6217E20F8F7EBF9F8F748F85020F8F700
:108AA000A8F8F8F74BF88020F8F7BAF95520F8F74E
:108AB000B7F95520F8F7B4F98DF80000F8F736F853
:108AC0009620F8F798F8F8F739F88020F8F7A8F921
:108AD0005520F8F7A5F95520F8F7A2F98DF8000010
:108AE000F8F724F89620F8F786F89DF800001E287D
:108AF00002D0FF2007B0F0BD7D4C00BFF8F71EF894
:108B000005EB45063719A05D7978F8F7B0F9F8F765
:108B10000DF89620F8F76FF8F8F710F8A05D40F020
:108B20008000F8F77DF95520F8F77AF95520F8F725
:108B300077F98DF80000F7F7F9FF9620F8F75BF862
:108B400078789DF80010884204D005EB4500204459
:108B50008078CFE75020F8F74CF86D1CEDB2042D6B
:108B6000CCD30025F7F7EAFF05EB45073E19717BEB
:108B7000307BF8F77CF9F7F7D9FF9620F8F73BF848
:108B8000F7F7DCFF307B40F08000F8F749F955201B
:108B9000F8F746F95520F8F743F98DF80000F7F794
:108BA000C5FF9620F8F727F8707B9DF800108842E3
:108BB00004D005EB45002044807B9BE75020F8F76C
:108BC00018F8F7F7BBFF9220F8F72AF9062201A957
:108BD0001220F8F707F9F7F7A9FF9DF805009DF8AF
:108BE00004106D1C41EA002003A9EDB221F8170022
:108BF0009DF807009DF8062001EB470142EA00209E
:108C000048809DF809009DF80820022D42EA0020C6
:108C10008880A7D3F7F792FF00216D20F8F727F996
:108C2000F7F784FF9620F7F7E6FFF7F787FFED20C9
:108C3000F8F7F6F85520F8F7F3F85520F8F7F0F8BC
:108C40008DF80000F7F772FF9620F7F7D4FF9DF834
:108C5000000008B104204DE7F7F770FFB6217E2031
:108C6000F8F705F9F7F762FF5020F7F7C2FFBDF9F3
:108C70000C00BDF91210411A40F2555081420EDB32
:108C8000BDF90E10BDF91420891A814207DBBDF928
:108C90001000BDF91610401AB0F52A7F01DA8020C5
:108CA00028E7F7F74BFF8020F8F7BAF85520F8F7D8
:108CB000B7F85520F8F7B4F88DF80000F7F736FF4D
:108CC0009620F7F798FFF7F739FF8020F8F7A8F814
:108CD0005520F8F7A5F85520F8F7A2F88DF8000010
:108CE000F7F724FF9620F7F786FF002002E7000041
:108CF00048C20008F8B500248DF80040F7F730FFAF
:108D000069460020F8F780F8F7F722FF9620F7F77A
:108D100072FFF7F725FF69460020F8F775F8F7F7B7
:108D200017FF9620F7F767FFF7F71AFFB621142011
:108D3000F8F79DF8F7F70CFF5020F7F75AFFF7F711
:108D40000FFF69460020F8F75FF8F7F701FF96205C
:108D5000F7F751FFF7F704FF69460020F8F754F8DA
:108D6000F7F7F6FE9620F7F746FF9DF800000F286C
:108D700001D0FF20F8BD154DF7F7F2FE04EB4406D5
:108D80007719A85D7978F8F772F8F7F7E1FE962081
:108D9000F7F731FFF7F7E4FEA85D6946F8F734F816
:108DA000F7F7D6FE9620F7F726FF78789DF80010A3
:108DB000884204D004EB440028448078F8BD641C49
:108DC000E4B2062CD8D30020F8BD0000DE0000205D
:108DD00038B500208DF800000446F7F7C1FE69465B
:108DE0000020F8F711F8F7F7B3FE9620F7F703FF26
:108DF000F7F7B6FE69460020F8F706F8F7F7A8FE81
:108E00009620F7F7F8FEF7F7ABFEB6211420F8F737
:108E10002EF8F7F79DFE5020F7F7EBFEF7F7A0FED0
:108E200069460020F7F7F0FFF7F792FE9620F7F774
:108E3000E2FEF7F795FE69460020F7F7E5FFF7F742
:108E400087FE9620F7F7D7FEF7F78AFE01213C2030
:108E5000F8F70DF8F7F77CFE5020F7F7CAFE00BFD1
:108E6000F7F77EFE69463C20F7F7CEFFF7F770FE76
:108E70009620F7F7C0FE641C9DF80000E4B280075E
:108E800001D40A2CECD30A2C03D09DF80000400733
:108E900001D5402038BD002038BD00000249002027
:108EA0000968C863704700004C620020024A1368DA
:108EB00098621068C16370474C6200205E4D0024C8
:108EC0002E1D012735602C7037714FF4FA797471BB
:108ED000484600F089FBFBF75DFCFFF7DFFF777189
:108EE00042F2107830790128707902D080B3747121
:108EF0000AE00D28FBD2DFE800F0070A22252C311A
:108F0000363A484B6D758300FFF7C8FF38E074713F
:108F10002F7041460320FFF7C9FF40F24D1A50461B
:108F200000F062FB41460220FFF7C0FF504600F010
:108F30005BFB41460120FFF7B9FF504647E07471E3
:108F40002F7002E074712F7068E0414601203BE011
:108F500017E074712F704146012055E074712F7035
:108F6000414601203AE02F70414601203DE07471F6
:108F70002F7041460420FFF799FF462000F034FB94
:108F80002C700A2000F030FBACE774712F700DE0FC
:108F900074712F7041460420FFF788FF462000F0CF
:108FA00023FBFFF77BFF462000F01EFB4146042019
:108FB000FFF77CFF462000F017FBFFF76FFF46200E
:108FC00000F012FB41460420FFF770FF462000F03E
:108FD0000BFB99E774712F7041460420FFF766FF81
:108FE0004846CBE72F7041460420FFF75FFF64201F
:108FF00000F0FAFAFFF752FF322000F0F5FAC0E76E
:1090000074712F7041460420FFF750FF462000F096
:10901000EBFAFFF743FF462000F0E6FA4146012055
:10902000FFF744FF462000F0DFFAFFF737FF462046
:1090300000F0DAFA89E70000A001002010B58AB03C
:1090400000200121CDE906010891009004900190D3
:10905000029003900E240590694609940B48F8F796
:1090600001FB694609480594F8F7FCFA0748F8F748
:109070004FFE0748F8F74CFE02210448F8F782FA41
:1090800002210348F8F77EFA0AB010BD5C150020F3
:1090900084150020064801680648B1FBF0F2064836
:1090A00002704FF47A72B1FBF2F141607047000038
:1090B0004000002040420F00F000002070B54FF04B
:1090C000E024002265690949A36909784843A16938
:1090D0009942FCD002D2A3EB010302E0A5EB01060A
:1090E00033441A440B468242F1D370BDF000002095
:1090F00082B0CDE9000121F0004001909DED000B10
:1091000002B051EC100B70472DE9F04104460D46BA
:1091100016461F4614B10DB106B10FB9BDE8F08176
:10912000D4ED010A94ED031A60EE810A94ED001A61
:10913000D4ED021A41EE610AB8EE001A60EE810A1F
:10914000B0EE600AF7F7B9FA86ED000A94ED001A5E
:1091500021EE011AD4ED011A94ED012A01EE821AD2
:10916000F7EE001AB0EE002A52EE011AF0EE610A94
:1091700094ED001AD4ED031A21EE211AD4ED011A50
:1091800094ED022A01EE821AF0EE001A21EE211A65
:10919000B0EE410AF7F793FA85ED000A94ED001A54
:1091A00021EE011AD4ED031A94ED032A01EE821A7E
:1091B000F7EE001AB0EE002A52EE011AF0EE610A44
:1091C00094ED001AD4ED011A21EE211AD4ED021A01
:1091D00094ED032A01EE821AF0EE001A21EE211A14
:1091E000B0EE410AF7F76BFA87ED000A00BF95E78A
:1091F00000487047A4010020064907480A880280F9
:109200004A8842808988818004490A890281498983
:109210004181704714630020506600209462002052
:109220000348044902890A81408948817047000047
:1092300094620020506600202DE9F04FDFF8DCC07A
:10924000DFF8DCA00CF12408099F00240AF1180BB8
:1092500008F124090AF1340E04EB44060CEB8605F0
:1092600093ED050AD5ED000A95ED011A20EE200ACE
:10927000D3ED060A00EE810AD3ED070A95ED021A36
:109280000AEB840500EE810AD5ED000A00EB8405A7
:1092900030EE200A85ED000A08EB860593ED010A01
:1092A000D5ED000A95ED011A20EE200AD3ED020A51
:1092B00000EE810AD3ED030A95ED021A0BEB84054B
:1092C00000EE810AD5ED000A01EB840530EE200A9C
:1092D00085ED000A09EB860597ED010AD5ED000A38
:1092E00095ED011A20EE200AD7ED020A00EE810A60
:1092F000D7ED030A95ED021A0EEB840500EE810A04
:10930000D5ED000A02EB8405641CE4B2032C30EEB8
:10931000200A85ED000A9FD3BDE8F08F34010020BC
:10932000B8610020394910B50878C4073848D0E939
:10933000123220D018680068C0071CD1106800687D
:10934000C00718D14878800715D48878800712D4D0
:10935000087820F001000870087840F002000870DA
:10936000002201212B48F9F715F828490822283155
:10937000A1F1080044E04878C40727481ED01C68C3
:109380002468E4071AD114682468E40716D10C781D
:10939000A40713D48C78A40710D44A7822F00102D1
:1093A0004A704A7842F002024A7000221021F8F70F
:1093B000F1FF164809221949303021E08C78E40782
:1093C00022D01B681B68DB071ED112681268D20707
:1093D0001AD10A78920717D44A78920714D48A7857
:1093E00022F001028A708A7842F002028A7000221A
:1093F0001021F8F7CFFF054904221431A1F10D0027
:10940000BDE81040FCF790B910BD0000F800002046
:109410000016002000040240000002408861002085
:1094200001490968486370476017002010B5184863
:10943000184C8179A9B1DFED180A2046FCF780F8B5
:1094400094ED080AB5EEC00AF1EE10FA03D29FEDD2
:10945000130A84ED080ABCEEC00A10EE100A80B2AE
:1094600012E010EE101A0E4A91420BDD4179491CB0
:10947000C9B24171C82905D901219FED0A0A81713C
:1094800084ED0A0A41F28730BDE81040FFF7C8BFFB
:10949000F8000020F86100200000344200000000C5
:1094A0000000344200401C45704700001FB5642393
:1094B000012203A98DE80E00134602461C21034831
:1094C000F9F738F89DF80C0004B010BDAC15002079
:1094D00003B583B06423012204A98DE80E0013466E
:1094E00002461C210248F9F727F905B000BD00002B
:1094F000AC150020012240210148F8F74BBF0000C5
:1095000000180240002240210148F8F743BF000044
:1095100000180240704700F067B800002DE9F041E4
:109520000024FFF7C1FFFFF7F5FFFFF7EBFF322045
:10953000FFF7F1FFFFF7DEFF3220FFF7ECFF00201F
:10954000FFF7B4FF102802D04020BDE8F0810120D1
:10955000FFF7E1FF104D00BF04EB44067719A85D4B
:109560007978FFF7B5FF0120FFF7D5FFA85DFFF77A
:109570009DFF06460120FFF7CEFF7878B04204D069
:1095800004EB440028448078DFE7641CE4B2042C38
:10959000E2D30020D9E7000068C20008F9F7B6F965
:1095A000FDF744FBFBF716FAFBF776F9FBF730F90A
:1095B000FBF75AFBFBF74EF9FBF700FBFBF7DEFA74
:1095C000FBF720FBFBF784FBFFF764FD0548F9F789
:1095D0009DFFFDF754FD00F015F8FBF78BF900F047
:1095E00023F8FEE71817002010B5EFF3058111B13D
:1095F0006FF0050403E0002408B100F0F9FF2046F5
:1096000010BD0000EFF3058010B16FF0050070474A
:109610000448016811B14FF0FF307047012101602B
:10962000002070479400002010B5EFF3058010B1C2
:109630006FF0050010BD08480168012902D04FF005
:10964000FF3010BD054A002182F8141D022101607F
:1096500001F08EF8002010BD940000200BE000E027
:10966000F8B514464FF00005EFF3058212BB08B3BE
:1096700001B3A4B1D4E9023263B1502A1AD32269EA
:10968000C2B1676900FB01F6B74213D3009501F040
:109690009EF907E072B9226962B9626952B9002283
:1096A00001F074F9050005D00CB1216800E000213B
:1096B00000F068FF2846F8BD2DE9FF414FEA01039D
:1096C0004FF00005EFF30581039549BB40B38027B8
:1096D000182100244AB3166806B1344696691EB1B3
:1096E0003146761E382E02D21679F60703D00020B6
:1096F00004B0BDE8F081566906B1B708D2F808C0D9
:10970000BCF1000F0DD0D5685C2D18D312693AB1A9
:1097100036B18DE806103A46214601F0ECFB039085
:109720000DE0D6685EB912694AB903AACDE9001204
:10973000BAB2214601F0B2FB012800D0039503988C
:10974000D6E710B510B10AB1192901D2002010BD19
:1097500001780F2903D0002082F82400F6E7B0F842
:109760000110C1F30A0111808178C378C90841EA68
:109770004311C1F30A015180C1780379890941EA93
:109780008301437941EA8321C1F30A019180417940
:109790008379490841EAC311C1F30A01D180817973
:1097A000C379090941EA0311C1F30A011181C179A1
:1097B000037AC90941EA4301437A41EA4321C1F3EB
:1097C0000A015181417A837A890841EA8311C1F300
:1097D0000A019181817AC37A490941EAC301D181A1
:1097E0008189C1F30A011182417B837BC90841EA67
:1097F0004311C1F30A015182817BC37B890941EA8C
:109800008301037C41EA8321C1F30A019182017C37
:10981000437C490841EAC311C1F30A01D182417C6A
:10982000837C090941EA0311C1F30A011183817C98
:10983000C37CC90941EA4301037D41EA4321C1F3E5
:109840000A015183017D437D890841EA8311C1F3F7
:109850000A019183417D837D490941EAC301D18396
:10986000C07DC10982F82010C0F3801182F8211058
:10987000C0F3401182F82210C0F3001082F82300D8
:10988000012082F824001046FAF78CFB012010BD5D
:1098900008B90648006808B134307047502080F39A
:1098A0001188BFF34F8FBFF36F8FFEE74400002096
:1098B0002DE9F041154C0F460546E6682168002069
:1098C00081F85A002068001D00F057FD681C07D180
:1098D00037B12168BDE8F0410D48091D00F0A4BD75
:1098E00020683544B5424560216805D2A06BBDE8CB
:1098F000F041091D00F080BD606B091D00F07CFD8A
:10990000A06A854200D2A562BDE8F0814400002033
:10991000401D00202DE9F041054600F091FD2D4C41
:10992000A068401CA06020682B4F10B1606930B364
:109930002BE02560A068012827D1002606EB8600D1
:1099400007EB800000F04AFD761C382EF6D3234842
:1099500000F044FD2148143000F040FD1F4828303D
:1099600000F03CFD1D483C3000F038FD1B485030F5
:1099700000F034FD194860631430A06305E02068EE
:10998000E96AC06A884200D82560606A401C60624B
:109990006864E86A2169884200D9206100EB800090
:1099A00007EB8000291D00F03FFD00F069FD6069B4
:1099B00000280CD02068E96AC06A884207D20849AA
:1099C0004FF080500860BFF34F8FBFF36F8FBDE83B
:1099D000F08100004400002090180020F01C0020BE
:1099E00004ED00E038B500F02BFD104C2068C8B93C
:1099F0000F4800F0F3FC0E48143000F0EFFC0C4868
:109A0000E060143020610A4B0020F03B009003F12D
:109A1000500210210A2000F0DAFF206010B105A1E9
:109A200000F0B0FDBDE8384000F02ABD8000002005
:109A3000441E0020546D72510000000030B4026CCE
:109A40000B46002A0BD0C1681144C1608468A14252
:109A500001D30168C16030BC1846F6F71BBD30BCAD
:109A600070472DE9F041856B174604460026026CCD
:109A700082B1C7B1E068F6F70DFDE168206C091A04
:109A8000E1602268914202D2A168081AE060022FC8
:109A900016D017E02068A8B9A06801F013FB0646AD
:109AA0000020A0600EE06068F6F7F4FC216C6068AE
:109AB00008446060A168884204D32068606001E0C7
:109AC00005B16D1E6D1CA5633046BDE8F08110B573
:109AD000044690F8590058B101280CD002280FD044
:109AE000502080F31188BFF34F8FBFF36F8FFEE7D5
:109AF000206B00F0D9FC2046BDE8104000F0D4BC3B
:109B000010BD000010484FF47051420706D0C01D30
:109B10000D4920F00700411AC1F570510B4A00238E
:109B20000144C2E900030839183A21F00701116025
:109B30004B600B600B1AC0E9001393604FF00040BC
:109B4000536050617047000024250020B0000020C1
:109B5000144E154CA6F29C474FF08058DFF84C90FD
:109B600012E000BF00F06CFCF068C568281D00F032
:109B700004FCA068401EA0606068401E606000F0A9
:109B80007FFC2846FFF7A3FF60680028EAD1386809
:109B90000128F9D9C9F80080BFF34F8FBFF36F8F49
:109BA000F2E700002C1D00204400002004ED00E03E
:109BB00070B51D46049C51B1C4F80020C4E90F01E2
:109BC0000121204600F036FF84F84C5070BD24601F
:109BD000F4E700002DE9F05F8846DDE90B941546B7
:109BE000834691009A460A9EA522206BF6F797FCC1
:109BF0006FF00301206B01EB8501084420F007079B
:109C0000780707D0502080F31188BFF34F8FBFF340
:109C10006F8FFEE70025B8F1000F0FD05FF0000056
:109C2000221818F8001082F8341018F8001011B13A
:109C3000401C1028F4D384F8435001E084F83450D9
:109C4000382E00D33726E662C4E91365201D00F0E4
:109C5000D0FB04F1180000F0CCFB2461C6F1380001
:109C60006462A061656584F8585084F85A50524681
:109C70005946384600F090FA2060B9F1000F01D043
:109C8000C9F80040BDE8F09F30B5114900E0114629
:109C90000A688242FBD34B685C18844203D1406857
:109CA00018444860084643681C18944209D1084C7F
:109CB000183C2468A24209D052681A4442600A68DB
:109CC00012680260814200D0086030BD0460F9E78C
:109CD000B000002070B5002441600B4D006191423E
:109CE00006D8D11A8269914206D2011D286907E07F
:109CF0009A4203D2994201D3012403E0011DE8688E
:109D000000F07AFB204670BD8000002010B50446AC
:109D100000F096FBA06B28B15FF0000400F0B0FBF0
:109D2000204610BD0124F9E730B589B03C4D6EE006
:109D30000498002806DADDE90601059A90470498A0
:109D4000002864DB069C606910B1201D00F015FB43
:109D500003A800F0D7F8024604980A2857D2DFE893
:109D600000F00505052D334A05052D3394F828002C
:109D700040F0010084F828000599A069059B014482
:109D80002046FFF7A7FF68B3216A2046884794F86A
:109D9000280040073BD5002000900598A1690023CA
:109DA00042181946204601F097FAD8B9502080F39E
:109DB0001188BFF34F8FBFF36F8FFEE714F8280FA2
:109DC00020F00100207022E094F8280040F001000B
:109DD00084F828000598A06128B181181346204610
:109DE000FFF778FF13E0502080F31188BFF34F8F07
:109DF000BFF36F8FFEE794F82800810703D4204655
:109E000000F052FB03E020F0010084F8280000225B
:109E100004A9286800F062FF002889D109B030BD8C
:109E2000800000202DE9FC410F46054600F0E4FCCF
:109E300001A800F067F80446019818B101F0BAF9DA
:109E4000BDE8FC81254EAFB130690068D0B3002772
:109E5000291B3A46306800F0A9FB01F0ABF9002855
:109E6000EED11F494FF080500860BFF34F8FBFF312
:109E70006F8FE5E7A542EBD801F09CF9F068274623
:109E8000C068C468201D00F078FA94F828004107E3
:109E900019D5A0692B4641193A462046FFF71AFF0B
:109EA000A8B100200346014600902A46204601F052
:109EB00013FA60B9502080F31188BFF34F8FBFF3BE
:109EC0006F8FFEE707E020F0010084F82800216A88
:109ED00020468847B4E70127BAE700008000002049
:109EE00004ED00E00648416B096829B1416BC9687F
:109EF000C9684968816270474FF0FF31FAE7000096
:109F00004400002070B5054601F072F8064E044684
:109F1000B068844203D200F035F8012000E0002050
:109F200028602046B46070BD80000020F0B5026853
:109F300000232AB3426800F1080552684260AA4231
:109F400001D1546844604268D668426852684260F1
:109F5000AA4201D1546844604268D4680022A7181C
:109F600011F802C097F83470BC4503D127B1521CD8
:109F7000102AF4D323B901E02346FBE7B442E4D12D
:109F80001846F0BDF8B5194D20E0C068C4680668F1
:109F9000201D00F0F2F9216A2046884794F8280035
:109FA000400713D5A0693044B04206D924616060EF
:109FB000211DE86800F020FA08E000200346014671
:109FC00000903246204601F087F938B1E868016810
:109FD0000029DAD12969C5E90310F8BD502080F3C2
:109FE0001188BFF34F8FBFF36F8FFEE78000002013
:109FF000002101E0401C491C0278A52AFAD0C1F3D7
:10A000008F00704708484068401C4FF0500080F3B4
:10A01000118804D0BFF34F8FBFF36F8FFEE7BFF3FC
:10A020004F8FBFF36F8FFEE7B8000020074CE0684A
:10A03000016841B1C0680021D0F80000FFF7F2FECE
:10A04000FFF772FEF3E701210020F7E78000002010
:10A050002DE9F041044600F0F3F994F9455004F17C
:10A06000240609E0606A48B1304601F06BF808B197
:10A0700000F0ECFA6D1E6DB2002DF3DC4FF0FF36F0
:10A0800084F8456000F0FCF900F0DAF994F94450E6
:10A0900004F1100709E0206948B1384601F052F890
:10A0A00008B100F0D3FA6D1E6DB2002DF3DC84F818
:10A0B0004460BDE8F04100F0E3B900002DE9F04153
:10A0C0000546002700F098FB324E306808B9FFF7CC
:10A0D00019FD706905424ED1C5B3083568070ED029
:10A0E00005F00700C0F108000544680707D05020BC
:10A0F00080F31188BFF34F8FBFF36F8FFEE72DB34F
:10A100007068854237D82348183001460C6801E052
:10A1100020460C466168A94202D221680029F7D185
:10A1200031688C4227D00768216801606068083771
:10A13000411B10290FD96019420708D0502080F325
:10A140001188BFF34F8FBFF36F8FFEE713E04160BD
:10A150006560FFF799FD61687068401A7060B268C9
:10A16000904200D2B060706901430020C4E9000150
:10A17000F068401CF06001F01DF8780707D050200F
:10A1800080F31188BFF34F8FBFF36F8FFEE7384620
:10A19000BDE8F0819800002010B5031F4FF08074D7
:10A1A0001C601B1F21F001011960191F044B0B607B
:10A1B00014390A60091F6FF0020244380A6010BDAA
:10A1C00005A0000810B52DED028B04469FED1D0A79
:10A1D000B0EE408AD4ED000A60EEA00A94ED011AB8
:10A1E000D4ED011A41EE210A94ED021AD4ED021ABF
:10A1F00041EE210A94ED031AD4ED031A41EE210A2F
:10A20000B0EE600AF6F7DAFBB0EE408A94ED000A91
:10A2100020EE080A84ED000A94ED010A20EE080AF7
:10A2200084ED010A94ED020A20EE080A84ED020A88
:10A2300094ED030A20EE080A84ED030ABDEC028BBC
:10A2400010BD000000000000DFED020A20EE200A31
:10A2500070470000E02E654210B500EE100A2DEDAB
:10A26000028BB1EEC08A18EE100A20F00040C0F157
:10A27000FF40C00F0AD010EE100A20F00040C0F1DD
:10A28000FF40C00F04BF0120F6F780F918EE100A56
:10A29000BDEC028B10BD000070B50C46064600F008
:10A2A000CFF8154D2868406D80B92968012081F8E4
:10A2B00058005CB101212046FFF7FAFA0F494FF030
:10A2C00080500860BFF34F8FBFF36F8F00F0D8F856
:10A2D00000F0B6F82868446D002034B116B1296842
:10A2E000486502E02A68611E5165296881F85800B6
:10A2F00000F0C6F8204670BD4400002004ED00E0E8
:10A3000091ED000AB1EE400A80ED010A91ED010ADB
:10A31000B1EE400A80ED020A91ED020AB1EE400A68
:10A3200080ED030A91ED000A80ED040A91ED020A26
:10A3300080ED060A91ED010AB1EE400A80ED070AB0
:10A3400091ED010A80ED080A91ED020AB1EE400A92
:10A3500080ED090A91ED000A80ED0B0A91ED020AE9
:10A3600080ED0C0A91ED010A80ED0D0A91ED000AD5
:10A37000B1EE400A80ED0E0A7047D0E90132016962
:10A380009A60D0E901235A604A68824201D182680A
:10A390004A60002202610868401E08600868704731
:10A3A00008B902480068006BFFF722BE4400002095
:10A3B000034B036003F15C0008608020106070476D
:10A3C0006C1E0020044B036003F15C0008604FF436
:10A3D0008070106070470000C820002000F1080164
:10A3E0004FF0FF32C0E90112C1600161002101603C
:10A3F000704700210161704730B50B685A1C02D0CC
:10A4000000F1080202E0026904E02246546825686F
:10A410009D42FAD953684B6099608A605160086127
:10A420000168491C016030BD42684A6093688B60D6
:10A4300093685960916008610168491C0160704728
:10A44000502080F31188BFF34F8FBFF36F8F0A49FD
:10A450004868401C486001280CD10848006810F08A
:10A46000FF0F07D0502080F31188BFF34F8FBFF349
:10A470006F8FFEE770470000B800002004ED00E099
:10A480000849486828B1401E486001D180F311880E
:10A490007047502080F31188BFF34F8FBFF36F8F49
:10A4A000FEE70000B800002070B500282AD0164D45
:10A4B000A0F1080460686969084207D1502080F360
:10A4C0001188BFF34F8FBFF36F8FFEE722683AB159
:10A4D000502080F31188BFF34F8FBFF36F8FFEE7DB
:10A4E0008843606000F088F96068696808446860C3
:10A4F0002046FFF7C9FB2869401C2861BDE8704071
:10A5000000F058BE70BD0000980000204FF0E02021
:10A5100000210161816105494FF47A720968B1FB3C
:10A52000F2F1491E4161072101617047400000209E
:10A5300010B5F5F7F5FE114910280ED300F1E02013
:10A5400090F8F0030A78904207D2502080F31188E7
:10A55000BFF34F8FBFF36F8FFEE70948006889682C
:10A5600000F4E060884207D9502080F31188BFF3DF
:10A570004F8FBFF36F8FFEE710BD0000B8000020C3
:10A580000CED00E010B5084B002200BF53F832403C
:10A590001CB1521C082AF9D310BD43F8321003EB4A
:10A5A000C201486010BD00005018002070B515466B
:10A5B0000E460446FFF744FF94F944100020491C5E
:10A5C00001D184F8440094F94510491C01D184F864
:10A5D0004500FFF755FFA06B28B92A46314604F124
:10A5E000240000F0A9F82046BDE87040FFF730BD18
:10A5F00010B5020014D00F48006B38B1502080F322
:10A600001188BFF34F8FBFF36F8FFEE700F0F4F8B0
:10A6100000211046FFF74CF900F0CCFD002807D1CF
:10A6200005494FF080500860BFF34F8FBFF36F8F25
:10A6300010BD00004400002004ED00E002490A6A59
:10A640000260C96841607047440000200149012050
:10A65000C8617047440000202DE9F0410E46040017
:10A6600015D0FFF765FF5020EFF3118580F31188B7
:10A67000BFF34F8FBFF36F8F94F85800022184F817
:10A680005810616D491C6165012808D031E05020E7
:10A6900080F31188BFF34F8FBFF36F8FFEE7A06A7F
:10A6A00038B1502080F31188BFF34F8FBFF36F8F05
:10A6B000FEE7124F386B18B104F1180110480DE095
:10A6C000201DFFF75AFEE06A3969884200D93861D7
:10A6D0000C4900EB800001EB8000211DFFF7A4FE78
:10A6E000E06A3968C96A884203D9012006B130603E
:10A6F000F86185F31188BDE8F08100004400002076
:10A70000181D00209018002010B50C4650B10949C2
:10A7100009681831FFF770FE2046BDE8104001219E
:10A72000FFF7C6B8502080F31188BFF34F8FBFF3F7
:10A730006F8FFEE74400002070B514460D4668B1E7
:10A740000A4909681831FFF76FFE0CB14FF0FF3569
:10A7500021462846BDE87040FFF7AAB8502080F394
:10A760001188BFF34F8FBFF36F8FFEE744000020C7
:10A7700030B587B00024039405AA04A903A8049463
:10A78000FFF716FEDDE903010094CDE90110002377
:10A7900015A11748059A00F0AEFB164D0028E86297
:10A7A0001FD000F069FD012809D0401C19D15020AC
:10A7B00080F31188BFF34F8FBFF36F8FFEE75020F8
:10A7C00080F31188BFF34F8FBFF36F8F4FF0FF30CF
:10A7D000A86201206861EC6007B0BDE8304000F07D
:10A7E00045B807B030BD000049444C4500000000AA
:10A7F000519B0008440000200248016B491C016382
:10A800007047000044000020164810B5016B11B1DC
:10A810000121C16110BD0021C1610169124A01E03D
:10A82000B9B1491E01EB810352F82330002BF7D058
:10A8300001EB810302EB830202F1080453685B68B9
:10A840005360A34201D15B685360DA680260016122
:10A8500010BD502080F31188BFF34F8FBFF36F8F6F
:10A86000FEE7000044000020901800201CB5374887
:10A870000168374A914207D1502080F31188BFF315
:10A880004F8FBFF36F8FFEE700683149491E884242
:10A8900007D1502080F31188BFF34F8FBFF36F8F24
:10A8A000FEE72C4908780190FF20087008788DF8A1
:10A8B00000009DF800009DF8002000F0F00090429C
:10A8C00007D0502080F31188BFF34F8FBFF36F8FF5
:10A8D000FEE79DF80000204C00F05000207007209B
:10A8E000A06005E09DF8002052008DF80020401E79
:10A8F0009DF800201206F5D4A060032807D0502050
:10A9000080F31188BFF34F8FBFF36F8FFEE74FF4D3
:10A910004070A060019808700C482030016841F434
:10A9200070010160016841F070410160FFF7EEFDC8
:10A9300000206060F5F7BCFC0848016841F0404128
:10A940000160F5F7A1FC00201CBD000000ED00E057
:10A9500071C20F4100E400E0B800002034EF00E0D5
:10A9600010B5502080F31188BFF34F8FBFF36F8F66
:10A9700000F044FB18B104494FF0805008600020FB
:10A9800080F3118810BD000004ED00E0F8B5174613
:10A990000E46050013D005FB06F05030FFF78EFB86
:10A9A00004000AD0002084F8460004F150023B461F
:10A9B000314628460094FFF7FBF82046F8BD5020AA
:10A9C00080F31188BFF34F8FBFF36F8FFEE738B569
:10A9D000049D18B153B1CAB181B120E0502080F379
:10A9E0001188BFF34F8FBFF36F8FFEE7502080F3C6
:10A9F0001188BFF34F8FBFF36F8FFEE7502080F3B6
:10AA00001188BFF34F8FBFF36F8FFEE739B150202E
:10AA100080F31188BFF34F8FBFF36F8FFEE7502491
:10AA20001C46012384F846302B460094FFF7C0F8FB
:10AA3000204638BD70B50D46040025D0FFF700FD57
:10AA4000D4E90F20216802FB0011A1600021A1635D
:10AA5000216861600A46D4E90F01401E00FB012114
:10AA6000E16021464FF0FF3001F8440F487004F1D7
:10AA700010008DB1FFF7B2FC04F12400FFF7AEFC2B
:10AA8000FFF7FEFC012070BD502080F31188BFF35A
:10AA90004F8FBFF36F8FFEE721690029F0D000F0E0
:10AAA00051FB0028ECD004494FF080500860BFF300
:10AAB0004F8FBFF36F8FE3E704ED00E02DE9FF4711
:10AAC00082B01D468A464FF00008040003D0BAF158
:10AAD000000F08D011E0502080F31188BFF34F8F92
:10AAE000BFF36F8FFEE7206C38B1502080F31188E0
:10AAF000BFF34F8FBFF36F8FFEE7022D0AD1E06BDC
:10AB0000012807D0502080F31188BFF34F8FBFF387
:10AB10006F8FFEE700F05EFA3F4F4FF000094FF0F5
:10AB2000805648B9049838B1502080F31188BFF39B
:10AB30004F8FBFF36F8FFEE7FFF782FCA06BE16BD7
:10AB4000884207D3022D05D00498D0B1B8F1000F88
:10AB50001AD01EE02A4651462046FEF782FF616A5F
:10AB600019B104F1240000F0EDFA20B13E60BFF30A
:10AB70004F8FBFF36F8FFFF783FC012006B0BDE856
:10AB8000F087FFF77DFC22E06846FFF757FD4FF0A6
:10AB90000108FFF775FCFFF72FFEFFF751FC94F952
:10ABA0004400401C01D184F8449094F94500401CB5
:10ABB00001D184F84590FFF763FC04A9684600F0D2
:10ABC00029F930B12046FFF743FA00F0F3FA0020EC
:10ABD000D4E7FFF735FCA06BE16B884213D1FFF798
:10ABE0004FFC04F110000499FFF78EFD2046FFF79B
:10ABF0002FFA00F0DFFA00289ED13E60BFF34F8F9E
:10AC0000BFF36F8F98E7FFF73BFC2046FFF720FA72
:10AC100000F0D0FA90E7000004ED00E02DE9F047E5
:10AC20001F4690468946040003D0B9F1000F08D0B2
:10AC300011E0502080F31188BFF34F8FBFF36F8F67
:10AC4000FEE7206C38B1502080F31188BFF34F8F9E
:10AC5000BFF36F8FFEE7022F0AD1E06B012807D008
:10AC6000502080F31188BFF34F8FBFF36F8FFEE743
:10AC7000FFF75EFC5020EFF3118680F31188BFF3DD
:10AC80004F8FBFF36F8FA06BE16B884206D3022F0B
:10AC900004D0002086F31188BDE8F08794F9455070
:10ACA000A06B3A4649462046FEF7DBFE681C04D0FE
:10ACB0006D1C84F845500120ECE7606A0028FAD04A
:10ACC00004F1240000F03EFA0028F4D0B8F1000F9F
:10ACD000F1D00121C8F80010EDE700002DE9F74799
:10ACE000002683B08A46040003D0BAF1000F08D0D2
:10ACF00011E0502080F31188BFF34F8FBFF36F8FA7
:10AD0000FEE7206C38B1502080F31188BFF34F8FDD
:10AD1000BFF36F8FFEE700F05DF9DFF8F4804FF0CE
:10AD200000094FF0805748B9059838B1502080F39A
:10AD30001188BFF34F8FBFF36F8FFEE7FFF780FBE4
:10AD4000A56BC5B151462046FEF778FE6D1EA56382
:10AD5000206950B104F1100000F0F4F928B1C8F8EE
:10AD60000070BFF34F8FBFF36F8FFFF789FB012098
:10AD700006B0BDE8F087059808B11EB106E0FFF700
:10AD80007FFB27E06846FFF759FC0126FFF778FBB9
:10AD9000FFF732FDFFF754FB94F94400401C01D14A
:10ADA00084F8449094F94500401C01D184F8459002
:10ADB000FFF766FB05A9684600F02CF8002820463E
:10ADC0000AD0FFF745F900F0F5F92046FEF79EFF9F
:10ADD0000028B3D00020CBE7FEF798FF90B104F134
:10ADE00024000599FFF790FC2046FFF731F900F0A9
:10ADF000E1F90028A2D1C8F80070BFF34F8FBFF36C
:10AE00006F8F9BE72046FFF723F900F0D3F995E712
:10AE100004ED00E02DE9F0410C4605000FD0B4B17F
:10AE2000FFF70EFB1C4BDA686E681868911B002751
:10AE300090F85A0098B1186880F85A701AE05020BB
:10AE400080F31188BFF34F8FBFF36F8FFEE7502061
:10AE500080F31188BFF34F8FBFF36F8FFEE7206839
:10AE6000B0F1FF3F08D0D5F800C01B6A9C4509D05F
:10AE7000964207D8012400E00024FFF701FB20469A
:10AE8000BDE8F081884205D9401A20602846FFF7C6
:10AE9000D5FBF1E72760EDE7440000202DE9FF5FD7
:10AEA0008346DDE90E87994616468A469000FFF7ED
:10AEB00005F905001CD05C20FFF700F9040014D050
:10AEC0000020256384F85900CDE90240CDE90087D0
:10AED0004B46324651465846FEF77CFE2046FEF76A
:10AEE00019FD012004B0BDE8F09F2846FFF7DCFA09
:10AEF0004FF0FF30F6E7F0B585B0DDE90B640A9D51
:10AF0000A6B1DCB15C2700972663022684F859605D
:10AF1000002604AFCDE90246CDE90057FEF75AFE00
:10AF20002046FEF7F7FC049805B0F0BD502080F3F2
:10AF30001188BFF34F8FBFF36F8FFEE7502080F370
:10AF40001188BFF34F8FBFF36F8FFEE72DE9F041FC
:10AF500007463825F5F77FFA102807D3502080F3ED
:10AF60001188BFF34F8FBFF36F8FFEE7FFF744FCED
:10AF7000154E6D1E05EB850006EB80003946FEF789
:10AF8000D5FF04001AD1002DF3D1104D3946686B5E
:10AF9000FEF7CCFF040011D13946A86BFEF7C6FFBF
:10AFA00004000BD139460A48FEF7C0FF040005D162
:10AFB000074839461438FEF7B9FF044600F0FAF89E
:10AFC0002046BDE8F08100009018002044000020D9
:10AFD000401D00200548416919B1006B18B10020DF
:10AFE0007047012070470220704700004400002095
:10AFF0000148C06870470000440000202DE9F0417E
:10B000002E4C0027206B28B1A069401CA061384657
:10B01000BDE8F081E668761CE66013D1606B0068DD
:10B0200038B1502080F31188BFF34F8FBFF36F8F7B
:10B03000FEE7606BA16B6163A063206A401C206225
:10B04000FEF750FFA06ADFF87880864209D3606B74
:10B050000068A0B1606BC068C5686868864211D29C
:10B06000A0622068C06A00EB800158F82100012826
:10B0700000D90127E0690028C9D00127C7E74FF0B0
:10B08000FF30EDE7281DFFF778F9A86A18B105F140
:10B090001800FFF772F9E86A2169884200D9206137
:10B0A00000EB800108EB8100291DFFF7BDF9E86A7C
:10B0B0002168C96A8842CAD30127C8E74400002032
:10B0C0009018002070B504004FF0000133D01B4DE4
:10B0D0002868844207D0502080F31188BFF34F8F37
:10B0E000BFF36F8FFEE7206D38B1401E2065E36C23
:10B0F000E26A9A421FD040B11DE0502080F31188CF
:10B10000BFF34F8FBFF36F8FFEE7201DFFF735F9B9
:10B11000E06CE062C0F13800A061E06A2969884211
:10B1200000D92861064900EB800001EB8000211D59
:10B13000FFF77AF90121084670BD000044000020A5
:10B140009018002070B5C068C46854B104F11800AC
:10B150000646FFF712F9144D286B50B131461348DB
:10B1600015E0502080F31188BFF34F8FBFF36F8F2E
:10B17000FEE7201DFFF701F9E06A2969884200D93E
:10B1800028610B4900EB800001EB8000211DFFF7D7
:10B190004BF9E06A2968C96A884202D90120E8614E
:10B1A00070BD002070BD000044000020181D00206C
:10B1B000901800202DE9F0472C4D00242746286BDD
:10B1C00038B1FFF73DF9286B401E2863286B40B16A
:10B1D00046E0502080F31188BFF34F8FBFF36F8F8D
:10B1E000FEE7A968224E0120D1B3A6F591698046F9
:10B1F0003068E0B1F068C46804F11800FFF7BDF8EA
:10B20000201DFFF7BAF8E06A2969884200D9286151
:10B2100000EB800109EB8100211DFFF705F9E06AD1
:10B220002968C96A8842E3D3C5F81C80E0E70CB1FD
:10B23000FEF758FEAC694CB14FEA0806FFF7DEFE98
:10B2400000B1EE61641EF9D10020A861E86938B14F
:10B250000849012738070860BFF34F8FBFF36F8F8E
:10B26000FFF70EF93846BDE8F087000044000020E3
:10B27000181D002004ED00E010B586B0FEF7B2FB0B
:10B28000114C2068B8B100200390049005AA04A9CD
:10B2900003A8FFF797F8DDE9032102208DE80700F6
:10B2A00000230AA10B48059AFFF725FE606010B144
:10B2B00006B0012010BD502080F31188BFF34F8FDE
:10B2C000BFF36F8FFEE7000080000020546D7220F6
:10B2D000537663002DA000082DE9FF411E4613465A
:10B2E00002000A9D4FF0000016D0144C2768002F72
:10B2F0000FD0CDE900130292062917DAFFF76AFE94
:10B3000002284FF000030FD0002269462068FFF7A3
:10B31000D5FB04B0BDE8F081502080F31188BFF365
:10B320004F8FBFF36F8FFEE72A46EEE700233246CA
:10B3300069463846FFF772FCEBE70000800000200A
:10B3400081F00041704780F00040704721F00041DB
:10B35000704720F00040704721F00042A2F1605297
:10B36000B2F5801F01F0004328BFD2F17F6C0BD9EA
:10B370005FEA001C43EAC20242EB507018BF7047FC
:10B3800028BF20F001007047B2F5801FBCBF1846EF
:10B3900070474FEA410C1CF5001F02D2084600F02E
:10B3A00071BE70B500F056FB00000089FFF7F6BFD4
:10B3B0004FF00040A0F580007047000010B591EA02
:10B3C000030F48BF83F0004300F18A84841A71EBB5
:10B3D000030C05D2121943EB0C03001B61EB0C01AB
:10B3E000DFF824E14FEA1154A4EB135C1EEA430F8B
:10B3F00018BF9EEA445F73D023EA0E03DCF1200EEF
:10B4000021EA045143F4801332D322FA0CFE10EBEC
:10B410000E0023FA0CFE41EB0E01CCF1200E03FAD4
:10B420000EFE10EB0E0051F10001B1F5801FCCF1C2
:10B43000200E32D201EB045112FA0EF2BDE8104098
:10B4400058BF7047401C38BF5FEA420218BF7047C0
:10B45000002814BF20F0010041F100014FEA410330
:10B4600013F5001F38BF7047A1F1C04100F0E8BBE1
:10B47000012A43EB0302ACF1200CDCF11F0E32BFBA
:10B480004FF0000E23FA0CF310EB030041EB0451D4
:10B49000B4EB115FD0D0A1EB045101F58011490844
:10B4A0005FEA300001EB04510ED350F1000038BFC9
:10B4B00012FA0EFE08D1BDE81040C9E7401C38BFA3
:10B4C0005FEA4202CAD1C3E7BDE810404FEA410338
:10B4D00013F5001F38BF7047A1F1C04100F0B0BBA9
:10B4E0009EEA445F08D011EA5E0FBDE8104004BF39
:10B4F00001F0004100207047BDE8104070B500F039
:10B50000A9FA00BF64FBBE3E0000E0FF491058BF2F
:10B51000C1F140415B1058BFC3F140438B42EFF390
:10B52000008070472DE9C04130B4DFF8A0C23CEA8A
:10B53000111418BF3CEA131400F0EC8081EA0305F3
:10B540001CEA111444EAD57418BF1CEA131500F064
:10B55000C780A4EB05044FF0004545EAC12145EA48
:10B56000C32341EA505143EA525304F17F74994294
:10B5700004F500344FEAC0204FEAC22208BF9042CF
:10B5800000F09C804FEA13650FF24016765D4FEA9B
:10B59000134506FB05F7C7F1807706FB07F74FEA6F
:10B5A000D737A7FB03687642C8F58038A7FB06CEDD
:10B5B00038BFA8F1010807FB08E64FF0000EA6FB14
:10B5C000028CE6FB03CEDCF1000CCEF1004E38BF5E
:10B5D000AEF1010EA6FB0C584FF000074FF000052E
:10B5E000E6FB0E87A1FB08C6A0FB07CE16EB0E06F6
:10B5F00045F10005E1FB076515F1E04E7EBFA4F5BE
:10B6000080345FEA46066D4116F1800745F100057A
:10B610004FEA17274FEA066647EA0567A6F1DE46B6
:10B62000B6F1805F4FEA15251FD9384624F0010C8A
:10B6300005EBC471BCF1FE6F01EB0C1102D8F0BC3C
:10B64000BDE8008124425CBF01F5801E9EEAC47FF4
:10B6500002D4F0BCBDE80081244238D4F0BCA1F192
:10B66000C041BDE8004100F0EBBA4FEAD22242EA05
:10B6700043524FEAD323A7FB02864FEAD02040EA89
:10B68000415007FB03661EEA0E0F4FEAD12105FB6E
:10B69000026658BFA6EB0056B6EB00564FEA520EB4
:10B6A0004EEAC37E18EB0E0E56EB530EBDD518EBCB
:10B6B00002085E417F1C55F10005B6E74FF4801586
:10B6C0004FF000074FF000064FF00008ADE7F0BC68
:10B6D0004FF0000001F1C04101F00041BDE80081E0
:10B6E00011EA0C1F0CEA131500D00CE013EA0C1F32
:10B6F00000F025804FF00000F0BC81EA030101F06A
:10B700000041BDE80081F0BCBDE8004181EA0301D1
:10B7100000F096BAF0BCBDE8004170B500F09AF9AF
:10B72000097EFC3E00F007B881EA03014FF00000FB
:10B7300001F00041704781EA030100F081BAF0BCDA
:10B74000BDE800414FF0000021497047FFFDFBF9C3
:10B75000F7F5F4F2F0EEEDEBE9E8E6E4E3E1E0DE44
:10B76000DDDBDAD8D7D5D4D3D1D0CFCDCCCBCAC8B6
:10B77000C7C6C5C4C2C1C0BFBEBDBCBBBAB9B8B7DD
:10B78000B6B5B4B3B2B1B0AFAEADACABAAA9A8A8D0
:10B79000A7A6A5A4A3A3A2A1A09F9F9E9D9C9C9B9E
:10B7A0009A99999897979695959493939291919049
:10B7B0008F8F8E8E8D8C8C8B8B8A898988888787DA
:10B7C0008685858484838382828181800000FF074F
:10B7D0000000F87F4FEA41034FEA5353A3F580631B
:10B7E000D3F11E03C8BFD3F1210C0CDD4FF0004292
:10B7F00042EAC12242EA505232FA03FC8CEAE17C6E
:10B80000ACEBE1707047102BC4BF0020704703F50C
:10B81000787CBCF1FF3F04D06FF0004282EA210047
:10B82000704770B500F016F94992248000207047E7
:10B83000F2E710F0004248BF4042B0FA80F310FA3D
:10B8400003F10AD0C3F11D0303F580634FEA4150B1
:10B8500002EB035202EBD12170474FF0000070471A
:10B86000B0FA80F310FA03F10AD0C3F11D0303F517
:10B8700080634FEA41504FEA035202EBD1217047F7
:10B880004FF000007047000051EA030C17D41CF57C
:10B89000801F58BFBCF5801F00F10680994218BF79
:10B8A000704708BF9042704707D711F5801F58BFF7
:10B8B00013F5801F19D499427047894270471CF5CF
:10B8C000801F08D5BCF5801FF7D58B4218BF704785
:10B8D00008BF824270474FF4001C1CEB410F38BF79
:10B8E0001CEB430F01D28B42704770B500F0B2F8E9
:10B8F000922449004FF000514FF08053FFF706BEED
:10B90000DFF848C170B51CEA111E1EBF1CEA1315F2
:10B910009EEA0C0F95EA0C0F00F06F8081EA030499
:10B9200023EA4C134EEAD47E21EA4C1141F48011F3
:10B9300043F48013AE44A1FB024CA0FB0365AEF1BF
:10B940007F7E361955EB0C05A1FB034C4CF100032F
:10B95000A0FB021C16EB0C06654153F100030942E3
:10B9600018BF46F0010613F4007F0BD14FEA0331F4
:10B970004FEA0530340341EA155140EA16506FF0A2
:10B9800003020AE04FEAC3214FEAC520F40241EA6C
:10B99000555140EA56506FF0020202EB2E4201EB85
:10B9A000025585EACE710AD05FEA440C18BF24F034
:10B9B000004450F1000041F1000120EAD47040F24F
:10B9C000FE7C624500D270BDA84214BF4FF0804497
:10B9D0004FF04044002E08BF0024BEF1806FA8BF86
:10B9E000A1F1C041BDE8704080F22A814FF0000013
:10B9F00001F1C04101F0004170479EEA0C0F0CEAD2
:10BA0000131518BF95EA0C0F06D04FF0000081EA1D
:10BA1000030E0EF0004170BD00F01CF88900013EDD
:10BA200000F007B800F009B84FEA430C5FEA5C5C2D
:10BA300008D081EA030100F003B94FEA410C5FEA44
:10BA40005C5CF6D14FF00000014970470000FF0731
:10BA50000000F87F0EF1020E2EF0030E5EF8046B6C
:10BA6000364205D4012A43EB030515F5001F12D811
:10BA7000012841EB010C1CF5001F0CD80ED14FEA38
:10BA8000D17C15F5001F0CEB4C0C0CF1020C08BF1F
:10BA90004CEBD37C04E04FF0080C01E04FEAD37C80
:10BAA0000CEB4C0526FA05F606F00706B6F1040C79
:10BAB00006D20EEB860CBDE870404CF0010C6047DE
:10BAC000DFE80CF0090B02024FF000414FF00000DC
:10BAD000A1F5002170BD19461046012851EB010463
:10BAE00018BFD4F5001484BF002001F0004170BDE0
:10BAF000DFF844C170B53CEA111418BF3CEA1315D5
:10BB000000F08F8011F1004F1CEA13150CEA11149C
:10BB100068BF45F0050518BF11EA0C1F00F07980D9
:10BB20002E4621EA4C1123EA4C1341F4801143F4D0
:10BB30008013A5F58035AC423DDD801A9941A4F50E
:10BB4000803609D54042C1F1000134BFB1F1010195
:10BB5000B1F1000185F0010511F4F01F08D011F4D6
:10BB6000801FE8D1400041EB0101A4F58034F6E7E5
:10BB700021F00041B1FA81F6202E04BFB0FA80FE18
:10BB80000EF12006A6F10B06B6F1200EA4EB06443A
:10BB90000CD2C6F1200E01FA06F120FA0EF641EAA7
:10BBA0000601CEF1200600FA06F003E000FA0EF1DD
:10BBB0004FF00000BFE750EA410E23D04FEA244E79
:10BBC000BEEB254F0FDB994208BF904204D00AD349
:10BBD000520043EB0303B0E74FEA1646B6EB144FAF
:10BBE00008BF85F00105B4F5803401EB041181EA4A
:10BBF000C57100DB70BD01F1C0414FF0000001F0E4
:10BC0000004170BD4FEA45714FF0000001F0004166
:10BC100070BD1CEA131F09D04FF0000001F0004175
:10BC200070BDFFF717FF00BFEDFFFF3EBDE870409E
:10BC30004FF00000014970470000FF070000F87F47
:10BC40000808A0F500114FEA3101704753EA010CD2
:10BC500017D41CF5801F58BFBCF5801F00F106806B
:10BC60008B4218BF704708BF8242704707D713F551
:10BC7000801F58BF11F5801F19D48B4270479B421B
:10BC800070471CF5801F08D5BCF5801FF7D5994279
:10BC900018BF704708BF904270474FF4001C1CEB60
:10BCA000430F38BF1CEB410F01D2994270470FB4CC
:10BCB0000CBC03BCFFF719BE91EA030F10B581F06D
:10BCC00000413FF583AB83F0004300F009B800006A
:10BCD00010B591EA030F48BF83F000433FF576AB00
:10BCE000841A71EB030C07D212198CF0004C43EB51
:10BCF0000C03001B61EB0C01DFF8A4E14FEA1154C7
:10BD0000A4EB135C1EEA430F18BF9EEA445F00F0E9
:10BD1000B08023EA6E03524221EA0451C3EB6E0362
:10BD200038BF5B1EDCF1200E25D322FA0CFE10EB8F
:10BD30000E0043FA0CFE41EB0E01CCF1200E03FA8B
:10BD40000EFE10EB0E0051F10001CCF1200E29D4B3
:10BD500012FA0EF201EB0451BDE8104058BF7047D3
:10BD6000401C1CBFB2F1004F704700280CBF491C9B
:10BD700020F00100704712EB020E43EB030218BFE4
:10BD80004FF0010E4EEA4202ACF1200CDCF11E0E27
:10BD900054D943FA0CFE10EB0E0051F1FF31CCF1F7
:10BDA0001E0ED5D50EF1010E12FA0EFE404141EBEA
:10BDB000010101EB445C5FEA5C5C10D910EBDE70C2
:10BDC00001EB045138BFBEF1004FBDE8104018BF71
:10BDD000704700280CBF491C20F00100704730D28A
:10BDE0004FEAD42C11F5001124F400641BD0B1FAF1
:10BDF00081F20B3AA41AA41ED2F12003914030FA2A
:10BE000003F31943904001EBCC71002C01EB04517A
:10BE1000BDE81040A8BF704701F1C0414FF00000DD
:10BE200001F000417047B0FA80F310FA03F100D13D
:10BE300010BDE41A173C4805C90AE4E701EB0451B8
:10BE400010BD491001EB0451BDE810404FEA30002D
:10BE500002E04FF0000170474A0008BF0042F8D0EE
:10BE6000B2F5001F28BF704701F000414FF00000FD
:10BE700070479EEA445F07D011EA5E0FBDE81040AC
:10BE800004BF002100207047BDE8104070B5FFF7E7
:10BE9000E1FD00BF40DFF63E83F0004110467047F1
:10BEA0000000E0FF43004FEAD30C4FEA3C0C434054
:10BEB0001FBF40070CF1605113F0FE4F70471CF09C
:10BEC000006F03D100200CF0004170470CF00043DC
:10BED00043EA507010B540EACC0000F00EF800BF05
:10BEE000000000924FEA0001FFF7AABE4FF00041A8
:10BEF0004FF00000A1F5002170470EF1020E2EF068
:10BF0000030E5EF8044B244204D44FEA4102B2F11E
:10BF10007F4F11D84FEA4003B3F17F4F0CD80ED1B9
:10BF20004FEAD07CB2F17F4F0CEB4C0C0CF1020CC1
:10BF300008BF4CEBD17C04E04FF0080C01E04FEA65
:10BF4000D17C0CEB4C0324FA03F404F00704B4F1A5
:10BF5000040C06D20EEB840CBDE810404CF0010C32
:10BF60006047DFE80CF0070802024FF00040A0F540
:10BF7000800010BD0846420018BFD2F1807288BF11
:10BF800000F0004010BD4FF04070E1EE100A704725
:10BF90004FF07F4C3CEA410318BF3CEA400200F0FE
:10BFA00062804FF47F0C10F0004F0CEAD11318BFE1
:10BFB00043F005031CEAD01218BF13EA0C0F00F07F
:10BFC00057804FF0004C4CEA00204CEA0121A3F5C9
:10BFD00080339A4210DDB0F1004F23F0020306D304
:10BFE000401A43F00203BCBF404283F001034FEA12
:10BFF0004000A2F58032ECE74FEA224CBCEB234F25
:10C0000008DB884206D31CD0A0EB4100C0F1000041
:10C0100083F0010340001DD217D40DD0B0FA80FC8C
:10C020000CF1010C00FA0CF0A2EB0C42D2F1000C66
:10C0300012DB4FEAC37070474FEA437000F00040D4
:10C04000704713F0020FE5D0DEE7B2F580324FEA19
:10C050004000EBDD002AE9DD4FEAC21242EA50203F
:10C0600040EAC370704710B5FFF747FFEDFFFF3E92
:10C070001CEAD11F02D000F0004070470048704712
:10C080000000C07FFF2141EAD050C005704700008A
:10C09000FCC30008000000000000000000000000D9
:10C0A0000000000000020000180000000000000076
:10C0B00000000000B0C30008000000000C040020D5
:10C0C0005C0000000C0200200002000018000000CC
:10C0D0000000000000000000C0C3000800000000D5
:10C0E000680600205C0000006804002000020000D8
:10C0F00018000000000000000000000008C4000854
:10C10000000000000000000000000000000000002F
:10C1100000040000310000000000000000000000EA
:10C1200028C400080000000000000000000000001B
:10C1300000000000000200001800000000000000E5
:10C1400000000000D0C3000800000000C40A002066
:10C150005C000000C4060020000400003100000064
:10C16000000000000000000030C4000800000000D3
:10C17000200D00205C000000200B002000020000C9
:10C1800030000000000000000000000010C40008A3
:10C19000000000007C0F00205C0000007C0D0020EF
:10C1A000000200003000000000000000000000005D
:10C1B000ECC3000800000000D81100205C00000063
:10C1C000D80F002000020000300000000000000036
:10C1D000000000001CC4000800000000341400200F
:10C1E0005C0000003412002000020000310000005A
:10C1F0000000000000000000A0C3000800000000D4
:10C200009C14002050000000901400200A00000040
:10C21000DCC30008000000000C15002050000000E6
:10C22000EC14002020000000000610160006101676
:10C2300000000000000000000102030406070809D6
:10C24000000000000102030440AC037D040141032F
:10C25000057C00026D0D026D090200000000C8445B
:10C26000CDCC4C3E000000000B080141090242C049
:10C27000030A0B04CDCC4C3ECDCC4C3ECDCC4C3E39
:10C280004C5555555555A53F7751C1166CC156BFF4
:10C290009015CB19A001FA3EAD529C804F7E92BE04
:10C2A000C4B1B4BD9EEE213ED43888BEE9FAA8BD23
:10C2B00000004054FB21F93F3163621A61B4D03D64
:10C2C0000000601A61B4D03D7370032E8A19A33B3D
:10C2D0000000002E8A19A33BC14920259A837B398F
:10C2E00000000000000000006E83F9A22915444EF2
:10C2F000D15727FCC0DD34F5999562DB4190433C72
:10C30000AB6351FE61C5BBDE3A6E24B7E0D24D424D
:10C31000EA2E49061C92D1091CEB1DFE3EA729B14D
:10C32000F53582E88444BB2E26709CE9417E5FB4DB
:10C3300039D69139F43953838B5F849C3B28F9BDFE
:10C34000FF97F81F0F9805DE8B112FEF1F6D0A5A0C
:10C35000CF7E366DB709CB27663F464F2DEA5F9EED
:10C36000C7BA27757BF1E5EBF739073DEA92528AA8
:10C37000B15FFB6B085D8D1FA6F810111111813F95
:10C38000D561C119A0012ABF7DFEB157E31DC73E8B
:10C39000EB9C2B8AE6E55ABE7CD5CF5A3AD9E53DCF
:10C3A00051756575655F444A495F4D440000000062
:10C3B0005265616C54696D655F5441534B000000D8
:10C3C000444A495F526563696576654461746100FA
:10C3D0004475616C426F617264000000675F4341A5
:10C3E0004E325F5175657565000000004845524F3B
:10C3F00053686F6F74696E67000000006465666162
:10C40000756C745461736B00696D755461736B0066
:10C410004845524F47696D62616C00004845524F74
:10C4200053797374656D000062757A7200000000C4
:10C430004845524F43686173736973005CC40008D8
:10C44000000000200C020000C4010008CCC4000859
:10C450000C020020EC6A00002002000801343201C6
:10C460008210037924F41AAA0141100DE7416B3AB6
:10C4700058A08B3A7D04017C160240AB03411009A1
:10C48000055308065804070F160810820911160AEA
:10C4900015800B16F50C18010D0515A2FFFFFF1AEC
:10C4A00082192901815A9210892E5B803F0802125D
:10C4B000BF791C091D246920E938091610B91C59D7
:0CC4C0005409125C012E2DCDCC1C41044F
:040000050800018965
:00000001FF
