:020000040800F2
:10000000B02E00242D0400080D5C0008CD5000081F
:10001000955300088B070008757000080000000069
:100020000000000000000000000000006D03000858
:10003000750F000800000000C90300086D65000886
:100040004B0400084B0400084B0400084B04000854
:100050004B0400084B0400084B0400084B04000844
:100060004B0400084B0400084B040008310B000847
:100070004B0400084B0400084B0400084B04000824
:100080004B0400084B0400084B040008E110000872
:10009000F9100008ED100008051100084B040008D5
:1000A0004B0400084B0400084B0400084B040008F4
:1000B000F56600084B0400084B0400084B040008D8
:1000C0004B0400084B0400084B0400084B040008D4
:1000D0004B0400084B0400084B0400084B040008C4
:1000E0004B0400084B040008000000004B0400080B
:1000F0004B0400084B0400084B0400084B040008A4
:100100004B0400084B0400084B0400084B04000893
:100110004B0400084B0400084B0400084B04000883
:100120004B0400084B0400084B0400084B04000873
:100130004B0400084B0400084B0400084B04000863
:1001400000000000000000000000000000000000AF
:100150004B0400084B0400084B0400084B04000843
:100160004B0400084B0400084B0400084B04000833
:100170004B0400084B0400084B040008000000007A
:100180004B0400084B0400084B0400084B04000813
:100190004B0400084B0400084B0400084B04000803
:1001A0004B0400084B0400084B040008000000004A
:1001B0004B0400084B0400084B0400084B040008E3
:1001C0004B0400084B040008000000000000000081
:1001D00000000000000000004B04000800000000C8
:1001E000000000000000000000000000000000000F
:1001F00000000000000000004B0400084B04000851
:100200004B0400084B040008000000004B040008E9
:100210004B0400084B0400084B0400084B04000882
:100220004B040008000000004B0400080000000020
:100230004B0400084B040008000000004B040008B9
:100240004B0400084B0400084B0400084B04000852
:100250004B0400084B0400084B0400084B04000842
:100260004B0400084B0400084B0400084B04000832
:100270004B0400084B0400084B0400080000000079
:100280004B0400084B0400084B0400084B04000812
:10029000000000004B0400084B04000800000000B0
:1002A000000000004B0400084B0400084B04000849
:1002B0004B0400084B0400084B040008111100080F
:1002C0001D1100084B0400084B04000800F002F860
:1002D00000F03CF80AA090E8000C82448344AAF1A4
:1002E0000107DA4501D100F031F8AFF2090EBAE8A2
:1002F0000F0013F0010F18BFFB1A43F0010318475A
:100300004897000078970000103A24BF78C878C159
:10031000FAD8520724BF30C830C144BF04680C600B
:10032000704700000023002400250026103A28BF53
:1003300078C1FBD8520728BF30C148BF0B60704757
:100340001FB509F079F91FBD10B510BD00F0E8F92F
:100350001146FFF7F5FF07F093FB00F006FA03B430
:10036000FFF7F2FF03BC00F009FA00002C4B1968FC
:100370000868B0E8F04F80F30988BFF36F8F4FF043
:10038000000080F3118870470000000008480068F2
:10039000006880F308884FF0000080F3148862B68C
:1003A00061B6BFF34F8FBFF36F8F00DF00BF00BF99
:1003B00008ED00E0DFF80C00016841F47001016015
:1003C000704700BF88ED00E0EFF30980BFF36F8F47
:1003D000134B1A681EF0100F08BF20ED108A20E999
:1003E000F04F106009B44FF0500080F31188BFF354
:1003F0004F8FBFF36F8F08F0A3FA4FF0000080F328
:10040000118809BC19680868B0E8F04F1EF0100F99
:1004100008BFB0EC108A80F30988BFF36F8F704774
:1004200034000024EFF30580704700000A4880473D
:100430000A4880470A480047FEE7FEE7FEE7FEE776
:10044000FEE7FEE7FEE7FEE7FEE7FEE705480649B2
:10045000064A074B70470000C51000081D660008DB
:10046000CD020008B0280024B02E0024B02A0024B9
:10047000B02A002453EA020C00F069802DE9F04B09
:100480004FF00006002B1FBFB3FA83F503FA05F403
:1004900024FA05F65E4012BF1643B2FA82F502FA5C
:1004A00005F4C5F120051EBF22FA05FC44EA0C0440
:1004B000203556EA044C4FEA144418BF641C4FF030
:1004C00000084FF00009904271EB030C39D300296A
:1004D00019BFB1FA81F701FA07F6B0FA80F700FA0E
:1004E00007F6C7F120071EBF20FA07FC46EA0C06F4
:1004F0002037B6FBF4FCA7EB0507103F07F01F0BF6
:10050000CBF120060CFA0BFB2CFA06F644BFB346DF
:100510000026202FA4BF5E464FF0000B5BEA060CBE
:1005200008BF4FF0010B19EB0B09ABFB027C48EB4A
:100530000608C01B06FB02CC0BFB03CC71EB0C01C5
:10054000C1E70B46024641464846BDE8F08B13B56D
:100550004FF000004FF00001AFF30080BDE81C40F9
:100560007047032A40F2308010F0030C00F0158031
:1005700011F8013BBCF1020F624498BF11F801CBA6
:1005800000F8013B38BF11F8013BA2F1040298BF0B
:1005900000F801CB38BF00F8013B11F0030300F075
:1005A0002580083AC0F0088051F8043B083A51F819
:1005B00004CBA0E80810F5E7121D5CBF51F8043B1E
:1005C00040F8043BAFF30080D20724BF11F8013B91
:1005D00011F801CB48BF11F8012B24BF00F8013BF3
:1005E00000F801CB48BF00F8012B704710B5203A46
:1005F000C0F00B80B1E81850203AA0E81850B1E8DC
:100600001850A0E81850BFF4F5AF5FEA027C24BF91
:10061000B1E81850A0E8185044BF18C918C0BDE888
:1006200010405FEA827C24BF51F8043B40F8043B51
:1006300008BF7047D20728BF31F8023B48BF11F806
:10064000012B28BF20F8023B48BF00F8012B704760
:1006500002F0FF0343EA032242EA024200F037B805
:100660004FF0000200B5134694469646203922BF4B
:10067000A0E80C50A0E80C50B1F12001BFF4F7AF96
:10068000090728BFA0E80C5048BF0CC05DF804EB78
:10069000890028BF40F8042B08BF704748BF20F8E6
:1006A000022B11F0804F18BF00F8012B70477047E4
:1006B0007047704710B500F02BF8006810BD10B5FA
:1006C000044600F025F8046010BD4FF00002042934
:1006D000C0F0128010F0030C3FF4C4AFCCF1040C56
:1006E000BCF1020F18BF00F8012BA8BF20F8022BA5
:1006F000A1EB0C01FFF7B6BF5FEAC17C24BF00F895
:10070000012B00F8012B48BF00F8012B70470000B7
:10071000004870474C280024004870474C280024AB
:100720007546FFF7F9FFAE4605006946534620F0CF
:100730000700854618B020B5FFF788FEBDE82040C9
:100740004FF000064FF000074FF000084FF0000B8D
:1007500021F00701AC46ACE8C009ACE8C009ACE840
:10076000C009ACE8C0098D46704710B50446AFF328
:1007700000802046BDE81040FFF7F1BD0149182078
:10078000ABBEFEE7260002007047FEE7A1F20121A2
:1007900007291FD8C9B24B1C00EB01100121DFED66
:1007A0000E0A03804173118849BA418000EE101A85
:1007B000B8EE401A9FED090A61EE200A20EE800A89
:1007C00080ED010A518849BA0181918849BA418175
:1007D000D1790173704700000000B4430000003974
:1007E00070B504462DED028B42880188808853182D
:1007F0008D1A521A1E182918C31A024430B2E0800A
:1008000000EE100A9FED1F8A6184A282B8EEC00A32
:10081000F0EE480A238607F083F8BDEEC00AF0EE3A
:10082000480A10EE100A2081B4F9140000EE100AF4
:10083000B8EEC00A07F074F8BDEEC00AF0EE480A40
:1008400010EE100AE082B4F9220000EE100AB8EEB1
:10085000C00A07F065F8BDEEC00AF0EE480A10EED7
:10086000100AA084B4F9300000EE100AB8EEC00AF5
:1008700007F056F8BDEEC00A10EE100A6086BDEC17
:10088000028B70BDE3A59B3D2DE9F0411E46174646
:100890000D4604462DED028B9FED538AB0EE480ABB
:1008A00005F0DEF894ED041AD4ED050A012E31EEC0
:1008B000400A84EC020A04D0022E13D0032E48D042
:1008C0008AE0208B2880608B6880384694ED010A8E
:1008D000F0EE480A05F078FABDEEC00A10EE100AF4
:1008E000A88079E0B7EEC10A06F01EFDB4F91A003F
:1008F00001EE100AB8EEC11B20EE018B94ED040A44
:10090000B7EEC00A06F0E0FBB4F9180001EE100AD9
:10091000B8EEC11B01EE008BBDEEC80B10EE100A45
:10092000288094ED040AB7EEC00A06F0CDFBB4F9B6
:100930001A0001EE100AB8EEC11B20EE018B94EDF7
:10094000040AB7EEC00A06F0EFFCB4F9180019214A
:1009500036E0B7EEC10A06F0E7FCB4F91A0001EE82
:10096000100AB8EEC11B20EE018B94ED040AB7EE1D
:10097000C00A06F0A9FBB4F9180001EE100AB8EE9F
:10098000C11B01EE008BBDEEC80B10EE100A2880D3
:1009900094ED040AB7EEC00A06F096FBB4F91A000B
:1009A00001EE100AB8EEC11B20EE018B94ED040A93
:1009B000B7EEC00A06F0B8FCB4F918006FF01801E1
:1009C00001EE100AB8EEC11B01EE408BBDEEC80B64
:1009D00010EE100A6880A9802846BDEC028BBDE8A5
:1009E000F041FFF7FDBE00000000000030B50446F6
:1009F0000D462DED028B85B0B0F908009FED4A8AB7
:100A000000EE100A4948F0EE480AB8EEC00A05F0B8
:100A100081F9BDEEC00AF0EE480A10EE100AADF8FA
:100A20000000B4F9180000EE100A4048B8EEC00A01
:100A300005F070F9BDEEC00AF0EE480A10EE100A9B
:100A4000ADF80200B4F9280000EE100A3748B8EEFD
:100A5000C00A05F05FF9BDEEC00AF0EE480A10EEDC
:100A6000100AADF80400B4F9380000EE100A2F485F
:100A7000B8EEC00A05F04EF9BDEEC00AF0EE480A25
:100A800010EE100AADF80600B4F9480000EE100AA6
:100A90002648B8EEC00A05F03DF9BDEEC00AF0EEFA
:100AA000480A10EE100AADF80800B4F9580000EE3C
:100AB000100A1E48B8EEC00A05F02CF9BDEEC00AB7
:100AC000F0EE480A10EE100AADF80A00B4F968001A
:100AD00000EE100A1548B8EEC00A05F01BF9BDEE8D
:100AE000C00AF0EE480A10EE100AADF80C00B4F996
:100AF000780000EE100A0D48B8EEC00A05F00AF9B9
:100B0000BDEEC00A01216A4610EE100AADF80E00D3
:100B1000284600F097FA0521284602AA00F092FA2A
:100B200005B0BDEC028B30BD00000000C81F0024E2
:100B3000014800F0CFBC0000AC110024294A016834
:100B400091423AD0274A1832914236D0254A303263
:100B5000914232D0234A483291422ED0214A60320B
:100B600091422AD01F4A7832914226D01D4A9032B3
:100B7000914222D01B4AA83291421ED01A4A914279
:100B80001BD0194A1832914217D0174A303291427D
:100B900013D0154A483291420FD0134A6032914225
:100BA0000BD0114A7832914207D00F4A90329142CD
:100BB00003D00D4AA832914211D1CAB21823103A7B
:100BC000B2FBF3F26FF30901032A02F00703074AAD
:100BD000D25CC26500D9091D81650846704721F0C5
:100BE000FF01F9E71000024010040240909800084D
:100BF00030B5224A012301689142CAB21BD01F4C72
:100C00001434A14217D01D4C2834A14213D01B4CE0
:100C10003C34A1420FD0194C5034A1420BD0174C98
:100C20006434A14207D0154C7834A14203D0134C50
:100C30008C34A1420CD11421114C083AB2FBF1F1D1
:100C40000F4A803201F01F0504EB8101AB4010E038
:100C50000C4D1824103A0D44B2FBF4F1A82D00D825
:100C60000831094A01F01F0402EB8101064AA34042
:100C70008032603080E80E0030BD00000854025819
:100C800000580258F0FBFDBF0008024010B5027981
:100C9000531E072B2DD8174C0168A1421BD0154CB1
:100CA0001434A14217D0134C2834A14213D0114C54
:100CB0003C34A1420FD00F4C5034A1420BD00D4C0C
:100CC0006434A14207D00B4C7834A14203D0094CC4
:100CD0008C34A14203D10849074C443102E0074952
:100CE000064C443104EB8202C0E91B2101219940EA
:100CF000416710BD08540258FC580258FC080240D5
:100D000010B583694FF0C074826A0146002053B168
:100D1000B3F5005F15D072B1012A0CD0022A0AD0B7
:100D2000032A09D104E01AB1012A06D0022A03D10C
:100D3000C96AC90100D5012010BDC96AA142FAD013
:100D400010BD002AF7D0012AF2D0022AF3D0032ADC
:100D5000F3D010BD2DE9F04F804E804FDFF8FC91AD
:100D60001836DFF8F8A148370468856D0AF1300AB3
:100D7000DFF8ECB14C45DFF8ECC1DFF8ECE16DD009
:100D8000B4426BD0544569D0BC4267D0DFF8D08103
:100D9000A8F11808444561D05C455FD064455DD03A
:100DA00074455BD0DFF8C481444557D0DFF8BC817F
:100DB00008F11808444551D0DFF8B08108F1300837
:100DC00044454BD0DFF8A48108F14808444545D09C
:100DD000DFF8988108F1600844453FD0DFF88C8146
:100DE00008F17808444539D0DFF8808108F190088F
:100DF000444533D0DFF8748108F1A80844452DD06C
:100E0000DFF86C81444529D0DFF8648108F11408CB
:100E1000444523D0DFF8588108F1280844451DD007
:100E2000DFF84C8108F13C08444517D0DFF84081D9
:100E300008F15008444511D0DFF8348108F1640806
:100E400044450BD0DFF8288108F17808444505D0E7
:100E5000DFF81C8108F18C08444509D1D0E9194814
:100E6000C4F80480C46E1CB1D0E91C48C4F80480E6
:100E700004684C452ED0B4422CD054452AD0BC42F4
:100E800028D0374E183EB44224D05C4522D0644569
:100E900020D074451ED0354EB4421BD0334E183688
:100EA000B44217D0314E3036B44213D02F4E4836AC
:100EB000B4420FD02D4E6036B4420BD02B4E783654
:100EC000B44207D0294E9036B44203D0274EA836FC
:100ED000B44215D190F85C603F2406F01F06B44080
:100EE000AC600468256825F4802525602EE09A60B2
:100EF0000068C160BDE8F08F99600068C260F9E7E2
:100F00001B4EB4421BD01A4E1436B44217D0184EA2
:100F10002836B44213D0164E3C36B4420FD0144E8D
:100F20005036B4420BD0124E6436B44207D0104E45
:100F30007836B44203D00E4E8C36B442DAD190F8F3
:100F40005C60012406F01F06B4406C6004686360B6
:100F50008368402B0368CFD1C9E70000100002402E
:100F600088000240A0000240B80002401004024085
:100F700008540258704700002B48A0F13C0190ED46
:100F8000000A81ED060A90ED010A81ED070A90ED55
:100F9000020A81ED080A90ED030ABDEEC00A10EEC8
:100FA000102A8A8490ED040ABDEEC00A10EE102AC1
:100FB000CA8490ED050ABDEEC00A10EE102A0A851B
:100FC00090ED060ABDEEC00A10EE102A4A8590ED9B
:100FD000070ABDEEC00A10EE102A8A8590ED080AB5
:100FE000BDEEC00A10EE102ACA8590ED090ABDEECA
:100FF000C00A10EE102A0A8690ED0A0ABDEEC00A59
:1010000010EE102A4A8690ED0B0ABDEEC00A10EED3
:10101000102A8A8690ED0C0ABDEEC00A10EE100A66
:10102000C88605F067B90000D4260024044C0020CF
:1010300007F060FA2060012006F061FDF7E700008C
:10104000080100242DE9FC4116468046084600F0C0
:1010500035FA050011D05FF000046F4607EB44013C
:1010600036F914004A1C04F032F8641C042CF5DB39
:101070006A462946404600F005FABDE8FC817CB589
:10108000002513464A1E044648000095032A019590
:1010900003D8801E4FF4007505E0491F03290DD8C1
:1010A0000A3840F2FF150DEB000118464A1C04F007
:1010B0000EF86A462946204600F0E4F97CBD72B677
:1010C000FEE70000054805490839026842F00202BF
:1010D000026008688004FCD5704700000C48025884
:1010E000014801F055BA0000380F0024014801F012
:1010F0004FBA0000380F0024014801F049BA00003F
:10110000D80F0024014801F043BA0000D80F002492
:10111000014801F03DBA000078100024014801F0B8
:1011200037BA000078100024F0B503684FF6FC7160
:101130006D4C426BD3F884508D4345EA8205C3F869
:101140008450036853F8845F068F25F47F0545EAD1
:1011500006451D60836B654D9F180268D2F8883084
:101160008B4343EA8703C2F88830026852F8883F0D
:10117000868F23F4FE0343EA06431360066856F89D
:10118000A03FC26B8B4307EB420243EA820333600A
:10119000076857F8A03FB0F8406023F4FE0343EA25
:1011A00006433B60D0E9103603FB06220368D3F800
:1011B000B0608E4346EA8206C3F8B0600368B0F8B8
:1011C0004860D3F8B07027F4FE0747EA0646C3F834
:1011D000B060D0E91267036806FB0722D3F8AC6061
:1011E0008E4346EA8206C3F8AC60D0E91467036810
:1011F00006FB0722D3F8F0608E4346EA8206C3F866
:10120000F0600368B0F85860D3F8F07027F47C17EA
:1012100047EA0646C3F8F0600368876D53F8C06F6D
:1012200002EB47028E4346EA820119600168B0F87A
:101230005C20D1F8C03023F47C1343EA0242C1F8A9
:10124000C020016890F86020D1F8C03023F07C53B2
:1012500043EA0262C1F8C020416B04EB8101C16620
:10126000826B01EB82020267C36B02EBC30242672F
:10127000D0E91034634302EB83028267D0E9123471
:10128000634302EB8302C267D0E91434634302EB89
:101290008302C0F88020836D02EBC303C0F8843062
:1012A000C46D826E544303EB8403C0F88830046E2F
:1012B000544303EB8402C0F89020AA420AD9D0F824
:1012C0009C20032142F02002C0F89C2080F8981056
:1012D0000120F0BD002200E004C1D0F890308B4224
:1012E000FAD80020F0BD000000AC0040FCD3004064
:1012F000F0B58E680C69D1E9005744EA0604DFB105
:1013000045F080452C43866ED1E906C54F695E43A2
:1013100091F8203045EA0C05B1F80CC0D0F884E013
:10132000002047EA03630C4F1D430EEB860345EA9A
:101330000C45E3E802450AE044EA8544E3E7141873
:10134000155C001DD4F8014045EA042410C3CC68A4
:101350003C5D8442F3D8F0BD3498000830B50500F8
:1013600089B01FD0002403ABCDE901410220012246
:1013700083E8150001A92846069400F0D5FF88B936
:10138000002328461A461946009401F00CF8284616
:1013900001F0DDFC30B900222846012100F04CFFAD
:1013A000002800D0012009B030BD00002DE9F04137
:1013B0000968174621F01F00B0F5807F01F01F0675
:1013C0003FD12E4C002594F8540048B101F0F0FDB7
:1013D000216D401AB0F57A7F02D984F854506560C7
:1013E0004FF0010836B394F85400002829D0207833
:1013F000B04226D3721E616808FA02F0014220D181
:1014000004EBC6013A688A607A68CA606168014381
:10141000616001F0CDFD20652078616808FA00F870
:10142000A8F1010838EA01080BD143002146144C09
:10143000002019E03878207008B1082803D984F812
:101440005450BDE8F081656084F8548001F0B0FD2F
:101450002065F6E701EB8002167CD2F8112046EAFF
:10146000022244F82020401C9842F3D381F85450C3
:101470004D60BDE8F041FFF77FBD0000C0240024AF
:10148000D426002430B589B0054600231446082030
:10149000CDE90013CDE9023002070693CDE904231C
:1014A00007930893284601F06BF80028FAD02246EB
:1014B0006946284600F004FF09B030BD012803D07A
:1014C000052804D0002070474FF40070704740F2A8
:1014D000FF1070472DE9FC5F0446F74E0020DFF84F
:1014E000D88300904FF41652F44808F11808A56DFF
:1014F000DFF8C493DFF8C0A3016809F13009206860
:101500000AF1480AB1FBF2F1B04201912F68D5F817
:1015100000C0DFF8ACB335D04146884232D04845F0
:1015200030D050452ED058452CD0E549183188424E
:1015300028D0E3493031884224D0E14948318842FB
:1015400020D0E04988421DD0DE491831884219D0A8
:10155000DC493031884215D0DA494831884211D00F
:10156000DFF860E30EF1600E70450BD0D54A78329B
:10157000904207D0D34B9033984203D0D149A83141
:1015800088427DD194F85C20082102F01F0201FA04
:1015900002F23A424AD0B04232D0404530D04845BB
:1015A0002ED050452CD058452AD0C54A18329042EA
:1015B00026D0C34A3032904222D0C14A48329042AB
:1015C0001ED0C04A90421BD0BE4A1832904217D05B
:1015D000BC4A3032904213D0BA4A483290420FD0BF
:1015E000B84A603290420BD0B64A7832904207D067
:1015F000B44A9032904203D0B24AA832904203D10A
:10160000026802F0040202E0026802F008026AB115
:10161000026822F00402026094F85C0000F01F00EF
:101620008140A960606D40F00100606594F85C0045
:10163000012100F01F008140394240D02068B042B3
:1016400034D0404532D0484530D050452ED0584552
:101650002CD09B4A1832904228D0994A303290427E
:1016600024D0974A4832904220D0964A90421DD0CA
:10167000944A1832904219D0924A3032904200E097
:10168000AFE113D08F4A483290420FD08D4A60327A
:1016900090420BD08B4A7832904207D0894A9032E0
:1016A000904203D0874AA83290427DD1406910F021
:1016B000800F04D0A960606D40F00200606594F86E
:1016C0005C00042100F01F00814039423ED02068B8
:1016D000B04232D0404530D048452ED050452CD075
:1016E00058452AD0764A1832904226D0744A303271
:1016F000904222D0724A483290421ED0714A9042A3
:101700001BD0704A1832904217D06E4A3032904245
:1017100013D06C4A483290420FD06A4A60329042ED
:101720000BD0684A7832904207D0664A9032904295
:1017300003D0644AA83290424ED1006810F0020FE4
:1017400004D0A960606D40F00400606594F85C000E
:10175000102100F01F008140394258D02068B0426B
:1017600034D0404532D0484530D050452ED0584531
:101770002CD0534A1832904228D0514A30329042ED
:1017800024D04F4A4832904220D04E4A90421DD039
:101790004C4A1832904219D04A4A3032904215D001
:1017A000484A4832904200E014E00FD0454A603287
:1017B00090420BD0434A7832904207D0414A90324F
:1017C000904203D03F4AA832904207D1006800F00F
:1017D000080006E0006872E70068B7E7006800F0FC
:1017E0000400A0B1A96020680168490304D500681D
:1017F000000308D5A16C07E00168C90503D401689E
:1018000021F008010160216C09B12046884794F855
:101810005C00202100F01F008140394279D020680F
:10182000B04232D0404530D048452ED050452CD023
:1018300058452AD0224A1832904226D0204A3032C7
:10184000904222D01E4A483290421ED01D4A9042F9
:101850001BD01C4A1832904217D01A4A303290429C
:1018600013D0184A483290420FD0164A6032904244
:101870000BD0144A7832904207D0124A90329042EC
:1018800003D0104AA832904203D1006800F0100043
:1018900002E0006800F00200B0B3A96094F83500DF
:1018A0000428206801680FD049037ED50068000332
:1018B0002BD4616C2AE00000100002402C000024B0
:1018C000700002401004024021F0160101602068FF
:1018D000416921F080014161206C08B9A06C20B100
:1018E0002068016821F00801016094F85C303F2114
:1018F000012003F01F0300229940A96084F83500FD
:1019000084F83420216D65E003E0E16B09B12046E5
:101910008847606D00287DD0606DC00759D0206871
:10192000042184F83510B0422BD0404529D04845D9
:1019300027D0504525D0584523D09D49884220D0F6
:101940009B49183188421CD099493031884218D0BF
:101950009849884215D097491831884211D0954945
:10196000303188420DD093494831884209D091499D
:101970006031884205D08F497831884201D08D4945
:101980009031016821F00101016020680099019AFD
:10199000491C0091914202D80168C907F6D100683C
:1019A000C00710D003200FE0FFE70168C905ACD4E1
:1019B00003680121002223F01003036084F835102E
:1019C00084F83420A1E7012084F83500002084F851
:1019D0003400E16C00291DD002B02046BDE8F05F64
:1019E0000847754988421DD073491431884219D07F
:1019F00071492831884215D06F493C31884211D055
:101A00006D49503188420DD06B496431884209D00C
:101A1000694900E084E07831884203D066498C311E
:101A200088427DD194F85C800427016808F01F0883
:101A300007FA08F717EA0C0F009746D04F0744D56E
:101A400000980F04686003D5C8033CD4A16CC1E7BB
:101A5000880638D42068B0422DD055496039884274
:101A600029D0484527D0504525D0584523D0504946
:101A7000884220D04E49183188421CD04C49303120
:101A8000884218D04B49884215D04A4918318842BB
:101A900011D04849303188420DD0464948318842FA
:101AA00009D0704507D0904205D0984203D04149F3
:101AB000A831884203D1016821F0080102E00168E1
:101AC00021F004010160216C84E7022707FA08F77E
:101AD00017EA0C0F00974ED08F074CD500980F04D3
:101AE000686003D5C80344D4616C73E7880640D4AA
:101AF0002068B0422FD02E49603988422BD048450B
:101B000029D0504527D0584525D02949884222D090
:101B10002749183188421ED025493031884200E0DB
:101B200044E018D02349884215D022491831884210
:101B300011D02049303188420DD01E4948318842A9
:101B400009D0704507D0904205D0984203D019497A
:101B5000A831884203D1016821F0140102E0016834
:101B600021F00A010160012184F83510002084F879
:101B70003400E16B2EE7082202FA08F212EA0C0F99
:101B800014D0090712D5016821F00E01016094F804
:101B90005C100120002201F01F0100FA01F16960D0
:101BA000606584F8350084F8342012E7BDE8FC9FB6
:101BB0008800024010040240085402582DE9F05FEA
:101BC000044601F0F5F9002C07467DD0E24E0221D3
:101BD00020684FF00308DFF884934FF00005DFF82A
:101BE00080A3B042DFF87CB334D0DB4A1832904295
:101BF00030D048452ED050452CD058452AD0D94A0F
:101C00001832904226D0D74A3032904222D0D54A5C
:101C1000483290421ED0D44A90421BD0D24A183249
:101C2000904217D0D04A3032904213D0CE4A483238
:101C300090420FD0CC4A603290420BD0CA4A7832E0
:101C4000904207D0C84A9032904203D0C64AA83288
:101C500090427DD184F83510B04284F834502ED0B3
:101C6000BD49183188422AD0484528D0504526D051
:101C7000584524D0BB491831884220D0B949303169
:101C800088421CD0B7494831884218D0B6498842AA
:101C900015D0B5491831884211D0B3493031884246
:101CA0000DD0B1494831884209D0AF4960318842EE
:101CB00005D0AD497831884201D0AB4990310168F7
:101CC00021F00101016008E025E100BF01F070F999
:101CD000C01B052801D920211AE120680068C0072F
:101CE000F4D1D4E902032168103418438E4694E8F5
:101CF0008410D4E9033809683A4310439B4A40EA08
:101D00000C00676918431140103C40EA0800042F9A
:101D100040EA010003D1D4E90B1211430843616882
:101D2000A1F12902052A0BD9163A032A08D9083A43
:101D3000012A05D9083A032A02D97439032901D89E
:101D400040F48010CEF800002068676A406900E027
:101D500020E0042F20F0070047EA00070DD1D4E966
:101D60000A01074349B12046FEF7CAFF28B14020C7
:101D70006065012184F83510CDE020684761204678
:101D8000FEF7DCFE94F85C203F2102F01F02914038
:101D9000816055E0764A90421BD0754B14339842CF
:101DA00017D0734B2833984213D0714B3C33984271
:101DB0000FD06F4B503398420BD06D4B6433984229
:101DC00007D06B4B7833984203D0694B8C339842E1
:101DD0007ED184F8351084F83450664B0168A268CF
:101DE00001EA030E402A74D0802A73D05FF000020B
:101DF000D4E90378D4E9053142EAD70242EAD808A7
:101E00005B4AD4E9077C48EAD30848EAD10141EAB1
:101E1000D701524241EA1C11142341EA0E0101602C
:101E200020681044B0FBF3F08000E0652046FEF728
:101E300085FE94F85C20012102F01F029140416070
:101E40002068B04257D044491831884253D04845A1
:101E500051D050454FD058454DD042491831884255
:101E600049D040493031884245D03E4948318842C6
:101E700041D03D4988423ED03B49183188423AD052
:101E800039493031884236D037494831884232D0DA
:101E90003549603188422ED03349783188422AD082
:101EA00031499031884226D02F49A831884222D02A
:101EB0002F4988421FD02E49143188421BD02C490B
:101EC0002831884217D02A493C31884213D002E099
:101ED0001DE017E018E02649503188420BD0244914
:101EE0006431884207D022497831884203D02049A2
:101EF0008C31884229D12046FEF77AFEA0688028DE
:101F00000CD00CE0102273E74FF4804270E74021C0
:101F1000616584F835800120BDE8F09F6560216E21
:101F200020790860D4E9190141606068401E0728E3
:101F300008D82046FEF7AAFEE06E0560D4E91C0131
:101F4000416002E0E566256765670120656584F804
:101F500035000020E0E70000100002404000024091
:101F60005800024070000240100402403F8010FE02
:101F7000085402580F00FEFF2DE9F84F04008C466C
:101F80004FF00000009014D094F83400012812D0D3
:101F900094F835500120002184F83400012D0CD034
:101FA000C00260650120009084F834100098BDE8FC
:101FB000F88F0120FBE70220F9E78C4D022620680C
:101FC00084F83560A8428A4D61658A4E8A4FDFF8F1
:101FD0002C82DFF82C92DFF82CA2DFF82CB226D06E
:101FE000A84224D0B04222D0B84220D040451ED0D2
:101FF00048451CD050451AD0584518D083498842CE
:1020000015D082491831884211D080493031884238
:102010000DD07E494831884209D07C4960318842E0
:1020200005D07A497831884201D0784990310168E9
:1020300021F00101016061462046FEF78BFE6B49ED
:10204000206888422CD0A8422AD0B04228D0B8427A
:1020500026D0404524D0484522D0504520D0584570
:102060001ED06A4A90421BD0684A1832904217D05C
:10207000664A3032904213D0644A483290420FD0C0
:10208000624A603290420BD0604A7832904207D068
:102090005E4A9032904203D05C4AA83290420CD102
:1020A000026822F01E0242F016020260206C88B123
:1020B0002068026842F008020BE0026822F00E027B
:1020C00042F00A020260206C20B12068026842F0EF
:1020D00004020260206888424BD0A84249D0B04236
:1020E00047D0B84245D0404543D0484541D05045FF
:1020F0003FD058453DD0454A90423AD0434A1832E5
:10210000904236D0414A3032904232D03F4A483233
:1021100090422ED03D4A603290422AD03B4A7832DB
:10212000904226D0394A9032904222D0374AA83283
:1021300090421ED0364A90421BD0354A143290420B
:1021400017D0334A2832904213D0314A3C32904261
:102150000FD02F4A503290420BD02D4A6432904219
:1021600007D02B4A7832904203D0294A8C329042D1
:102170000DD1206E0268D20303D5026842F480724A
:102180000260E06E18B1026842F48072026020685A
:10219000884226D0A84224D0B04222D0B84220D0D3
:1021A00040451ED048451CD050451AD0584518D03F
:1021B0001649884215D015491831884211D0134963
:1021C000303188420DD011494831884209D00F4939
:1021D0006031884205D00D497831884201D00B49E1
:1021E0009031016841F001010160DFE6100002401A
:1021F00028000240400002405800024070000240A7
:1022000088000240A0000240B800024010040240D2
:102210000854025870B5044600F0CAFE0546601C1A
:1022200002D004480078044400F0C2FE401BA042E3
:10223000FAD370BD2000002410B590F89830012B1F
:1022400009D0022B07D0D0F89C1041F00201C0F851
:102250009C10012010BD03689C6D0C4203D1DC6D05
:1022600044F0010404E09C6D31EA04041FD003240F
:10227000DC658B0505D50368D3F8E0401443C3F84B
:10228000E0404B0505D50368D3F8E4401443C3F898
:10229000E4400068084A01EA0203446D074A1C430F
:1022A0004465106840EA91701060002010BDDC6D3C
:1022B00044F00204DCE70000FFFFCF3F14A8004019
:1022C00070B5044690F89800022804D0D4F89C0019
:1022D00040F008000DE02068D0F8C03013F07C5FBB
:1022E0000BD0D0F8C4309B020CD5D4F89C0040F43D
:1022F0000070C4F89C00012070BDD4F89C0040F030
:102300002000F6E7D0F8C400C0F3044520462B4671
:10231000FEF7EEFF21680120A840C1F8D000C4F804
:102320009400002070BD704770B590F89820012A85
:1023300009D0022A07D0D0F89C1041F00201C0F861
:102340009C10012070BD0B68CA6883B10B69072A15
:1023500043EA427325D00C7A4A6942EA847249689A
:10236000006F00EBC100C0E90032002070BD072AF9
:102370000DD00C7AD6060D8A4B6943EA847246EA80
:102380000543C06E49681A4340F82120EDE70B8AE7
:102390004FF06055D1E9062442EA034245EA04239E
:1023A000EFE78A69DBE730B590F89850039C012D80
:1023B00007D0D0F89C1041F00401C0F89C10012017
:1023C00030BD0D01016845EA820040EA4300204328
:1023D000C1F88000002030BD704770470068402978
:1023E00005D0D0F8B40000BF00F07F007047D0F8EF
:1023F000A400F9E7F0B590F898500024022D04D01D
:10240000D0F89C1041F0080129E0402905D041296D
:1024100029D0056D8D4219D942E00568D5F8A06034
:1024200016F4FE0F12D0D5F8A460760613D0D5F8B6
:10243000A460F60105D5D5F8A06016F0004F00D5D0
:102440000124D5F8A470466F456C24E0D0F89C10A8
:1024500041F0200103E0D0F89C1041F48071C0F8F5
:102460009C100120F0BD0568D5F8B06016F4FE0F91
:10247000ECD0D5F8B4607606EDD0D5F8B460F601AE
:1024800005D5D5F8B06016F0004F00D50124D5F879
:10249000B470866FC56CC7F305273C44654302E002
:1024A000456DC66F4D4306EB85052E6816F08046D8
:1024B00056602E6836D026F060461660D5F800C00B
:1024C00000262E4F0CF0005CC2F808C0D5F800C002
:1024D0000CF0004CC2F810C0B5F804C01FFA8CFC18
:1024E000C2F81CC0D5F804C0CCF3034CC2F80CC031
:1024F000D5F804C00CF4801CC2F814C0D5F804C090
:102500000CF4001CC2F818C0D5F804C0CCF3066C5B
:10251000C2F820C0D5F804C008354FEADC7CC2F808
:1025200024C008E0C6F38A46C7E700BF15F806C016
:1025300003F806C0761CD2F80CC017F80CC0B445DE
:10254000F4D840290AD041290CD020294FF00102AB
:102550000CD200688A40C0F898200DE00068C0F8EE
:10256000A84009E00068C0F8B84005E0006801F044
:102570001F018A40C0F89C200020F0BD349800085C
:102580000068D0F8C40000F03F00704770470000BA
:102590002DE9FF5FDFF80CB304460BF10401DBF813
:1025A000000025680F68AA468007D5F85090696D2D
:1025B000D5F850806E6D2A6DD5F854C02B6D00EAA9
:1025C0008770009009F470496F6D286D01EA090168
:1025D0000191DAF85410DAF85490DAF8505008F013
:1025E0000F0806EA0806029602F0F00203F07153A3
:1025F0006FEA09061F4000F060700CEA020CCDF88B
:102600000CC0F20501EA00090CD4E843C00509D466
:1026100000214FF48073CAF85030CBF800102046E8
:10262000FFF7B4FF700512D4E84340050FD42068CB
:1026300000234FF48068D0F8DC20D0F8E410C0F814
:102640005080CBF800301140204600F09FFBDFF8AF
:1026500058A2009850B12268830F00EA0A00106562
:10266000CBF8003020460099FFF75DFE019850B18D
:102670002268830F00EA0A001065CBF8003020467C
:10268000019900F085FB029850B12268830F00EA9F
:102690000A001065CBF800302046029900F012FBCA
:1026A000039850B12268830F00EA0A001065CBF846
:1026B00000302046039900F049FB30050CD4E84374
:1026C000000509D4236800204FF400621A65CBF896
:1026D0000000204600F05DFBB00512D4E843800501
:1026E0000FD4206800234FF40078D0F8D820D0F819
:1026F000E010C0F85080CBF800301140204600F0C8
:1027000046FB30030CD4E843000309D423680020BF
:102710004FF400221A65CBF80000204600F0D0FAF2
:10272000F0030CD4E843C00309D4236800204FF41D
:1027300080321A65CBF80000204600F026FB7003BB
:102740000CD4E843400309D4226800204FF48023CE
:102750001365CBF80000204600F016FBB0030FD441
:10276000E84380030CD4236800204FF400321A653C
:10277000CBF80000D4F89C0040F08000C4F89C0026
:10278000B9F1000F0BD022684FEA997309EA0A00E9
:102790001065CBF8003049462046FFF71EFE5FB1BA
:1027A0002268BB0F07EA0A001065CBF80030D4F8A6
:1027B0009C003843C4F89C003C492068884268D19A
:1027C000606881468068800763D0D9F82060D9F8B6
:1027D0002410D9F82080D9F82400D9F820C0D9F8DD
:1027E0002470D9F82030D9F82450D9F8202003F4E7
:1027F000FC4306F00F0AD9F824601D40D9F824B034
:1028000008F030080CF4C07C02F4F02211EA0A014E
:1028100000EA080807EA0C0706EA0206D9F820A031
:1028200004D0C9F82010204600F0ABFAB8F100003F
:1028300005D0616808624146204600F0A4FA6FEABC
:102840000B0040060ED46FEA0A0040060AD4606806
:102850004021C36BC26B01622046190C02F03F029B
:1028600000F090FA2FB1606807623946204600F008
:1028700087FA35B160680562D4F89C002843C4F833
:102880009C0036B160680662D4F89C003043C4F8FE
:102890009C00D4F89C00002802D02046FFF79CFD45
:1028A000BDE8FF9F10A80040FFFFCF3F00A0004001
:1028B0002DE9F04194B08D494C2204466846FDF75D
:1028C00095FE64B18A4D2068A84202D100F580705F
:1028D000606094F898004FF0000820B108E00120F3
:1028E00014B0BDE8F081204684F8998000F002F928
:1028F0002068816921F01001816100F059FB0327F4
:10290000064604E000F054FB801B0A2811D820681A
:1029100080690007F6D42068816941F00101816176
:1029200000F046FB06460DE000F042FB801B0A2843
:1029300008D9D4F89C0040F00100C4F89C0084F849
:102940009870CCE720688069C007EDD02068816965
:1029500041F002018161207C01282068816937D023
:1029600041F040018161607C01282068816932D09A
:1029700021F480418161A07C0128206881692DD0EB
:1029800041F4805181612068A268816921F440711D
:10299000114381612068816921F0A401816120686F
:1029A000016921F010010161E068012819D010B31C
:1029B00002281BD02068816941F080018161206874
:1029C000016941F010010161E06803280ED012E0B6
:1029D00021F04001C6E741F48041CBE721F480516A
:1029E000D0E72068816941F0040103E02068816933
:1029F00041F020018161207E6FF0FF02D4E907736E
:102A0000A68A1102400602EB0727A0F100703843A6
:102A100027685B1E184301EB06463043F861A06847
:102A2000B0F5407F11D104F12800A68C6FF00F0C97
:102A300089C801EB0641401E02EB032210432268C5
:102A40000CEB071318430843D060206E30B12068A8
:102A5000626ED0F8C0101143C0F8C010D4E917124C
:102A60006846D14209D02168A36E51F8C82F50F8AA
:102A7000233022F007021A430A60216C49B1216811
:102A8000626C51F8BC3F50F8226023F007023243D9
:102A90000A60A16C51B12168E36C51F8BC2F50F869
:102AA000233022F0700242EA03120A60216D51B114
:102AB0002168626D51F8BC3F50F8220023F4E062B7
:102AC00042EA002008602068A84204D1606881685A
:102AD00021F003018160C4F894800121C4F89C8036
:102AE00084F898102046FEF71FFBF9E6449800088A
:102AF00000A000402DE9F047B4B0814614212EA873
:102B0000FDF7AEFDB8216846FDF7AAFD664C00262C
:102B1000D9F800004FF08051644A0C3C614F4FF0EF
:102B20000208614D9042DFF888A14FF0090938D1C1
:102B300000201B914A13CDE90020684600F0DAFC22
:102B400008B1FEF7BCFA3868401C3860012807D18C
:102B5000286840F480702860286800F48070339002
:102B6000206840F008002060206803222E922EA9E1
:102B700000F00800CDE92F863196CDE9329050461D
:102B800000F008F900220521132000F001FB1320BA
:102B900000F0F0FA00220521152000F0F9FA1520C6
:102BA0003BE0444A90423DD100201B914FF400424B
:102BB000CDE90020684600F09DFC08B1FEF77FFAE1
:102BC0003868401C3860012807D1286840F48070BC
:102BD0002860286800F480703390206840F002007C
:102BE0002060206860222E922EA900F00200CDE91C
:102BF0002F863196CDE932902F4800F0CBF8002295
:102C00000521142000F0C4FA142000F0B3FA0022C9
:102C10000521162000F0BCFA162000F0ABFA34B003
:102C2000BDE8F087254A9042F9D100201B914FF46E
:102C30000042CDE90020684600F05CFC08B1FEF7D8
:102C40003EFA3868401C3860012807D1286840F4F3
:102C500080702860286800F480703390206840F00D
:102C60000800206020684FF440512E91052200F0AA
:102C70000800CDE92F862EA93196CDE932205046A5
:102C800000F088F8002205219F2000F081FA9F20A3
:102C900000F070FA00220521A02000F079FAA020AF
:102CA000BBE700001C000024EC44025800A00040D8
:102CB000000C025800A400400004025800D4004058
:102CC0007047000030B58DB00446C80729D04FF0DA
:102CD00080451EE017482168814205D1019888B9D6
:102CE00015480AAA009921E01448814205D10198AB
:102CF00040B913480AAA009918E01248814208D145
:102D0000019880B1A84204D10AAA69462046FEF77C
:102D10004DFB40216A460AAB2046FFF76BFB0028BB
:102D2000D8D00DB030BD08480AAA0099FDF72EFD95
:102D3000EFE7000000A000401825002400A4004098
:102D40009825002400D4004018260024704790F8ED
:102D50009810012907D0D0F89C1041F00401C0F868
:102D60009C1001207047022180F898100022016811
:102D70008B6923F001038B61C0F89C2010467047DB
:102D8000704770477047704770477047704770478B
:102D9000704770472DE9F84F03247A4D00234FF018
:102DA00001094FF0B04B4FF00F0AE4E009FA03F6C7
:102DB000324078D00F7907F00307012F01D0022F9E
:102DC0001AD187684FEA430ED1F80CC004FA0EF806
:102DD00027EA08070CFA0EFC4CEA070CC0F808C0FA
:102DE000476891F804C0B743CCF3001C0CFA03FC0D
:102DF0004CEA070CC0F804C00E79F643B6070BD0B6
:102E0000C6684FEA43088F6804FA08FC26EA0C06F5
:102E100007FA08F73743C7600E7906F00306022E5B
:102E200012D1DE080F694FEA437C00EB8606B646F6
:102E3000366A4FEADC6C0AFA0CF807FA0CF726EA55
:102E400008063743CEF820700F7906684FEA43082A
:102E500007F0030704FA08FC07FA08F726EA0C064D
:102E6000374307604E6816F4403F1CD0464E376823
:102E700047F00207376036689F0706F002060096A3
:102E800023F0030606F1B046B6463F0FD6F80864B5
:102E9000DFF8F8800AFA07FC404526EA0C0603D161
:102EA0004FF0000C3AE065E0DFF8E4C0604502D185
:102EB0004FF0010C32E0DFF8DCC0604502D14FF08A
:102EC000020C2BE0DFF8D0C0604502D14FF0030CBC
:102ED00024E0DFF8C8C0604502D14FF0040C1DE0CB
:102EE000DFF8BCC0604502D14FF0050C16E0DFF8FA
:102EF000B4C0604502D14FF0060C0FE0DFF8A8C067
:102F0000604502D14FF0070C08E0DFF8A0C0604533
:102F100002D14FF0090C01E04FF00A0C0CFA07FC4B
:102F20004CEA060CCEF808C44F68DBF80060FF02DC
:102F300026EA020600D516435F46CBF80060D1F8BA
:102F400004C0DBF804605FEA8C2C26EA020600D598
:102F500016437E606E684F6826EA0206BF0300D5FE
:102F600016436E602E684F6826EA0206FF0300D5FE
:102F700016432E605B1C0A6832FA03F67FF416AF24
:102F8000BDE8F88F80000058F44402580000025851
:102F90000004025800080258000C025800100258A1
:102FA0000014025800180258001C0258002402584D
:102FB00001488068704700002000002402488168B2
:102FC000027811448160704720000024032010B56E
:102FD00000F0FEF801F0CEF80F4A104914681368AB
:102FE000C4F3032203F00F038A5CC95C02F01F02E2
:102FF00001F01F01D0400A4A20FA01F1116009498D
:1030000008600F2000F010F808B1012010BD00F09A
:103010009FF8002010BD000018440258C098000816
:10302000300000242C00002410B5102804468AB07B
:103030002DD2002201461C2000F0AAF81C2000F02E
:1030400099F8184804601848016841F001010160CE
:10305000006809A900F001000890684601F016F820
:103060000598B8B101F062F840001049002240F222
:10307000E733B0FBF1F10E484FF080440460C0E943
:103080000332491EC0E9011201F0A6FB28B101205C
:103090000AB010BD01F04AF8E7E7054801F0CEFBA1
:1030A000F6E7000024000024E844025840420F00E4
:1030B00024120024154BF0B5083B427813491A60DE
:1030C0000B680A1F23F001030B6043681360057B44
:1030D000C67A827A437B2D07847B45EA0665C77BE7
:1030E00090F809C0067A90F800E045EAC24040EA4C
:1030F000834040EA444040EA074040EA0C2040EA6E
:10310000460040EA0E000860F0BD0000A0ED00E0BF
:10311000BFF35F8F044800210368034A23F4803320
:10312000036070321160704724ED00E0074A40F000
:103130000100064970321060086840F48030086071
:10314000BFF34F8FBFF36F8F7047000024ED00E097
:10315000074882B0016841F0020101600068002266
:103160000F2100F002000090901E02B000F010B895
:10317000F4440258002809DB410900F01F028900CD
:10318000012001F1E0219040C1F8000170470000EA
:103190000E4BF0B41B680D46C3F30223C3F10706C0
:1031A000042E00D90426191D072901D2002300E0AE
:1031B000DB1E012404FA06F19C40491E2940641ECE
:1031C000994014402143F0BC03F06DBF0CED00E0CA
:1031D000064900F0070210B54FF6FF040868044BDB
:1031E000204040EA02201843086010BD0CED00E0CA
:1031F0000000FA05134970B50A68D243520705D595
:10320000096801F00701814213D118E00A6822F031
:10321000070202430A60FFF7CBFE0A4D4FF47A76AD
:103220000446083D07E000BFFFF7C2FE001BB042A6
:1032300001D9012070BD2868C0438004F4D4002067
:1032400070BD00000C48025810B500F04DFF054954
:103250000968054AC1F30211515C01F01F01C84021
:1032600010BD000020440258C0980008494930B5FC
:10327000484C0B1D0A68143409681D68246802F064
:103280000303C5F30012C1F30531C4F3CC040029D4
:1032900014FB02F200EE102AF8EE400A75D03F4A05
:1032A0009FED3D1AB7EE000A6BB1DFED3D1A012B21
:1032B00001D0022B64D002EE101A1168F8EE422AF7
:1032C00081EEA22A21E0334C283C23689B0612D5CC
:1032D000344B246801EE901A1168C4F3C104F8EE6F
:1032E000612AE34001EE903AC1F30801F8EE611A59
:1032F00081EEA22A0BE001EE901ADFED2B2A00BF2F
:10330000F8EE611A116882EEA12AC1F3080101EEFC
:10331000901A1168F8EE611A40EE811A71EE800A77
:1033200062EE200AC1F3462101EE101AB8EE411AEE
:1033300031EE001AC0EE811ABCEEE11A80ED001ADF
:103340001168C1F3064101EE101AB8EE411A31EED0
:10335000001AC0EE811ABCEEE11A80ED011A116864
:10336000C1F3066101EE101AB8EE411A31EE000AFF
:1033700080EE801ABCEEC10A80ED020A30BD04E086
:1033800001EE901ADFED092ABAE7002101604160E1
:103390008160F3E72844025800000039384402589D
:1033A0000024744A0090D0030024744C20BCBE4B0F
:1033B000494930B5484C0B1D0A681C3409681D6822
:1033C000246802F00303C5F30022C1F30551C4F3DE
:1033D000CC04002914FB02F200EE102AF8EE400A99
:1033E00075D03F4A9FED3D1AB7EE000A6BB1DFED95
:1033F0003D1A012B01D0022B64D002EE101A116885
:10340000F8EE422A81EEA22A21E0334C283C2368C0
:103410009B0612D5344B246801EE901A1168C4F350
:10342000C104F8EE612AE34001EE903AC1F30801CD
:10343000F8EE611A81EEA22A0BE001EE901ADFEDA0
:103440002B2A00BFF8EE611A116882EEA12AC1F39F
:10345000080101EE901A1168F8EE611A40EE811A27
:1034600071EE800A62EE200AC1F3462101EE101AC5
:10347000B8EE411A31EE001AC0EE811ABCEEE11A24
:1034800080ED001A1168C1F3064101EE101AB8EE82
:10349000411A31EE001AC0EE811ABCEEE11A80ED3D
:1034A000011A1168C1F3066101EE101AB8EE411A53
:1034B00031EE000A80EE801ABCEEC10A80ED020AED
:1034C00030BD04E001EE901ADFED092ABAE70021D1
:1034D000016041608160F3E7284402580000003930
:1034E000404402580024744A0090D0030024744CD5
:1034F00020BCBE4B2DE9FE4F0546DFF800A450F876
:10350000081B0024FD4FC943019005F12800264601
:103510000AF1240A009008011DD4686E50B1B0F57C
:10352000801F0CD0B0F5001F0ED0B0F5401F1ED08C
:1035300001240FE0386840F40030386017E001984B
:10354000022102F09FFD03E00098022102F02AFE12
:1035500004000CD026462888C043C00523D4A86D9B
:1035600005281ED2DFE800F00C11161B1B006A6E46
:10357000DAF8001021F440111143CAF80010EAE70C
:10358000386840F40030386009E00198002102F00A
:1035900079FD03E00098002102F004FE0446C4B166
:1035A00000E0012426462888DFF85083C04308F154
:1035B0002C0840052FD4D5F8A400B0F5C00F28D0B2
:1035C00010DCB8B1B0F5001F19D0B0F5800F0FD1E5
:1035D0001AE0AA6DDAF8001021F007011143CAF8C9
:1035E0000010E0E7B0F5000F13D0B0F5200F10D0B9
:1035F00001240FE0386840F40030386009E0019899
:10360000002102F03FFD03E00098002102F0CAFD16
:10361000044694B126462888C043000530D4D5F826
:10362000A800B0F1407F29D011DCC0B1B0F1807F9B
:103630001AD0B0F1007F10D11BE0D5F8A420D8F843
:10364000001021F460011143C8F80010E3E7B0F165
:10365000806F13D0B0F1A06F10D001240FE0386854
:1036600040F40030386009E00198002102F00AFDC2
:1036700003E00098002102F095FD044694B126462F
:103680002868DFF878B2C0430BF1200B80011FD40B
:10369000E86CD8B110280FD0202812D0302815D0CF
:1036A000012414E0D5F8A820D8F8001021F0E0613A
:1036B0001143C8F80010E3E7386840F40030386080
:1036C00004E00198022102F0DDFC044674B12646B4
:1036D0002888C043C0042BD4E86DB0F5005F20D02B
:1036E0000DDCA0B1B0F5805F0FD115E0EA6CDBF81E
:1036F000001021F030011143CBF80010E8E7B0F5DD
:10370000405F13D0B0F5804F10D001240FE038682F
:1037100040F40030386009E00198002102F0B2FC6A
:1037200003E00098002102F03DFD04468CB12646DE
:103730002888C043800429D4286EB0F5403F23D0A8
:1037400010DC08B3B0F5803F14D0B0F5003F0FD1C6
:1037500015E0EA6DDAF8001021F4E0411143CAF8EF
:103760000010E5E7B0F5802F0ED0B0F5A02F0BD0FC
:1037700001240AE00198012102F084FC03E0009892
:10378000012102F00FFD044694B126462888C0436B
:1037900040042AD4D5F8AC00B0F1405F23D010DC4F
:1037A00008B3B0F1805F14D0B0F1005F0FD115E025
:1037B0002A6EDAF8001021F4E0211143CAF8001053
:1037C000E4E7B0F1804F0ED0B0F1A04F0BD0012450
:1037D0000AE00198012102F055FC03E00098012164
:1037E00002F0E0FC044674B126462888C043000479
:1037F0001FD4E86ED8B1B0F1805F0ED0B0F1005F99
:1038000010D0012414E0D5F8AC20D8F8001021F035
:10381000E0411143C8F80010E7E7386840F4003091
:10382000386004E00198012102F02CFC044674B1D8
:1038300026462868C043C0011ED4A86CD0B1012818
:103840000ED0022811D0032814D0012413E0EA6E10
:10385000DAF8001021F040511143CAF80010E8E7EF
:10386000386840F40030386004E00198022102F02A
:1038700009FC04466CB126462868C043400255D472
:103880001F48016841F480710160FFF791FB814698
:103890000EE0AA6CDBF8001021F003011143CBF815
:1038A0000010E9E7FFF784FBA0EB090064283BD890
:1038B00013480068C005F5D5BCBBDFF84090B5F8EB
:1038C000B01009F14409D9F8000001F4407100F486
:1038D0004070884211D0D9F80010D9F8002021F4A6
:1038E000407142F48032C9F80020D9F8002022F457
:1038F0008032C9F80020C9F8001003E02C440258B7
:1039000000480258D5F8B000B0F5807F19D1FFF714
:103910004FFB029011E000BFFFF74AFB0299411AEA
:1039200041F28830814208D9032426462878DFF8FE
:103930001494C043C00721D03CE0D9F800008007B0
:10394000EAD5D5F8B010C1F301200328FE480DD008
:10395000016821F47C510160B5F8B020D9F800105D
:10396000C2F30B021143C9F80010DFE7F74A0368FE
:1039700002EA111223F47C511143ECE7A86F1828D6
:1039800016D005DCA0B1082808D0102804D10AE020
:1039900020280DD028280BD001240AE0019801210D
:1039A00002F070FB03E00098012102F0FBFB0446EB
:1039B00064B126462878C04380071ED4686F062865
:1039C00019D2DFE800F0160C11161616AA6FD9F8F6
:1039D000001021F038011143C9F80010EAE70198FE
:1039E000012102F04FFB03E00098012102F0DAFB15
:1039F00004467CB100E0012426462878C0434007F5
:103A00001FD4D5F89000062819D2DFE800F0160C74
:103A1000111616166A6FD9F8001021F0070111432C
:103A2000C9F80010E9E70198012102F02BFB03E03F
:103A30000098012102F0B6FB0446A4B100E0012485
:103A400026462878C04380062BD4D5F88C00B0F1E8
:103A5000405F24D011DC10B3B0F1805F15D0B0F11D
:103A6000005F10D116E0D5F89020D8F8001021F0B2
:103A700007011143C8F80010E3E7B0F1804F0ED002
:103A8000B0F1A04F0BD001240AE00198002102F010
:103A9000F9FA03E00098022102F084FB044694B195
:103AA00026462878C04340062BD4D5F89800B0F5B8
:103AB000406F24D011DC10B3B0F5806F15D0B0F595
:103AC000006F10D116E0D5F88C20D9F8001021F045
:103AD000E0411143C9F80010E3E7B0F5805F0ED074
:103AE000B0F5A05F0BD001240AE00198002102F09C
:103AF000C9FA03E00098022102F054FB044694B195
:103B000026462878C04300062BD4D5F89C00B0F593
:103B1000C04F24D011DC10B3B0F5005F15D0B0F564
:103B2000804F10D116E0D5F89820D8F8001021F475
:103B3000E0511143C8F80010E3E7B0F5004F0ED094
:103B4000B0F5204F0BD001240AE00198002102F0CB
:103B500099FA03E00098022102F024FB044654B1D4
:103B600026462878C04300071ED4D5F88000B0F55B
:103B7000805F0AD00FE0D5F89C20D8F8001021F41F
:103B800060411143C8F80010EBE70098022102F0F1
:103B900009FB00B10126D5F88020D9F8001021F4E6
:103BA00040511143C9F800102878C043C00613D40F
:103BB000D5F89400B0F5807F05D10098022102F07D
:103BC000F1FA00B10126D5F89420D8F8001021F4BC
:103BD00040711143C8F800102868C043000316D490
:103BE000D5F8A00038B1B0F5803F09D0B0F5003F5E
:103BF0000BD001240AE00198002102F043FA03E00F
:103C00000098022102F0CEFA04468CB126462868BC
:103C1000C043400322D4D5F88400B0F5801F11D0F2
:103C2000B0F5001F13D0B0F5401F15D0012414E0EB
:103C3000D5F8A020D8F8001021F440311143C8F87D
:103C40000010E4E7386840F40030386004E0009881
:103C5000012102F0A7FA04465CB126462868C04359
:103C6000C0031CD4286D70B1B0F5803F10D0012482
:103C700014E0D5F88420D9F8001021F44011114344
:103C8000C9F80010EAE7386840F40030386004E012
:103C90000198022102F0F6F90446DCB126462868B4
:103CA000C043800005D40098022102F07BFA00B1E5
:103CB00001262868C04380031BD4E86FB8B1B0F573
:103CC000807F10D0B0F5007F11D0B0F5407F0ED0CE
:103CD00001240DE02A6DDBF8001021F4803111433E
:103CE000CBF80010DBE7386840F4003038607CB374
:103CF00026462868C043C00207D42A6FDAF80010AD
:103D000021F000411143CAF800102868C043800226
:103D100007D4AA6EDAF8001021F080711143CAF8B6
:103D200000102868C043400009D40748016821F406
:103D3000004101600168D5F8B42011430160286892
:103D4000C04306E05444025810440258CFFFFF001D
:103D50001DE007D46A6DDBF8001021F040511143DB
:103D6000CBF800102868C043000208D4D5F888209A
:103D7000D9F8001021F440011143C9F80010287946
:103D80000024C04300F00100204309D00EE0EA6F98
:103D9000D9F8001021F440711143C9F80010A8E7C8
:103DA0000198002102F06EF900B106462879C0435F
:103DB00000F00200204305D10198012102F062F9D0
:103DC00000B106462879C04300F00400204305D125
:103DD0000198022102F056F900B106462879C04345
:103DE00000F00800204305D10098002102F0DAF924
:103DF00000B106462879C04300F01000204305D1E9
:103E00000098012102F0CEF900B106462879C0439E
:103E100000F02000044304D10098022102F0C2F90E
:103E200000B916B10120BDE8FE8F0020FBE70000BD
:103E30002DE9F05F04000F467ED0DFF83882D8F815
:103E4000000000F00F00B8420CD2D8F8001021F0AA
:103E50000F013943C8F80010D8F8000000F00F0037
:103E6000B84269D12078844D40070AD52069296875
:103E700001F07001884204D9296821F070010143E2
:103E8000296020787C4E361D00070AD560693168AC
:103E900001F07001884204D9316821F070010143BA
:103EA00031602078C0060AD5A069316801F4E0616C
:103EB000884204D9316821F4E061014331602078FF
:103EC000DFF8B4B180060BF1080B0CD5E169584658
:103ED000DBF8002002F07002914204D9026822F05F
:103EE00070020A430260207880070AD5E0682968DA
:103EF00001F00F01884204D9296821F00F01014324
:103F000029602078C0073ED05B49A268286818392C
:103F100020F47060104328606068022818D00328DD
:103F200019D00968012819D0490700294ADADFF8B1
:103F300048A1AAF1080A00E044E0DAF8002022F0E3
:103F400007020243CAF80020FFF732F8814612E068
:103F500009688903E9E709688901E6E7C905E4E733
:103F6000FFF726F8A0EB090141F28830814202D91F
:103F70000320BDE8F09F6168DAF8000000F0380027
:103F8000B0EBC10FECD1207880070AD5E068296832
:103F900001F00F01884204D2296821F00F0101438A
:103FA0002960D8F80010404601F00F01B9420BD942
:103FB000016821F00F0139430160006800F00F0033
:103FC000B84201D00120D4E7207840070AD5206903
:103FD000296801F07001884204D2296821F070013B
:103FE00001432960207800070AD56069316801F033
:103FF0007001884204D2316821F0700101433160C0
:104000002078C0060AD5A069316801F4E0618842D1
:1040100004D2316821F4E0610143316020788006E8
:104020000CD5E1695846DBF8002002F0700291429D
:1040300004D2026822F070020A43026000F09AF88B
:104040000E492A682B68C2F3032203F00F038A5C2F
:10405000C95C02F01F0201F01F01D040084A20FA9B
:1040600001F111600749086007480068BDE8F05F8A
:10407000FEF7DABF0020005218440258C09800082A
:10408000300000242C0000242400002470B5144CBF
:104090003F220260124A24680832131D114D04F0B9
:1040A0000704446016681C1D06F470668660166876
:1040B00006F00F06C660126802F0700202611A680C
:1040C00002F0700242611A6802F4E06282612268C2
:1040D00002F07002C261286800F00F00086070BD35
:1040E000104402580020005230B500F043F80B4A4B
:1040F0000B490C4B15681468C5F3032204F00F0438
:104100008A5C095D02F01F0201F01F01D040064ADF
:1041100020FA01F119601060084630BD18440258B9
:10412000C0980008300000242C00002400B5FFF7E0
:10413000DBFF05490968054AC1F30211515C01F032
:104140001F01C84000BD00001C440258C098000870
:1041500000B5FFF7C9FF05490968054AC1F3022107
:10416000515C01F01F01C84000BD00001C44025812
:10417000C0980008454970B545480968434B103B55
:1041800011F0380208D00111082A03D0102A0BD0F0
:10419000182A0BD0084670BD19688906FBD5196826
:1041A000C1F3C101C84070BD3A4870BD3749374DB1
:1041B00018310C1D24350A68096826682D6802F03C
:1041C000030406F00102C1F30511C5F3CC0515FB8C
:1041D00002F200EE102AB8EE400AE9B32F4ADFEDF2
:1041E0002E0AB7EE001A6CB1DFED2D1A012C01D0AA
:1041F000022C43D002EE101A1068F8EE422A81EE2B
:10420000A22A1EE01C68A40611D51B6801EE901AB4
:104210001168C3F3C103F8EE612AD84001EE900A99
:10422000C1F30800F8EE611A81EEA22A0BE001EE5C
:10423000901ADFED1C2A00BFF8EE611A106882EEBA
:10424000A12AC0F3080001EE900AF8EE611A40EED0
:10425000201A31EE810A00E015E022EE000A106813
:10426000C0F34620401C00EE900AF8EE600A80EE93
:10427000201ABCEEC10A10EE100A70BD01EE901AB1
:10428000DFED092AD8E7002070BD00001044025875
:104290000090D00340787D0100000039304402587E
:1042A0000024744A0024744C20BCBE4B2DE9F05FFE
:1042B00004007DD0FF4F2078FE4D1837DFF8F483DF
:1042C000103DC00748D0D8F80000396800F0380029
:1042D000102815D0182803D101F0030002280FD0B0
:1042E0006068B0F5803F12D010B1B0F5A02F18D0A3
:1042F000286820F480302860286820F4802009E0B5
:104300002868800328D560680028D2D024E0286877
:1043100040F480302860606888B1FEF749FE0646A8
:1043200009E0286840F480202860F0E7FEF740FEAE
:10433000801B64287ED828688003F7D50CE0FEF740
:1043400037FE064605E000BFFEF732FE801B6428FC
:10435000F0D828688003F7D42078800756D5D8F89D
:104360000000DFF85093396810F03800A9F10C090B
:104370000ED0182801D188070AD0E068A8B32968B0
:1043800021F0190101432960FEF712FE064628E0DC
:104390002868400702D5E06800288AD0E1682868CC
:1043A00020F0190008432860FEF702FE064606E0EA
:1043B000D2E000BFFEF7FCFD801B0228BAD82868B7
:1043C0004007F7D5217CD9F8002022F0FE4242EACE
:1043D0000161C9F8001019E0FEF7EAFD801B022810
:1043E000A8D828684007F7D5ECE7FFE7286820F051
:1043F00001002860FEF7DCFD064604E0FEF7D8FD6C
:10440000801B022896D828684007F7D42078C00679
:1044100046D5D8F80000DFF89C92396800F03800E3
:10442000A9F10409082812D0182805D101F00300C9
:10443000012800E0CEE00AD0E0690028286820D0FA
:1044400040F080002860FEF7B3FD064615E02868BE
:10445000C00502D5E06980287ED194F82010D9F8F3
:10446000002022F07C5242EA0161C9F8001017E0F6
:10447000FEF79EFD801B0228A0D82868C005F7D54E
:10448000EBE720F080002860FEF792FD064604E08E
:10449000FEF78EFD801B022890D82868C005F7D44F
:1044A0002078000729D58348616964300029814656
:1044B000016811D041F001010160FEF779FD064667
:1044C00005E000BFFEF774FD801B022888D8D9F8EC
:1044D00000008007F6D510E021F001010160FEF731
:1044E00067FD064605E000BFFEF762FD801B02285F
:1044F00070D8D9F800008007F6D42078800623D53C
:10450000A0690028286810D040F480502860FEF789
:104510004FFD064605E000BFFEF74AFD801B02285E
:1045200058D828688004F7D50EE020F48050286021
:10453000FEF73EFD064604E0FEF73AFD801B02282A
:1045400048D828688004F7D42078400751D5DFF890
:104550006891D9F8001000E015E141F48071C9F8C4
:104560000010FEF725FD064605E000BFFEF720FD22
:10457000801B64282ED8D9F80000C005F6D54D4E12
:10458000A068603601280AD008B1052813D0306829
:1045900020F001003060306820F0040002E0306854
:1045A00040F001003060A06841F2883A98B1FEF70F
:1045B000FFFC81460AE0306840F004003060EEE71E
:1045C000FEF7F6FCA0EB0901514503D830688007DF
:1045D000F6D50EE072E0FEF7EBFC814606E000BF88
:1045E000FEF7E6FCA0EB0901514567D8306880076B
:1045F000F6D4606A00287CD0DFF8B8A0D8F80010A4
:104600000AF1200A4FF6F87B0AF10408C1F3C2014F
:104610000329AAF104096DD00228286820F08070CF
:10462000286003D0FEF7C4FC044681E0FEF7C0FC1E
:10463000064604E0FEF7BCFC801B022875D82868FB
:104640008001F7D4E26A40F2F331386854F8283F29
:10465000884340EA021018433860217B4FF4FE0C77
:1046600022894FF0FE47208A4902267D521E401EB5
:10467000A1F5007189B2C2F308021143761E0CEA5B
:1046800000400143484607EA06621143CAF8001099
:10469000D9F8001021F00101C9F80010D8F8003055
:1046A000266A23EA0B0343EAC601C8F80010D9F8CA
:1046B000001004E0104402580048025835E0A26996
:1046C00021F00C011143C9F800100168E26921F0E2
:1046D000020111430160016841F480310160016809
:1046E00041F400310160016841F4802101600168FA
:1046F00001E06CE020E041F001010160286840F039
:1047000080702860FEF754FC044604E0FEF750FC7D
:10471000001B022809D828688001F7D557E000BFA0
:10472000FEF746FC001B022802D90320BDE8F09FDB
:1047300028688001F4D44AE039680128DAF80000DA
:1047400021D0A26A01F0030393421CD1E26AC1F3B3
:1047500005118A4217D1216BC0F30802491E8A4213
:1047600011D1616BC0F34622491E91420BD1A16B5E
:10477000C0F30642491E914205D1E16BC0F30660C9
:10478000491E814201D00120D0E7A16C4646D8F8ED
:104790000000C0F3CC00814219D0D9F800004D468A
:1047A00020F00100C9F80000FEF702FC4FEA000704
:1047B000FEF7FEFBB842FBD0A26C306820EA0B008B
:1047C00040EAC2003060286840F001002860002004
:1047D000ACE770477047704710B5040003D094F8F9
:1047E0003D0010B107E0012010BD002084F83C001E
:1047F000204600F022F8022084F83D002068211DA8
:1048000001F07EFF012084F8480084F83E0084F81F
:104810003F0084F8400084F8410084F8420084F8A6
:10482000430084F8440084F8450084F8460084F886
:10483000470084F83D00002010BD704790F83D10FF
:10484000012901D0012070471A4A022180F83D1049
:104850000168CB6843F00103CB60006890421AD036
:10486000B0F1804F17D01449884214D013498842C0
:1048700011D0134988420ED0124988420BD01249F8
:10488000884208D01149884205D01149884202D097
:104890001049884207D181680F4A1140062906D085
:1048A000B1F5803F03D0016841F0010101600020B3
:1048B0007047000000000140000400400008004074
:1048C000000C00400004014000180040004001407E
:1048D00000E0004000E400400700010070472DE9BF
:1048E000F041044600680027C6680569A90713D58A
:1048F000B10711D5FA1E0261012121772068806974
:104900008007204602D0FFF7E9FF04E000F08BF8B3
:10491000204600F089F82777680716D5700714D568
:10492000226802206FF004011161207720688069FD
:1049300010F4407F204602D0FFF7D0FF04E000F0E3
:1049400072F8204600F070F82777280715D5300751
:1049500013D5226804206FF00801116120772068C8
:10496000C0698007204602D0FFF7B8FF04E000F0DE
:104970005AF8204600F058F82777E80616D5F006D2
:1049800014D5226808206FF010011161207720688B
:10499000C06910F4407F204602D0FFF79FFF04E07B
:1049A00000F041F8204600F03FF82777E80708D0EC
:1049B000F00706D021686FF001000861204600F082
:1049C00034F8280601D4A80408D5300606D5216895
:1049D0006FF4025008612046FFF7FCFEE80508D599
:1049E000300606D521686FF4807008612046FFF715
:1049F000F0FE680608D5700606D521686FF0400005
:104A00000861204600F018F8A8060AD5B00608D5B7
:104A100021686FF0200008612046BDE8F041FFF7F3
:104A2000DABEBDE8F081704770470068B0F1804F92
:104A300001D1FEF7C3BA7047704730B590F88410C3
:104A4000012918D0012280F884202421C0F8881080
:104A50000022202401680B680D6823F0005325F024
:104A600001050D60426601680B60C0F8884080F85F
:104A70008420104630BD022030BD704770B504461A
:104A800090F8840001281DD0012284F8842024207D
:104A9000C4F8880020680568026822F001020260FC
:104AA0002068826822F060620A438260204601F03A
:104AB000BFFE2268202100201560C4F8881084F809
:104AC000840070BD022070BD70B5044690F884006B
:104AD00001281DD0012284F884202420C4F88800F5
:104AE00020680568026822F001020260206882687E
:104AF00022F060420A438260204601F099FE22685B
:104B0000202100201560C4F8881084F8840070BD4E
:104B1000022070BD704710B5040003D0D4F888009F
:104B200010B107E0012010BD002084F88400204669
:104B300000F026F82420C4F888002068016821F0DD
:104B400001010160A06A10B1204601F093FE2046E9
:104B500002F004F80128E6D02068416821F4904171
:104B600041602068816821F02A0181602068016825
:104B700041F0010101602046BDE8104001F0DEBEB9
:104B800070B5B4B0064614212EA8FBF769FDB82114
:104B90006846FBF765FD2D493068884254D10020F6
:104BA0001D9002210546CDE900106846FEF7A2FCE3
:104BB00008B1FCF784FA2648016841F480110160CD
:104BC000006800F48010339021480838016841F0F3
:104BD00002010160016801F002013391016841F0B6
:104BE00008010160006802242EAA00F0080033903A
:104BF00020030E2182E83100CDE9315115482EA95C
:104C0000FEF7C8F82EAA0420082182E83100CDE979
:104C1000315111482EA9FEF7BDF8114841210F4C22
:104C20000215831584E82300C4E903526561204618
:104C3000C4E9065325626562FCF7C0FF08B1FCF7C2
:104C40003EFAC6F88040A66334B070BD0050004004
:104C5000E844025800040258000C0258AC11002429
:104C60001000024030B4D0F88C30202B02D002204B
:104C700030BC7047A9B1A2B10B4D00240368C466D3
:104C8000AB420BD05B681B0208D5046854E8003FB8
:104C900043F0806344E80035002DF6D130BC02F0CB
:104CA0004BB90120E4E70000000C00587047704742
:104CB0001CB51B4D1B4C00BF02F07EFE287810B3C4
:104CC0000020208018481A49184A837B01F14000CF
:104CD000FBF7DAFD1648B7EE000AB0F93220B0F95A
:104CE0002410CDE90012B0F91630B0F908201149AE
:104CF000114800F051FB002003F0FCFBE0600120B4
:104D000002F0FDFED8E720889628F4D209490A4827
:104D1000B2EE040AFBF76AFE2088401C2080EAE716
:104D2000FC000024B4000024D42700249C2100248B
:104D3000501F0024D80F002498250024174D184C2C
:104D4000287818B117488089032813D0E08896285E
:104D500008D215491548B2EE040AFBF747FEE08871
:104D6000401CE080002003F0C5FBA061012002F0A0
:104D7000C6FEE5E70020E0800C4840F69E71B0F9E1
:104D80000A0000F2CF708842ECD80749C8220748D1
:104D9000B7EE000A00F08CFBE4E70000FC00002402
:104DA000B4000024D4270024380F00241825002440
:104DB000DFF8AC80284F294E08F16805DFF8A49091
:104DC000294C3878D0B300206080B6F90A0040F64C
:104DD0009E7100F2CF70884212D898ED020A2048E6
:104DE000B9F906106830B1EE400A00F08BF80122E4
:104DF0001A48D5ED030A95ED010A114600F080FB33
:104E0000B6F93A00B0F5FA6F10DA1548B9F904109E
:104E1000683098ED000A00F0A7F81048022205213A
:104E2000D5ED020A95ED000A00F08EFB002003F09C
:104E300061FB2061012002F062FEC2E7FFE76088AB
:104E40009628F3D209490548B2EE040AFBF7CEFDD5
:104E50006088401C6080E9E7FC000024982500245D
:104E6000441F0024D4270024B4000024D80F0024B9
:104E7000184D194C08B52878F0B10020A0801748CB
:104E8000B1EE040A817A164801F03EFB1448B7EEF1
:104E9000000AB0F90A100091B0F90830B0F9062004
:104EA0001049114800F072FB002003F023FB606101
:104EB000012002F024FEDEE7A0889628F4D20949FA
:104EC0000948B2EE040AFBF791FDA088401CA080BF
:104ED000EAE70000FC000024B4000024D4270024EA
:104EE000BC1F0024380F002418250024044C002087
:104EF00003F000FBA060012002F001FEF7E70000D4
:104F0000B400002410B59FED132ADFED131A9FEDB6
:104F1000131ADFED130A04462DED028BB0EE408A22
:104F200000EE101AB8EEC00A00F0E3FDD4ED010A5D
:104F300000209FED0C1A30EEC00AFAEE040A84ED50
:104F4000010A00F0A3FD84ED010A84ED038ABDECA3
:104F5000028B10BDCDCCCC3DCDCCCCBD00001644D9
:104F6000000016C40000204210B59FED132ADFEDAB
:104F7000131A9FED131ADFED130A04462DED028B71
:104F8000B0EE408A00EE101AB8EEC00A00F0B1FD93
:104F9000D4ED000A01209FED0C1A30EEC00ADFEDBF
:104FA0000B0A84ED000A00F071FD84ED000A84ED27
:104FB000028ABDEC028B10BDCDCCCC3DCDCCCCBD9E
:104FC00000001644000016C400003443000034C33F
:104FD00070B50446C0889FED280A00EE900A274D60
:104FE000F8EE600A70EEC00AFDEEE00A10EE900ADC
:104FF0002880A08800EE900AF8EE600A70EEC00AE1
:10500000FDEEE00A10EE900A6880208800EE900A1B
:10501000F8EE600A70EEC00AFDEEE00A10EE900AAB
:10502000A880608800EE900AF8EE600A30EEC00AB0
:10503000BDEEC00A10EE100AE880608901F084FA23
:105040002881A08901F080FA6881208901F07CFA2A
:10505000A881E089241D01F077FAE881A0892882DF
:10506000E0896882207F2875607F6875E07FE87539
:10507000A07FA87570BD000000007844D4270024EC
:10508000002003F037FA0F4D0026686064202E7070
:1050900003F05AFB0C4F4FF00108387AC4B2387A4B
:1050A000A04207D00328044601D02E7004E085F802
:1050B000008002E0032800D02E70322003F044FB71
:1050C000EDE70000FC000024D4270024FEE7030ADB
:1050D0000B70107070470000094808B5016841F076
:1050E0000101016000680022052100F0010000902C
:1050F0000B20FEF74DF8BDE808400B20FEF73AB84C
:10510000D84402581A4800222DE9F041174E0125D3
:1051100082604FF0140C06600626C26002240574FB
:1051200011274274042185740823C0E9056C0D26FB
:10513000C761C0E90845C0E90A460463C0E90D211A
:10514000C0E90F13C0E91113C0E91314C0E9151326
:10515000C3650366C0E91921FDF7AAFB002803D047
:10516000BDE8F041FBF7ABBFBDE8F08100A0004017
:10517000380F00241B4800232DE9F041184E01256B
:1051800083604FF0140C06600224C3600626057489
:1051900011274374042185740822C0E9056CC0E915
:1051A0000774C0E9095440F20647C0E90D71C0E92F
:1051B0000F120D26C0E91112C0E90B64C0E91314E7
:1051C000C0E91512C2650266C0E91931FDF770FB2E
:1051D000002803D0BDE8F041FBF771BFBDE8F081C6
:1051E00000A40040D80F00241B4800232DE9F04103
:1051F000184E012583604FF0140C06600224C36032
:105200000626057411274374042185740822C0E919
:10521000056CC0E90774C0E9095440F61207C0E9FB
:105220000D71C0E90F120D26C0E91112C0E90B641F
:10523000C0E91314C0E91512C2650266C0E919314C
:10524000FDF736FB002803D0BDE8F041FBF737BF80
:10525000BDE8F08100D40040781000241A4A0021F3
:105260001A4810B502F088FC194C0021164A243265
:105270002060184802F080FC134A00216060164844
:10528000483202F079FC104A0021A06013486C32C9
:1052900002F072FC0C4A0021E0601148903202F0EA
:1052A0006BFC094A002120610E48B43202F064FC14
:1052B000054A002160610C48D83202F05DFCA06113
:1052C000BDE8104001F08CBA38970008416500082D
:1052D00000000024B14C00083D4D0008B14D00080D
:1052E000714E0008815000082D6300080D4808B574
:1052F000016841F080010160016801F080010091C6
:10530000016841F002010160016801F002010091B1
:10531000016841F008010160006800F00800009099
:1053200008BD0000E0440258184800212DE9F04172
:10533000154A0C24C0E90541C16101629514144B62
:10534000561441621715816280E8EC00FFF7E3FB19
:1053500008B1FBF7B4FE0D480021FFF7B5FB08B11B
:10536000FBF7ADFE09480021FFF788FB08B1FBF70A
:10537000A6FE0648FFF761FB002803D0BDE8F04118
:10538000FBF79DBEBDE8F0810050004018110024DD
:10539000A0860100FEE7000070B504460E461D46DB
:1053A0002DED048BF0EE408A82B0B0F93800B4F9EC
:1053B0003A1000EE900A00EE101A3B49B8EEE01ADF
:1053C000F8EEC00A00EE102A9DED0B8A9DED0A9AB8
:1053D000F0EE681AB8EEC00AA1F1340000F02CFD1E
:1053E000BDEEC00AF0EE681A10EE100AADF8060025
:1053F000B4F92800B4F92A1000EE900A00EE101A51
:105400002949B8EEE01AF8EEC00A00EE105A6831E9
:10541000A1F13400B8EEC00A00F00EFDBDEEC00AE6
:10542000F0EE681A10EE100AADF80400B4F90A1094
:10543000B4F9080000EE101A00EE900A1A49B8EE0E
:10544000E01AD031F8EEC00AB8EEC90AA1F1340072
:1054500000F0F2FCBDEEC00AF0EE681A10EE100A81
:10546000ADF80000B4F91800B4F91A1000EE900A73
:1054700000EE101A0D49B8EEE01AF8EEC00AB8EEC8
:10548000C80AA1F1340000F0D7FCBDEEC00A01212A
:105490006A4610EE100AADF802003046FBF7D2FD66
:1054A00002B0BDEC048B70BD3020002468210024C4
:1054B0001CB50C46B0F90810B0F90A0001EE101A3C
:1054C000F0EE401A00EE900A00EE102A0B49B8EEFA
:1054D000C11AF8EEE00AB8EEC00AA1F1340000F0FB
:1054E000ABFCBDEEC00A01216A4610EE100AADF811
:1054F00000002046FBF7A6FD1CBD00008C24002404
:1055000010B50C460E49B0EE601A00EB0410DFED4A
:105510000B1A30F9080C00EE900AA1F13400F8EEF5
:10552000E00A00F089FCBDEEC00A2146BDE810404B
:1055300010EE100A02B20348FBF7A1BDCDCCCC3D62
:10554000EC220024D80F002410B50C462DED028B60
:10555000B0EE608AB7EEC00A00F02EFBF7EEC00B8B
:105560000848B0EE480A00F0DBFCBDEEC00ABDEC16
:10557000028B214610EE100ABDE8104002B202482C
:10558000FBF77DBDD0210024D80F002470B5044660
:105590000E461D462DED028BF0EE408AB0F9080054
:1055A00082B0B4F90A1000EE900A00EE101A2E49EB
:1055B000B8EEE01AF8EEC00A00EE102A9DED088A57
:1055C000F0EE681AB8EEC00AA1F1340000F034FC25
:1055D000BDEEC00AF0EE681A10EE100AADF8000039
:1055E000B4F91800B4F91A1000EE900A00EE101A7F
:1055F0001D49B8EEE01AF8EEC00A00EE105A683104
:10560000A1F13400B8EEC00A00F016FCBDEEC00AED
:10561000F0EE681A10EE100AADF80200B4F92A1084
:10562000B4F9280000EE101A00EE900A0E49B8EE08
:10563000E01AD031F8EEC00AB8EEC80AA1F1340081
:1056400000F0FAFBBDEEC00A00216A4610EE100A17
:10565000ADF804003046ADF806100121FBF7F2FC6E
:1056600002B0BDEC028B70BD5423002410B5B1EE26
:10567000043AF9EE042A2DED088BDFEDE18AB0EE55
:10568000682A9FEDE09AF0EE491A9FEDDF8ADF4825
:10569000B0EE080AB0EE481AF0EE480A00F0DEFC60
:1056A000DFEDDB9AB0EE693A9FEDDABAD748B0EE9B
:1056B000682A3430F0EE4B2AF0EE491AB0EE481A60
:1056C000F0EE480AB7EE000A00F0C8FCB2EE043A69
:1056D000FAEE042A9FEDD0AAB0EE4A2ADFEDCFAA57
:1056E000CA48B0EE481A6830F0EE6A1AF0EE480A7E
:1056F000B2EE0E0A00F0B2FCC448B0EE693A9C303B
:10570000F0EE4B2AB0EE682AF0EE491AB0EE481AD5
:10571000F0EE480AB7EE000A00F0A0FCBB48B2EE7B
:10572000043AD030FAEE042AB0EE4A2AF0EE6A1AB1
:10573000B0EE481AF0EE480AB2EE0E0A00F08EFC07
:10574000B748B0EE693AF0EE4B2AB0EE682AF0EEB8
:10575000491AB0EE481AF0EE480AB7EE000A00F017
:105760007DFCAF48B2EE043A3430FAEE042AB0EED3
:105770004A2AF0EE6A1AB0EE481AF0EE480AB2EE83
:105780000E0A00F06BFCA648B0EE693A6830F0EE05
:105790004B2AB0EE682AF0EE491AB0EE481AF0EE45
:1057A000480AB7EE000A00F059FC9D48B2EE043AF0
:1057B0009C30FAEE042AB0EE4A2AF0EE6A1AB0EEF5
:1057C000481AF0EE480AB2EE0E0A00F047FCB7EEB7
:1057D000003AFFEE002AB2EE042AFAEE041AB0EE06
:1057E000481ADFED909AF0EE690A9FED8F0A8C4817
:1057F000D03000F033FCF2EE043ABAEE043AF0EEA8
:10580000682AB0EE492AF0EE481A9FED881AF0EEA9
:10581000690A9FED870A874800F0F6FB8548B2EEDB
:10582000043A4030FAEE042AB0EE682AF0EE491A43
:10583000B0EE481AF0EE480AB1EE040A00F00EFC91
:10584000B2EE043AFAEE042A9FED7B2ADFED7B1AD2
:10585000B0EE481AF0EE480A9FED790A75487430A8
:1058600000F0FCFB7348F2EE043AA830BAEE043ABA
:10587000F0EE682AB0EE492AF7EE001AB0EE481AA8
:10588000F0EE480AB0EE080A00F0BEFBB2EE043AB1
:10589000FAEE042A9FED6B2ADFED6B1A6548B0EE35
:1058A000481AE830F0EE480AB7EE000A00F0D6FBDE
:1058B000B2EE043AFAEE042ADFED649AB0EE692AF9
:1058C0009FED63BAB0EE481AF0EE480AF0EE4B1ABC
:1058D0009FED600A604800F0C1FB5F48B2EE043AF9
:1058E0003430FAEE042AB0EE682AF0EE491AB0EE2F
:1058F000481AF0EE480AB7EE000A00F0AFFB56482F
:10590000B2EE043A6830FAEE042AB0EE4A2AF0EE1B
:105910006A1AB0EE481AF0EE480AB3EE0E0A00F02A
:105920009DFB4D48B2EE043A9C30FAEE042AB0EEEC
:10593000682AF0EE491AB0EE481AF0EE480AB7EEBF
:10594000000A00F08BFB4448B2EE043AD030FAEE85
:10595000042AB0EE4A2AF0EE6A1AB0EE481AF0EEC7
:10596000480AB3EE0E0A00F079FB3C48B2EE043A66
:10597000FAEE042AB0EE682AF0EE491AB0EE481AA0
:10598000F0EE480AB7EE000A00F068FB3348B2EECA
:10599000043A3430FAEE042AB0EE4A2AF0EE6A1ADB
:1059A000B0EE481AF0EE480AB3EE0E0A00F056FBCD
:1059B0002A48B2EE043A6830FAEE042AB0EE692AB8
:1059C000F0EE4B1AB0EE481AF0EE480AB7EE000AB5
:1059D00000F044FBB0EE4A2AF0EE6A1AB0EE481A24
:1059E000F0EE480ABDEC088BB2EE043AFAEE042A57
:1059F000B3EE0E0A1948BDE810409C3000F02EBBF3
:105A000000008046000080C600000000C81F00247F
:105A100000004842000048C200401C4600401CC62E
:105A2000CC200024CDCC4C3D9A99D93F0000204297
:105A300000803B44D021002400007A4400007AC456
:105A4000000048430000FA440000FAC40080BB4450
:105A50000080BBC400009643EC220024F023002405
:105A6000B7EEC00A9FED052B9FED061B20EE020B43
:105A700080EE012BB7EEC20B70470000182D445486
:105A8000FB210940000000000080664010B52DEDAC
:105A9000028BB0EE608A71EE488AF5EEC08AF1EEB4
:105AA00010FA1BD9A8B130EE480AB7EEE81AB7EEE3
:105AB000C00A01F061FBB7EEC00BB5EEC00AF1EE13
:105AC00010FA01D230EE280A30EE080ABDEC028B43
:105AD00010BDB4EEC80AF1EE10FA02D2B0EE480AD8
:105AE000F4E7B4EEC10AF1EE10FAEFDDB0EE410AD0
:105AF000ECE7F4EE410AF1EE10FA06D131EE820A3B
:105B0000F6EE000A20EE200A704730EE600A71EED1
:105B1000602A32EE611AC0EE220AB0EE610A00EE8F
:105B2000810A70471D494A6962B101EE100A0022DC
:105B30004A6181ED080BB8EE412B80EE021BB0EEFE
:105B4000410B29E091ED081B9FED152B30EE411B19
:105B5000B4EEC21BF1EE10FA02DD0A69521E08E033
:105B60009FED112BB4EEC21BF1EE10FA02D20A69BE
:105B7000521C0A6101EE100A81ED080B9FED0C3BEF
:105B8000B8EE412B91ED041AB8EEC14BB0EE401BBC
:105B900004EE031B81EE020B00F00EB8D0000024CF
:105BA000000000000080664000000000008066C029
:105BB000000000000080764010B52DED028B9FEDB7
:105BC0000D8BB0EE481B01F0D7FA9FED0C1BB4EE25
:105BD000C10BF1EE10FA01DD30EE480B9FED091B11
:105BE000B4EEC10BF1EE10FA01D830EE080BBDECAB
:105BF000028B10BD00000000008076400000000015
:105C00000080664000000000008066C0FEE70000E3
:105C100030EEC00A08499FED091A10EE100A8842BA
:105C200002DD30EE410A704710EE100A0449884246
:105C3000F9D930EE010A7047000034430000B44344
:105C4000000034C3F0EE400A90ED070AD0ED001AD0
:105C500090ED0B1A30EE200A21EEA02A80ED070A03
:105C6000B4EEC10AF1EE10FA06DC90ED0A1AB4EEB9
:105C7000C10AF1EE10FA01D280ED071AD0ED011A37
:105C800090ED073AD0ED062A90ED020A61EE831AF4
:105C900070EEE22A90ED091A72EE211A20EE220A25
:105CA00031EE800AB4EEC01AF1EE10FA06D390ED90
:105CB000081AB4EEC01AF1EE10FA01DDB0EE410A96
:105CC000C0ED060A80ED0C0A7047000010B530EEFA
:105CD000C00A2DED028B9FED0C8AF0EE480A01F010
:105CE000C9FA10EE100A0949884204DD30EE480A6C
:105CF000BDEC028B10BD10EE100A05498842F7D3A7
:105D000030EE080AF4E700000000B443000034431A
:105D1000000034C390ED071AC0ED030A70EEC00A0C
:105D200080ED040A90ED0B0AC0ED050A31EE201A51
:105D300080ED071AB4EEC01AF1EE10FA01DD80ED25
:105D4000070A90ED071A90ED0A0AB4EEC01AF1EEB8
:105D500010FA01D280ED070AD0ED002A90ED012A59
:105D6000D0ED071A90ED063A62EEA02A22EE212A23
:105D700030EEC33A90ED021A90ED090A32EE822A13
:105D800023EE011A32EE011AB4EEC10AF1EE10FA56
:105D900006D390ED080AB4EEC10AF1EE10FA02DD66
:105DA00080ED0C0A03E080ED0C1A90ED0C0AB4EEC5
:105DB000410AF1EE10FA03D031EEE01A80ED071A35
:105DC000C0ED060A7047000010B504462DED048BA7
:105DD000B0EE609ADFED178AF0EE680A01F04AFA39
:105DE000B0EE408AB5EEC08AF1EE10FA01D238EE7C
:105DF000288AF0EE680AB0EE490A01F03BFAF0EEAC
:105E0000400AF5EEC00AF1EE10FA01D270EEA80ACF
:105E100084ED048AB0EE480AC4ED030AFFF756FF8A
:105E200084ED050A2046BDEC048BBDE81040FFF769
:105E300009BF00000000B443B0EE414AF0EE404A12
:105E4000F0EE605AB0EE615AF0EE640AB0EE440A29
:105E50000246084600B5FFF75DFF74EE640AF0EEF7
:105E6000403A9FED0A0AF0EEE00AF4EEC50AF1EEC0
:105E700010FA06DDF0EE630AB0EE650A1046FFF791
:105E800049FFC1ED0C3A82ED0C0A00BD0000000094
:105E9000B0EE401A90ED050A90ED002AD0ED0D1AF3
:105EA00030EE010A22EE012A80ED050AB4EEE10A85
:105EB000F1EE10FA06DCD0ED0E1AB4EEE10AF1EEC6
:105EC00010FA01D2C0ED051A90ED010AD0ED053AA5
:105ED00090ED063AD0ED022A20EE230A31EE433A45
:105EE000D0ED0B1A32EE000A62EE832A30EE220A5F
:105EF00030EE200AF4EEC01AF1EE10FA02D2B0EE43
:105F0000610A08E0D0ED0C0AF4EEC00AF1EE10FAD6
:105F100001DDB0EE600A80ED061A80ED090A7047D7
:105F20002DE9F04104002DED048BB0EE609AF0EE07
:105F3000408A22D094F83C0028B394ED0A0AF0EE8F
:105F4000490AFFF765FED4ED030A2A4D9FED2A8A20
:105F500020EE800AF0EE480A85ED000AB0EE680AED
:105F600001F088F910EE100A244E254FB04284ED5E
:105F7000080A0BDB30EE480A0EE09FED220ABDEC6A
:105F8000048BBDE8F08194ED090AF8E710EE100AE1
:105F9000B84203D930EE080A84ED080AF0EE480A48
:105FA000B0EE490A01F066F910EE100A84ED070A16
:105FB000B04202DB30EE480A05E010EE100AB842AB
:105FC00003D930EE080A84ED070AF0EE400A94ED9A
:105FD000080AFFF71DFE84ED040AD4ED070A2046E7
:105FE000C4ED0A0AD5ED000ABDEC048BBDE8F04112
:105FF000FFF74EBFF80000240000B4430000344314
:10600000000034C300000000010000B50ED081ED97
:106010000C2AC1ED0B2A81ED0E3AC1ED0D3A81EC4F
:10602000040A00F005F8012081F83C0000BD0000E2
:1060300000280FD09FED080A80ED040A80ED050AC4
:1060400080ED060A80ED0A0A80ED070A80ED080A55
:1060500080ED090A7047000000000000DFED083AFB
:10606000C0ED033AC0ED043AC0ED053AC0ED063A82
:10607000C0ED073A80EC030A2030C0EC051A7047E7
:10608000000000002DE9F047454D044689464FF0D9
:10609000000A2868C04380070AD0414E283E306875
:1060A00020F080603060FCF783FF0746B04608E0D0
:1060B0000120BDE8F08700BFFCF77AFFC01B022873
:1060C00067D8D8F800000001F6D4206829684FF49A
:1060D000FE0721F47C313E0241EA00302860207A3C
:1060E000A389B4F804C040022D4D2D495B1E227CCB
:1060F000ACF1010C1035091DA0F5007080B2521EE4
:10610000CCF3080C07EA034340EA0C00184306EA04
:106110000262104328600868626920F0C0001043E2
:1061200008600A68A06922F0200202430A60281D64
:106130000A6822F010020A6002684FF6F873E469F8
:106140009A4342EAC40202600868B9F1000F40F0C5
:1061500010020A6011D00868B9F1010F11D040F4A3
:1061600000100860D8F80000444640F08060C8F88D
:106170000000FCF71DFF05460DE0086840F4002014
:10618000EFE740F48010ECE7FCF712FF401B022819
:1061900001D903208DE720680001F5D5504688E736
:1061A000284402582DE9F047454D044689464FF0F2
:1061B000000A2868C04380070AD0414E283E306854
:1061C00020F080503060FCF7F3FE0746B04608E050
:1061D0000120BDE8F08700BFFCF7EAFEC01B0228E3
:1061E00067D8D8F800008000F6D4208829684FF4DA
:1061F000FE0721F07C713E0241EA00502860207ABF
:10620000A389B4F804C040022D4D2D495B1E227CA9
:10621000ACF1010C1835091DA0F5007080B2521EBA
:10622000CCF3080C07EA034340EA0C00184306EAE3
:106230000262104328600868626920F440601043DD
:1062400008600A68A06922F4007202430A60281DEF
:106250000A6822F480720A6002684FF6F873E469F3
:106260009A4342EAC40202600868B9F1000F40F4A0
:1062700080720A6011D00868B9F1010F11D040F0A6
:1062800080700860D8F80000444640F08050C8F89C
:106290000000FCF78DFE05460DE0086840F4800024
:1062A000EFE740F40000ECE7FCF782FE401B022819
:1062B00001D903208DE720688000F5D5504688E796
:1062C0002844025810EE100A0649884202DB9FED6E
:1062D000060A704710EE100A04498842F9D39FED70
:1062E000040A704700FEFF4600FEFF4600FEFFC6A0
:1062F00000FEFFC60B490C488A8C0280CA8C428083
:106300000A8D82804A8DC2808A8D0281CA8D428127
:106310000A8E82814A8EC2818A8E0282C98E418211
:106320007047000098260024D4270024054C002044
:1063300002F0E0F8A06000F0C1F8012001F0DFFBFE
:10634000F5E70000FC0000244C4930B4B0F801200F
:10635000C2F30A0221F8042B8278C378D20842EAF9
:106360004312C2F30A0221F8022CC278037944795D
:10637000920942EA830242EA8422C2F30A020A80B4
:1063800042798379520842EAC312C2F30A024A8070
:106390008279C379120942EA0312C2F30A028A809F
:1063A000C279037A447AD20942EA430242EA442299
:1063B000C2F30A02CA80427A837A920842EA8312BE
:1063C000C2F30A020A81827AC37A520942EAC302FC
:1063D0004A818289C2F30A028A81427B837BD20886
:1063E00042EA4312C2F30A02CA81827BC37B047C65
:1063F000920942EA830242EA8422C2F30A020A8232
:10640000027C437C520842EAC312C2F30A024A8267
:10641000427C837C120942EA0312C2F30A028A8296
:10642000827CC37C047DD20942EA430242EA4422D0
:10643000C2F30A02CA82027D437D920842EA8312B5
:10644000C2F30A020A83427D837D520942EAC302F3
:106450004A83C27D02F001020A77C27DC2F3400284
:106460004A77C27DC2F380028A77C07DC0F3C00044
:10647000C87730BC0148FEF7ABBD000020280024DF
:106480000C4910B5044608602C210B48FAF7E8F8CF
:10649000094832213438FAF7E3F82068016841F0FE
:1064A00010010160044932222046BDE81040343911
:1064B000FEF7D8BB0C0100242028002410B5114C95
:1064C00094F8240028B9FCF773FDA16A401A052846
:1064D00012D90C49002034390A5C0F2A02D10A185B
:1064E000127E52B1401C80B21928F5D9002084F8E0
:1064F0002400FCF75DFDA06210BD0844FFF724FFF7
:10650000F4E700002028002410B50329044604D035
:106510000020E0802081608110BDDFED080AC4ED1D
:10652000000A01F0FDF9BCEEC00A10EE100AA080CE
:106530004142E1802181618110BD00008FC2F53CA4
:10654000012001F0DCFAFBE7A0F1AD01272901D21F
:1065500001207047A0F2CD31272901D202207047D7
:10656000A0F2ED602728FAD2032070474FF0E02018
:1065700010B5006902F070FD012803D0BDE810409D
:1065800002F08ABA10BD000070B59CB04C2168467C
:10659000FAF766F8202113A8FAF762F80220FCF750
:1065A00029FE1D48016821F4404101600168002571
:1065B00001F440411B9101688904FCD5402402206C
:1065C000009001221E23CDE9032404210D92CDE980
:1065D0000B13CDE909050C261295CDE90E10CDE976
:1065E00010656846FDF762FE08B172B6FEE7082244
:1065F0001A94CDE91624D30113AA3F200321CDE933
:10660000184382E8230013A8FDF712FC002801D0EC
:1066100072B6FEE71CB070BD184802582D48F0B5A0
:106620002D4A016841F470010160106800F00F000C
:10663000072804D2106820F00F00C01D1060274901
:106640000020264C10340B68254D43F001030B60ED
:1066500020600B682B400B60136803F00F03072BBF
:1066600004D9136823F00F03DB1D13601B4C1D4A74
:1066700018341D4B261D371D2060184C1B4D283427
:106680003060261D3860371D23603B1D35601C1DA2
:106690003A60251D2E1D1860331D2260286032606F
:1066A00018600B680D4A0D4C23F48023D4320B6024
:1066B000603420601068C0040BD4136843F2D20029
:1066C0000B4943F4805313600860106820F4805035
:1066D0001060F0BD88ED00E0002000520044025838
:1066E0007FEDF6EA80020101000202020000FF01D4
:1066F000004000520148FEF7F2B8000024120024C6
:106700002DE9F0472C4B4FF0804A2C4D02689842FF
:106710002B4E2C4F2C4C09D0504507D0A84205D009
:10672000B04203D0B84201D0A04205D1D1F804C094
:1067300022F070024CEA0202DFF890C0DFF890808D
:106740009842DFF8909015D0504513D0A84211D050
:10675000B0420FD0B8420DD0A0420BD0604509D056
:10676000404507D0484505D01B4DA84202D01B4DDF
:10677000A84203D1CD6822F440722A438E684D6945
:1067800022F08002C6620E682A439842866207D0D1
:10679000A04205D0604503D0404501D0484501D115
:1067A000096901630368012143F004030360416147
:1067B0000260BDE8F08700000000014000040040D6
:1067C00000080040000C004000040140004001406F
:1067D000004401400048014000E0004000E4004067
:1067E00070B5094C0025206810B101F0D3FF256079
:1067F000064C206810B101F0CDFF25600448054922
:10680000007A487070BD00000C00002410000024C5
:10681000D4270024FC00002410B501F0AFF8FEF7E7
:1068200025FFBDE810400148FFF72ABE18110024DB
:1068300030B5416EB9B101680D4B03F108048A68A7
:106840008968C2F34262490F5D5C615C2D01B5FB52
:10685000F1F1A0F86A10995CA25C0901B1FBF2F1B8
:10686000A0F8681030BD0121A0F86A10F8E7000018
:10687000B098000890F82810090706D50168836BC6
:106880004A6822F400421A434A6090F82810C90767
:1068900006D00168C36A4A6822F400321A434A608B
:1068A00090F82810890706D50168036B4A6822F41E
:1068B00080321A434A6090F82810490706D50168CB
:1068C000436B4A6822F480221A434A6090F82810E9
:1068D000C90606D50168C36B8A6822F480521A4340
:1068E0008A6090F82810890606D50168036C8A68CA
:1068F00022F400521A438A6090F82810490611D5F4
:106900000168436C4A6822F480121A434A60416C61
:10691000B1F5801F06D10168836C4A6822F4C00279
:106920001A434A6090F82810090606D50168C26C1F
:10693000486820F400201043486070472DE9F84370
:1069400000250446C0F89050FCF732FB80462068D2
:1069500020266FF07E470068000713D500224346CB
:1069600031042046009700F03BFB58B1216851E804
:10697000000F20F0800041E80002002AF6D1C4F8A0
:10698000886021E020680068400722D50022434645
:106990004FF480012046009700F022FBC8B1206828
:1069A00050E8001F21F4907140E80012002AF6D14F
:1069B0002068083050E8001F21F0010140E8001273
:1069C000002AF5D1C4F88C60032084F88450BDE817
:1069D000F883C4F88860C4F88C60E56625670020F9
:1069E00084F88450F3E770B5846B00252168D4F8EF
:1069F0008800D4F88C608968090606D5212804D15E
:106A0000A4F85650204600F091F8206880684006AF
:106A100006D5222E04D1A4F85E50204600F05CF882
:106A2000D4F8900040F01000C4F890002046FEF723
:106A300071F870BD10B5C1690022806BB1F5807F1F
:106A40002DD0A0F85E20036853E8001F21F4807168
:106A500043E80014002CF6D10168083151E8003FEA
:106A600023F0010341E80034002CF5D1016808311E
:106A700051E8003F23F0400341E80034002CF5D1F9
:106A80002021C0F88C10C16E012908D1016851E89D
:106A9000003F23F0100341E80034002CF6D10267D8
:106AA000C16E012902D0FEF701F910BDB0F85C10EB
:106AB000FDF7E3FF10BD10B5806B01210167C16ECA
:106AC000012902D0FEF7F3F810BDB0F85C104908B8
:106AD000FDF7D3FF10BD000010B5026852E8001F9B
:106AE00021F4907142E80013002BF6D10E4B02689E
:106AF000083252E8001F194042E80014002CF6D179
:106B0000C16E012908D1026852E8001F21F010016E
:106B100042E80013002BF6D100212022C0F88C207F
:106B2000C166416710BD0000FEFFFFEF026852E83A
:106B3000001F21F0C00142E80013002BF6D10168CC
:106B4000083151E8002F22F4000241E80023002B15
:106B5000F5D12021C0F88810704700002DE9F043DE
:106B600004468068E24E87B0E24B2168D4E90427EE
:106B7000D4F81CC010430A68002547EA0C073843C4
:106B8000324002430A602068E268416821F44051C3
:106B9000114341602268A1699A4201D0206A0143F1
:106BA0009668DFF854C3D54FD54806EA0C060E4365
:106BB00096602168666ACA6A22F00F023243CA628E
:106BC0002268BA420ED1006800F0380018286FD051
:106BD0007ADCB8B308286CD010286BD18BE0282859
:106BE00068D18EE0C7498A4209D1006800F00700E9
:106BF00006285FD2DFE800F0507D7F818385C2499F
:106C00008A4209D1006800F0070006287BD2DFE83D
:106C100000F0437072747678BC498A4209D10068EA
:106C200000F0070006286ED2DFE800F036636567E3
:106C3000696BB7498A420BD1006800F0070006284B
:106C400061D200E043E0DFE800F0275456585A5C78
:106C5000B0498A4206D1006800F0380018284CD0AC
:106C6000B7DD31E0AC498A4209D1006800F0070085
:106C7000062848D2DFE800F0103D3F414345A749D0
:106C80008A420BD1006800F0070006283BD2DFE8FB
:106C900000F0033032343638002035E0A0498A4213
:106CA00009D1006800F03800182826D091DD0BE0EB
:106CB00023E01EE027E09B498A420AD1006800F0E9
:106CC0003800182819D084DD202888D11CE0012044
:106CD0001AE09A4217D18A48001D006800F00700A8
:106CE000062810D2DFE800F0030507090B0D02208B
:106CF0000AE0042008E0082006E0102004E020203C
:106D000002E0402000E080208749DFF820829A429C
:106D1000874A4FF400434FEA21174FF000064ED147
:106D200010281AD006DC022809D004280BD0082825
:106D30007ED10DE020283ED0402879D13DE0FCF7FF
:106D400083FA014610E06846FCF790FA01990BE0DF
:106D500003A8FCF72DFB049906E01068800605D512
:106D60001068C0F3C100C140002970D0606A676834
:106D700038F8102007EB4703B1FBF2F0834257D8F5
:106D8000B0EB073F54D8002308461946F9F772FBC9
:106D900002467808130E120243EA012110183A46FF
:106DA00071410023F9F766FB624AA0F540719142F8
:106DB0003ED821688FE03946D8E71946D6E7D4F89F
:106DC0001CC04FF6EF799C4546D1082819D005DC48
:106DD00058B101280CD0042875D10DE0102815D029
:106DE000202835D040286ED134E0FDF79FF901E02E
:106DF000FDF7AEF9014610E06846FCF737FA019955
:106E00000BE003A8FCF7D4FA049906E010688006AA
:106E100004D51068C0F3C100C140C1B1636A6068A5
:106E200038F81330B1FBF3F1490001EB500100E0F9
:106E300049E0B1FBF0F0A0F11001494543D84FF60D
:106E4000F0732168C0F342021840104343E043E06E
:106E50003946E3E71946E1E7082819D005DC58B1BF
:106E600001280CD004282ED10DE0102815D02028A0
:106E70002BD0402827D12AE0FDF758F901E0FDF793
:106E800067F9014610E06846FCF7F0F901990BE05C
:106E900003A8FCF78DFA049906E01068800604D573
:106EA0001068C0F3C100C140B1B1636A606838F8CE
:106EB0001330B1FBF3F101EB5001B1FBF0F0A0F1A5
:106EC0001001494505D9012506E03946EDE7194687
:106ED000EBE7216880B2C8600120A4F86A00A4F83A
:106EE000680028466667A66707B0BDE8F083000023
:106EF000F369FFCF000C0058FFF4FF1100100140B0
:106F0000544402580044004000480040004C0040F7
:106F1000005000400014014000780040007C004018
:106F200000180140001C01400090D0039898000810
:106F300000440258FFFC0F0070B50446D0F88000F2
:106F400000232225A165A4F85C20C4F89030C4F881
:106F50008C50F0B11F49C163D4F880101E480864FA
:106F6000D4F880101D48C864D4F880000365134627
:106F7000A56D2168D4F880002A462431FAF7FCFF79
:106F800038B11021C4F890102020C4F88C000120E2
:106F900070BD206940B1216851E8000F40F4807055
:106FA00041E80002002AF6D12068083050E8001FAE
:106FB00041F0010140E80012002AF5D120680830B4
:106FC00050E8001F41F0400140E80012002AF5D1CE
:106FD000002070BD356A0008B76A0008E76900083C
:106FE0002DE9F047994617460D460446089E4FF096
:106FF000000833E0701C31D0FBF7DAFFA0EB09008A
:10700000B04218D8BEB120680168490726D5802D46
:1070100024D0402D22D0C169C94309070DD40825C9
:1070200005622046FFF758FDC4F89050012084F80F
:107030008480BDE8F0870320FBE7C069C0430005FA
:107040000CD421684FF4006008622046FFF744FD2D
:107050002021C4F8901084F88480ECE72068C0698F
:1070600035EA000004D00020B842C3D00020E0E799
:107070000120F9E7FEE703B401984100009850EAC7
:10708000C12018BF04204A0D18BF40F0010040F293
:10709000FF72B2EB515F08BF40F00200012808BF49
:1070A000052002B07047090700284FEA116104DB90
:1070B00000F1E02080F80014704700F00F0000F1AC
:1070C000E02080F8141D704710B529499FED261B5C
:1070D0002DED020B84B0059820F000408842D8BF07
:1070E0009DED040B2DDD2349884209D1049840B958
:1070F0004FF00100F9F7E3FA00F0F2FB06B010BD23
:1071000005DB9DED040B30EE000B06B010BD6846AC
:107110009DED040B00F060F910F0030004BF9DED3D
:10712000021B9DED000B0CD001280ED09DED021B23
:107130009DED000B022810D0012000F07DFB06B071
:1071400010BD00F0D1FA06B010BD9DED021B9DED03
:10715000000B012000F070FB01E000F0C5FA06B062
:10716000B1EE400B10BD0000000000000000000068
:10717000FB21E93F0000F07F10B52DED040B86B038
:107180009DED060B10EE101A10EE900A8DED000B1F
:10719000002918BF0121084320F00040C0F17F60A2
:1071A00000F1E040C00F21D19DED080B10EE101A48
:1071B00010EE900A8DED000B002918BF0121084345
:1071C00020F00040C0F17F6000F1E040C00F0DD121
:1071D00027490798B1EB400F04BF069800283ED01E
:1071E0000998400004BF0898002838D09DED080B8E
:1071F00053EC102B9DED060B51EC100B02F02EF909
:10720000CDE902019DED020B40F2FF7110EE900AF4
:107210008DED000B31EA10501DD00798039900F056
:10722000004001F00041884215D09DED080B8DED26
:10723000040B9DED020B8DED000B10EE900A0599ED
:1072400061F31E0005909DED040B9DED021B31EED8
:10725000400B8DED020B9DED020B0AB010BD01201D
:10726000F9F72DFA0AB0BDE8104000F039BB000074
:107270000000E0FF10B52DED028BF0EE408A18EE15
:10728000900AB0EE608A20F00040C0F1FF40C00FCD
:1072900007D118EE100A20F00040C0F1FF40C00FE7
:1072A0002BD018EE101A18EE900A02F0CBF900EE6F
:1072B000100A10EE100A6FEAD05010F0FF0F04BF52
:1072C000BDEC028B10BD18EE900A00F0004110EEEC
:1072D000100A00F00040814204BFBDEC028B10BDDB
:1072E00018EE101A10EE100ABDEC028B61F31E00AE
:1072F00000EE900A30EE600A10BD18EE900A4FF0D2
:107300007F41B1EB400F1CBF18EE100A5FEA40004E
:10731000C7D10120F9F7D3F9BDEC028BBDE81040CD
:1073200000F0F6BA0000000010B529499FED261BB9
:107330002DED020B84B0059820F000408842DCBFA0
:1073400000209DED040B2EDD2249884209D10498CE
:1073500040B94FF00100F9F7B2F900F0C1FA06B0F8
:1073600010BD05DB9DED040B30EE000B06B010BD2B
:1073700068469DED040B00F02FF810F003000DD0CF
:10738000012814D09DED021B9DED000B022816D0A4
:1073900000F0AAF906B0B1EE400B10BD9DED021B46
:1073A0009DED000B012000F047FA06B010BD9DEDE9
:1073B000021B9DED000B00F097F906B010BD0120F7
:1073C00000F03AFAE6E700000000000000000000CC
:1073D000FB21E93F0000F07F2DE9F14F04462DED40
:1073E000020B2DED048B94B09FED9D0B80ED020BF5
:1073F000199E9D4826F0004585420ADC9DED180B3C
:10740000002084ED000B14B0BDEC048B03B0BDE88C
:10741000F08F96489FED969B9FED978BA84225DDB8
:1074200097489FED991B9FED9A2B9DED180B002E11
:107430000DDD30EE490B854212BF30EE480B30EEC9
:10744000410B30EE420B84ED000B0120DBE730EE08
:10745000090B854212BF30EE080B30EE010B30EE07
:10746000020B84ED000B4FF0FF30CCE78A48A842B6
:1074700053DB9DED180B51EC100B00F073FA41EC4F
:10748000100BB0EE401B9FED862B9FED870B290D57
:10749000DFF81CC201EE020B0120FDEEC00B10EE66
:1074A000903A00EE903AB8EEE02BB0EE410B02EECF
:1074B000490B22EE081BFC44032830EE411B84EDEF
:1074C000001B1DD011EE902A00EB4015113DC2F3B8
:1074D0000A528A1A954213DA0CEB0012B0EE403BC6
:1074E00092ED000B401C20EE021B33EE410B33EEFD
:1074F000403B33EE411B92ED023B12EE031BDBE7F8
:10750000002EA8BF1846BFF67EAF94ED000B584280
:10751000B1EE400B84ED000B75E7C6F3130040F4A9
:10752000801EC6F30A50A0F2F530471100F01F0587
:10753000C5F12000DDF860B013900020089009909C
:1075400005200DF1080C5B49002D07EB0002794482
:1075500008BF51F8221009D051F8223001EB820106
:10756000AB404A68139922FA01F11943A1FB0E2698
:10757000A1FB0B131A449A4234BF0123002303EBEF
:1075800006080CEB8003D3E901A60E448E4234BFFB
:107590000121002192448A4411B1924502D903E0AD
:1075A000924501D2012100E00021C3E901A6414436
:1075B0004CF82010011EA0F10100C4DC04989DEDE0
:1075C000050A00F10050810F04989FED3B4B8000AD
:1075D00001EE100ADDED060A9DED072AB8EEC13B6B
:1075E000B8EE401BB8EE600BB8EE422B002021EE47
:1075F000041B9FED334B20EE040B9FED334B22EE2B
:10760000042B30EE024B34EE014B34EE034B8DED88
:10761000004B00909DED004B199834EE433B10F069
:10762000004F33EE411B31EE400B32EE401B9DED1F
:10763000000B9FED272B20EE020B9FED272B01EE79
:10764000020B9DED001B9FED262B01EE020B1CBFD4
:107650004942B1EE400B84ED000B0846D3E6000032
:107660000000000000000000FB21E93F7CD902403F
:1076700000004054FB21F93F3163621A61B4D03DF0
:10768000FB21F93F000000000000601A61B4D03D0A
:107690007370032E8A19A33BFB21394100000000BF
:1076A00083C8C96D305FE43F000000000000E03F88
:1076B00046240000DE230000000000000000103E11
:1076C000000000000000103C000000000000103A24
:1076D0003326A611460B113C182D4454FB21F93DCD
:1076E00000000054FB21F93D10B52DED040B2DEDEC
:1076F000068B82B0B0EE41AB09989FED299B20F03C
:107700000044B4F1795F0FDA9DED080BBDEEC00BBC
:1077100010EE100A002801BFB0EE490B02B0BDEC1C
:10772000068B04B008BF10BD9DED080B1E48062156
:1077300020EE008BB0EE480B784400F045F820EEC8
:10774000080B9DED081B1C48844228EE000B01EE3F
:107750004A0B9FED171B28EE011BBCBF31EE400BFF
:1077600039EE400B16DB1548A042BCBF9FED142B31
:107770008DED002B06DBA4F5001001900020009099
:107780009DED002B31EE421B39EE422B31EE400BCA
:1077900032EE400B02B0BDEC068B04B010BD000011
:1077A000000000000000F03F9421000000000000F5
:1077B000000000000000E03F3333D33F0000E93F0A
:1077C000000000000000D23F491E00EBC102B0EEF5
:1077D000401B92ED000B31F006020DD0491E00EB6C
:1077E000C102B0EE403B92ED002B31F00602B0EE4C
:1077F000420B03EE010BF1D1022914D004290AD067
:10780000062918BF704790ED0A2B00EE012B90ED72
:10781000080B02EE010B90ED062B00EE012B90ED14
:10782000040B02EE010B90ED022B00EE012B90ED0C
:10783000000B02EE010B704731B504462DED040B31
:107840002DED068BB0EE419B07989DED060B20F0C9
:107850000040B0F1795F0DDA51EC100BFFF70BFC33
:10786000042808BF00F048F89DED060BBDEC068B20
:1078700005B030BD20EE008B1348052128EE00AB8B
:10788000B0EE480B7844FFF79FFF9FED111B8CB1C2
:107890009FED112B29EE022B0AEE402B9DED060BDE
:1078A00018EE029B0AEE419B30EE490BBDEC068BB5
:1078B00005B030BD08EE001B9DED060B0AEE010B76
:1078C000BDEC068B05B030BD40210000000000007B
:1078D000495555555555C5BF000000000000E03F13
:1078E0009FED031B81EE010B7047000000000000BC
:1078F00000000000000000009FED030B20EE000BD5
:1079000070470000000000000000000000000010B0
:10791000DFED020A80EEA00A7047000000000000C0
:10792000F5EEC00AF1EE10FA02D89FED0A0A704790
:10793000B7EEE01ADFED0A0A9FED072B20EE200AD2
:1079400021EE021BB7EEC00A80EE012BB7EEC20B90
:10795000FEF7B8BC00000000182D4454FB2119406C
:107960000000704282B0CDE9000121F0004001909A
:107970009DED000B02B051EC100B70470B4800213D
:1079800010B5F9F7EBFC0A480121F9F7E7FC0948C3
:107990000221F9F7E3FC6420FAF73CFC034840219C
:1079A000FAF71CFD002800D0FEE710BD380F0024B8
:1079B000D80F00247810002470B52C48DFED2A0A77
:1079C0002DED028B90ED110A30EE600AB7EEC00A81
:1079D000FEF7F2F8B7EEC00B0220B7EEC00AFEF7D2
:1079E000A1F8B7EEC00B224C84ED050AB7EEC00A31
:1079F000FEF7E2F8B7EEC00B84ED050AFEF730F8AB
:107A00001C4D84ED040A9FED1C8ADFED1C8AB5F93C
:107A10000200B2EE0E2A00EE100AFAEE0E1AB0EED6
:107A2000481AB8EEC00AF0EE680AFEF762F8BDEE3A
:107A3000C00AB2EE0E2AFAEE0E1A10EE100AB0EEDE
:107A4000481A2083B5F90000F0EE680A00EE100A2B
:107A5000B8EEC00AFEF74DF8BDEEC00A10EE100AEF
:107A60006083BDEC028B70BD008086431826002425
:107A7000901F0024D427002400001644000016C4E0
:107A80001FB500240094019402940394FBF740FB7B
:107A900001208DF80C001F218DF8081087228DF829
:107AA00009208DF80D008DF8000068468DF80A4019
:107AB0008DF80E408DF8014001948DF80B408DF843
:107AC0000F40FBF7F7FA0420FBF730FBFBF77EFAD9
:107AD000FEF75AFDFDF70AFCFDF7FEFAFDF712FB73
:107AE000FDF748FBFDF780FBFDF71EFCFEF794FE5B
:107AF00000F014F8FDF7B2FB00F022F8FEE710B535
:107B0000EFF3058111B16FF0050404E04FF00004BC
:107B100008B100F019FE204610BD0000EFF305800B
:107B200010B16FF0050070470449086810B14FF0BC
:107B3000FF30704701220A60002070478400002453
:107B400010B5EFF3058010B16FF0050010BD0848C7
:107B50000168012902D04FF0FF3010BD054A002115
:107B600082F8141D0221016000F09EFE002010BD6D
:107B7000840000240BE000E02DE9FF414FEA0103FF
:107B80004FF00005EFF30581039561BB58B34FF04B
:107B900080064FF018014FF000044AB3176807B190
:107BA0003C4697691FB139467F1E382F02D217799C
:107BB000FF0703D0002004B0BDE8F081576907B18A
:107BC000BE08D2F808C0BCF1000F0DD0D5685C2DFE
:107BD00018D312693AB137B18DE806103246214602
:107BE00001F00FFA03900DE0D7685FB912694AB946
:107BF00003AACDE90012B2B2214601F0D5F901285D
:107C000000D003950398D6E72DE9F041154C0F46B7
:107C100005460020E668216881F85A002068001DAA
:107C200000F054FC681C07D137B12168BDE8F04171
:107C30000D48091D00F0A4BC20683544B5424560DC
:107C4000216805D2A06B091DBDE8F04100F080BCA1
:107C5000606B091D00F07CFCA06A854200D2A56221
:107C6000BDE8F08134000024601700242DE9F041C4
:107C7000054600F091FC2D4C2D4FA068401CA060E3
:107C8000206810B1606930B32BE02560A06801283E
:107C900027D1002606EB860007EB800000F04AFCA7
:107CA000761C382EF6D3234800F044FC21481430CB
:107CB00000F040FC1F48283000F03CFC1D483C30E0
:107CC00000F038FC1B48503000F034FC1948606369
:107CD0001430A06305E0E86A2168C96A814200D8CF
:107CE0002560606A401C60626864E86A21698842B5
:107CF00000D9206100EB8000291D07EB800000F017
:107D00003FFC00F069FC606900280CD02068E96A3B
:107D1000C06A884207D208494FF080500860BFF31C
:107D20004F8FBFF36F8FBDE8F08100003400002457
:107D3000B01200241017002404ED00E038B500F064
:107D40002BFC104C2068C8B90F4800F0F3FB0E481C
:107D5000143000F0EFFB0C490020E1601431216188
:107D6000A1F582730090A1F1B40210210A2000F065
:107D7000A9FE206010B105A100F0B0FCBDE83840BC
:107D800000F02ABC7000002464180024546D725165
:107D90000000000030B4026C0B46002A0BD0D0E982
:107DA00002411144C160A14201D30168C16018467B
:107DB00030BCF8F7D6BB30BC70472DE9F041856B7D
:107DC0001746026C0446002682B1C7B1E068F8F796
:107DD000C8FBE168206C2268091AE160914202D276
:107DE000A168081AE060022F16D017E02068A8B931
:107DF000A06801F0A9F906460020A0600EE06068C6
:107E0000F8F7AFFBD4E90101226C104460608842AE
:107E100004D32068606001E005B16D1E6D1CA56390
:107E20003046BDE8F08110B5044690F8590058B1CD
:107E300001280CD002280FD0502080F31188BFF306
:107E40004F8FBFF36F8FFEE7206B00F0D9FB20460A
:107E5000BDE8104000F0D4BB10BD000011484FF445
:107E6000705110B5420706D00E49C01D20F0070022
:107E7000411AC1F570510C4C002301440839A4F19A
:107E8000180221F00701C4E900030C1A11604B60CD
:107E90000B60C0E9001494604FF0004154605161E0
:107EA00010BD000000000020A0000024144E4FF080
:107EB0008058144CDFF85090A6F29C4712E000BFA7
:107EC00000F06AFBF068C568281D00F0FFFAA068A2
:107ED000401EA0606068401E606000F07DFB284688
:107EE000FFF7A1FF60680028EAD138680128F9D9B6
:107EF000C9F80080BFF34F8FBFF36F8FF2E7000028
:107F00004C1700243400002404ED00E070B51D4639
:107F1000049C51B1C4F80020C4E90F01012120469E
:107F200000F004FE84F84C5070BD2460F4E72DE9A5
:107F3000F05F88469A4691001546DDE90B940A9E4B
:107F4000A5228346206BF8F783FB206B6FF00301BB
:107F500001EB8501084420F00707780707D050207F
:107F600080F31188BFF34F8FBFF36F8FFEE7B8F137
:107F7000000F4FF000050ED00020221818F8001056
:107F800082F8341018F8001011B1401C1028F4D3F6
:107F900084F8435001E084F83450382E00D337265B
:107FA000E662201DC4E9136500F0CFFA04F1180061
:107FB00000F0CBFA6565C6F13800A06184F858502E
:107FC000524684F85A50594624613846646200F09B
:107FD00065FAB9F1000F206001D0C9F80040BDE892
:107FE000F09F000030B5114900E011460A68824256
:107FF000FBD34B685C18844203D144680846234491
:108000004B6043681D18954209D1084C183C246800
:10801000A24209D052681A4442600A68126802609B
:10802000814200D0086030BD0460F9E7A000002460
:1080300070B50D4D914241604FF00004006106D8CB
:108040008169D21A8A4206D2011D286907E09A4244
:1080500003D2994201D3012403E0011DE86800F036
:1080600077FA204670BD00007000002410B5044669
:1080700000F092FAA06B28B15FF0000400F0ACFAB7
:10808000204610BD0124F9E730B53C4D89B06BE0C6
:108090000498002806DA059ADDE90601904704985D
:1080A000002861DB069C606910B1201D00F00EFA0B
:1080B00003A800F0D5F8024604980A2854D2DFE855
:1080C00000F00505052D304705052D3094F82800F2
:1080D00040F0010084F82800A06905990B4601448E
:1080E0002046FFF7A5FF50B3216A2046884794F841
:1080F0002800400738D50020009005980023A1698A
:1081000042181946204601F027F9C0B9502080F3E3
:108110001188BFF34F8FBFF36F8FFEE794F82800ED
:108120001EE094F8280040F0010084F8280005982B
:10813000A06128B1811813462046FFF779FF13E0AC
:10814000502080F31188BFF34F8FBFF36F8FFEE78E
:1081500094F82800810703D4204600F051FA03E088
:1081600020F0010084F828002868002204A900F00B
:1081700037FE00288CD109B030BD0000700000240B
:108180002DE9FC410F46054600F0D2FB01A800F0A6
:1081900067F80446019818B101F04CF8BDE8FC817D
:1081A000254EAFB130690068D0B300273068291B75
:1081B0003A4600F0A7FA01F03DF80028EED11F4939
:1081C0004FF080500860BFF34F8FBFF36F8FE5E72C
:1081D000A542EBD801F02EF8F0682746C068C468C5
:1081E000201D00F073F994F82800410719D5A06903
:1081F0002B463A4641192046FFF71AFFA8B1002046
:108200002A46034601460090204601F0A5F860B9D1
:10821000502080F31188BFF34F8FBFF36F8FFEE7BD
:1082200007E020F0010084F82800216A20468847F2
:10823000B4E70127BAE700007000002404ED00E075
:108240000648416B096829B1416BC968C96849682A
:10825000816270474FF0FF31FAE7000034000024DC
:1082600070B5054600F006FF064E0446B06884422D
:1082700003D200F009F8012000E000202860204629
:10828000B46070BD70000024F8B5194D20E0C068DE
:10829000C4680668201D00F019F9216A2046884745
:1082A00094F82800400713D5A0693044B04206D99D
:1082B0002461211D6060E86800F04AF908E00020B0
:1082C0003246034601460090204601F045F838B199
:1082D000E86801680029DAD12969C5E90310F8BD09
:1082E000502080F31188BFF34F8FBFF36F8FFEE7ED
:1082F00070000024002101E0401C491C0278A52ADE
:10830000FAD0C1F38F00704708484068401C4FF016
:10831000500080F3118804D0BFF34F8FBFF36F8FED
:10832000FEE7BFF34F8FBFF36F8FFEE7A800002477
:10833000074CE068016841B1C0680021D0F8000036
:10834000FFF71EFFFFF7A0FEF3E701210020F7E78C
:10835000700000242DE9F041044600F01DF994F965
:10836000455004F1240609E0606A48B1304600F047
:1083700029FF08B100F05EFA6D1E6DB2002DF3DC2E
:108380004FF0FF3684F8456000F026F900F004F95C
:1083900094F9445004F1100709E0206948B13846C7
:1083A00000F010FF08B100F045FA6D1E6DB2002D0F
:1083B000F3DC84F84460BDE8F04100F00DB9000042
:1083C0002DE9F0410027044600F0B2FA324E306841
:1083D00008B9FFF743FD706904424ED1C4B30834B5
:1083E00060070ED004F00700C0F1080004446007E5
:1083F00007D0502080F31188BFF34F8FBFF36F8FEA
:10840000FEE72CB37068844237D823481830014601
:108410000D6801E028460D466968A14202D229682C
:108420000029F7D131688D4227D00768296801609B
:1084300008376868011B10290FD92819420708D08E
:10844000502080F31188BFF34F8FBFF36F8FFEE78B
:1084500013E041606C60FFF7C5FD69687068401A01
:108460007060B268904200D2B0600020726911431F
:10847000C5E90001F068401CF06000F0DBFE780701
:1084800007D0502080F31188BFF34F8FBFF36F8F59
:10849000FEE73846BDE8F0818800002470B5041F6F
:1084A000094E231F4FF0807521F0010125601C1F2C
:1084B0001960A0F120010B1F266044380A606FF09C
:1084C00002051D6070BD000009830008D0E901327B
:1084D00001699A60D0E901235A604A68824201D159
:1084E00082684A60002202610868401E08600868CD
:1084F0007047000008B902480068006BFFF7FABE39
:108500003400002410B5044C8023046004F15C00A6
:108510000860136010BD00008C18002410B5044CD6
:108520004FF48073046004F15C000860136010BDB8
:10853000E81A00244FF0FF3300F108010022C0E9DF
:1085400001130260C1600161704700210161704741
:1085500030B50B685A1C02D000F1080202E0026933
:1085600004E02246546825689D42FAD953684B605E
:1085700099608A60516008610168491C016030BDE2
:1085800042684A6093688B609368596091600861A3
:108590000168491C01607047502080F31188BFF3C7
:1085A0004F8FBFF36F8F0A494868401C486001280D
:1085B0000CD10848006810F0FF0F07D0502080F35E
:1085C0001188BFF34F8FBFF36F8FFEE77047000036
:1085D000A800002404ED00E00849486828B1401EC6
:1085E000486001D180F311887047502080F31188D2
:1085F000BFF34F8FBFF36F8FFEE70000A80000248A
:1086000070B500282AD0164DA0F108046168686989
:10861000014207D1502080F31188BFF34F8FBFF381
:108620006F8FFEE722683AB1502080F31188BFF3C4
:108630004F8FBFF36F8FFEE78143616000F078F9E1
:1086400060686968084468602046FFF7CBFC2869C9
:10865000401C2861BDE8704000F0ECBD70BD00001A
:10866000880000244FF0E020002101614FF47A726D
:108670008161072303490968B1FBF2F1491E416199
:10868000036170472C00002410B5F7F7CBFE1149A9
:1086900010280ED300F1E0200A7890F8F003904201
:1086A00007D2502080F31188BFF34F8FBFF36F8F35
:1086B000FEE709488968006800F4E060884207D94D
:1086C000502080F31188BFF34F8FBFF36F8FFEE709
:1086D00010BD0000A80000240CED00E0084B5FF086
:1086E000000210B553F832401CB1521C082AF9D3CD
:1086F00010BD03EBC20443F83210606010BD0000EF
:108700007012002470B515460E460446FFF744FF6C
:1087100094F944100020491C01D184F8440094F9D4
:108720004510491C01D184F84500FFF755FFA06BA7
:1087300028B904F124002A46314600F099F8204671
:10874000BDE87040FFF706BE020010B514D00F4818
:10875000006B38B1502080F31188BFF34F8FBFF307
:108760006F8FFEE700F0E4F800211046FFF74CFAA7
:1087700000F060FD002807D105494FF080500860E7
:10878000BFF34F8FBFF36F8F10BD00003400002484
:1087900004ED00E070B50546FFF7FEFE1E4C05B97E
:1087A0002568281DFFF792FEA86A18B105F1180088
:1087B000FFF78CFE606A401C60622068854207D12A
:1087C0001648291DFFF7DCFE6068401C606007E06A
:1087D000A068401EA0602846FFF725FBFFF730FD8C
:1087E000FFF7FAFE6069002814D02068854211D195
:1087F000206B38B1502080F31188BFF34F8FBFF347
:108800006F8FFEE706494FF080500860BFF34F8F2F
:10881000BFF36F8F70BD0000340000244C1700249C
:1088200004ED00E002490A6A0260C96841607047CD
:108830003400002401490120C8617047340000243D
:1088400010B50C4650B1094909681831FFF780FE90
:108850002046BDE810400121FFF7D6B9502080F333
:108860001188BFF34F8FBFF36F8FFEE734000024F2
:1088700070B514460D4668B10A4909681831FFF70A
:108880007FFE0CB14FF0FF3521462846BDE8704011
:10889000FFF7BAB9502080F31188BFF34F8FBFF3B1
:1088A0006F8FFEE73400002430B587B0002405AA9E
:1088B00004A9039403A80494FFF724FEDDE903014F
:1088C00000940023CDE90110174815A1059A00F086
:1088D00098FB164D0028E8621FD000F00DFD01281E
:1088E00009D0401C19D1502080F31188BFF34F8F5D
:1088F000BFF36F8FFEE7502080F31188BFF34F8FD7
:10890000BFF36F8F01214FF0FF30A8626961EC6007
:1089100007B0BDE8304000F045B807B030BD0000FA
:1089200049444C4500000000AD7E0008340000249E
:108930000248016B491C01637047000034000024A9
:10894000164810B5016B11B10121C16110BD0021A4
:10895000C161134A016901E0B9B1491E01EB81030C
:1089600052F82330002BF7D001EB810302EB830296
:1089700002F1080453685B685360A34201D15B684D
:108980005360DA680260016110BD502080F31188E5
:10899000BFF34F8FBFF36F8FFEE70000340000245A
:1089A000B012002437481CB5374902688A4207D103
:1089B000502080F31188BFF34F8FBFF36F8FFEE716
:1089C00031490068491E884207D1502080F3118840
:1089D000BFF34F8FBFF36F8FFEE72C49FF200A785C
:1089E0000192087008788DF800009DF800209DF82D
:1089F000000002F0F002824207D0502080F311887C
:108A0000BFF34F8FBFF36F8FFEE79DF80020072065
:108A10001F4C02F050022270A06005E09DF800207B
:108A200052008DF80020401E9DF800201206F5D45B
:108A30000328A06007D0502080F31188BFF34F8F28
:108A4000BFF36F8FFEE74FF44070A060019808708D
:108A50000C482030016841F470010160016841F068
:108A600070410160FFF7FEFD00206060F7F7A2FC97
:108A70000848016841F040410160F7F787FC002099
:108A80001CBD000000ED00E071C20F4100E400E0F9
:108A9000A800002434EF00E0502010B580F31188C6
:108AA000BFF34F8FBFF36F8F00F0EAFA18B104499C
:108AB0004FF080500860002080F3118810BD000046
:108AC00004ED00E0F8B5069D18B153B1CAB181B10B
:108AD00020E0502080F31188BFF34F8FBFF36F8FDA
:108AE000FEE7502080F31188BFF34F8FBFF36F8FE5
:108AF000FEE7502080F31188BFF34F8FBFF36F8FD5
:108B0000FEE739B1502080F31188BFF34F8FBFF3D8
:108B10006F8FFEE750241C46012683F846600093C1
:108B20002B46FFF7F3F92046F8BD00002DE9F0478A
:108B300004008A4629D0FFF72FFD21680025D4E9DB
:108B40000F23D4F840C004F1100810460E46401E12
:108B50004FF0FF3902FB031200FB0C10BAF1000FBB
:108B6000A563666084F8449084F84590C4E90220C7
:108B700013D04046FFF7DEFC04F12400FFF7DAFCD7
:108B8000FFF72AFD0120BDE8F087502080F311880F
:108B9000BFF34F8FBFF36F8FFEE720690028EFD040
:108BA000404600F00FFB0028EAD004494FF0805007
:108BB0000860BFF34F8FBFF36F8FE1E704ED00E074
:108BC0002DE9FF4704001D4682B08A464FF0000899
:108BD00003D0BAF1000F08D011E0502080F31188C3
:108BE000BFF34F8FBFF36F8FFEE7206C38B150207B
:108BF00080F31188BFF34F8FBFF36F8FFEE7022D15
:108C00000AD1E06B012807D0502080F31188BFF310
:108C10004F8FBFF36F8FFEE700F01EFA3F4F4FF00C
:108C200080564FF0000948B9049838B1502080F3BD
:108C30001188BFF34F8FBFF36F8FFEE7FFF7ACFCD8
:108C4000A06BE16B884207D3022D05D00498D0B108
:108C5000B8F1000F1AD01EE02A4651462046FFF711
:108C6000ACF8616A19B104F1240000F0ABFA20B14C
:108C70003E60BFF34F8FBFF36F8FFFF7ADFC012056
:108C800006B0BDE8F087FFF7A7FC22E06846FFF7D3
:108C9000C9FD4FF00108FFF79FFCFFF749FEFFF702
:108CA0007BFC94F94400401C01D184F8449094F971
:108CB0004500401C01D184F84590FFF78DFC04A9C4
:108CC000684600F02BF930B12046FFF743FB00F077
:108CD000B1FA0020D4E7FFF75FFCA06BE16B88429C
:108CE00013D1FFF779FC049904F11000FFF7A8FDF8
:108CF0002046FFF72FFB00F09DFA00289ED13E6032
:108D0000BFF34F8FBFF36F8F98E7FFF765FC2046E7
:108D1000FFF720FB00F08EFA90E7000004ED00E082
:108D20002DE9F04704001F469046894603D0B9F16B
:108D3000000F08D011E0502080F31188BFF34F8F4F
:108D4000BFF36F8FFEE7206C38B1502080F311889D
:108D5000BFF34F8FBFF36F8FFEE7022F0AD1E06B97
:108D6000012807D0502080F31188BFF34F8FBFF345
:108D70006F8FFEE7FFF788FC5020EFF3118680F33A
:108D80001188BFF34F8FBFF36F8FA06BE16B8842E9
:108D900006D3022F04D0002086F31188BDE8F087A7
:108DA00094F94550A06B3A4649462046FFF705F82E
:108DB000681C04D06D1C84F845500120ECE7606A03
:108DC0000028FAD004F1240000F0FCF90028F4D0C7
:108DD000B8F1000FF1D00121C8F80010EDE7000054
:108DE0002DE9F74704008A4683B04FF0000603D010
:108DF000BAF1000F08D011E0502080F31188BFF3C2
:108E00004F8FBFF36F8FFEE7206C38B1502080F397
:108E10001188BFF34F8FBFF36F8FFEE700F01CF98F
:108E2000DFF8F4804FF080574FF0000948B90598FB
:108E300038B1502080F31188BFF34F8FBFF36F8F8D
:108E4000FEE7FFF7A9FBA56BC5B151462046FEF72B
:108E5000A1FF6D1EA563206950B104F1100000F060
:108E6000B1F928B1C8F80070BFF34F8FBFF36F8F0F
:108E7000FFF7B2FB012006B0BDE8F087059808B106
:108E80001EB106E0FFF7A8FB27E06846FFF7CAFC23
:108E90000126FFF7A1FBFFF74BFDFFF77DFB94F9E0
:108EA0004400401C01D184F8449094F94500401CD2
:108EB00001D184F84590FFF78FFB05A9684600F0C3
:108EC0002DF8002820460AD0FFF744FA00F0B2F946
:108ED0002046FFF7CBF80028B3D00020CBE7FFF700
:108EE000C5F890B1059904F12400FFF7A9FC2046CC
:108EF000FFF730FA00F09EF90028A2D1C8F8007000
:108F0000BFF34F8FBFF36F8F9BE72046FFF722FA27
:108F100000F090F995E7000004ED00E02DE9F04144
:108F200004000D4610D0BDB1FFF736FB1D4B0026E7
:108F3000DA6818686768D11B90F85A00A0B1186801
:108F4000012480F85A6028E0502080F31188BFF394
:108F50004F8FBFF36F8FFEE7502080F31188BFF370
:108F60004F8FBFF36F8FFEE72868B0F1FF3F08D047
:108F7000D4F800C01B6A9C4505D0974203D8012451
:108F80000BE0002409E0884205D9401A28602046F9
:108F9000FFF748FCF5E701242E60FFF71DFB204694
:108FA000BDE8F081340000242DE9FF5F99461646A4
:108FB0008A4683469000DDE90E87FFF701FA050037
:108FC0001CD05C20FFF7FCF9040014D000202563BE
:108FD00084F859004B46CDE90087CDE9024032467E
:108FE00051465846FEF7A3FF2046FEF73FFE0120FC
:108FF00004B0BDE8F09F2846FFF702FB4FF0FF30BA
:10900000F6E7F0B585B0DDE90B740A9DA7B1DCB1D8
:109010005C262763022684F85960002703970DF128
:10902000100C0095CDE901C4FEF781FF2046FEF744
:109030001DFE049805B0F0BD502080F31188BFF3E9
:109040004F8FBFF36F8FFEE7502080F31188BFF37F
:109050004F8FBFF36F8FFEE70548416919B1006B71
:1090600018B10020704701207047022070470000AF
:10907000340000240148C068704700003400002418
:109080002DE9F0412E4C206B002728B1A069401C2F
:10909000A0613846BDE8F081E668761CE66013D131
:1090A000606B006838B1502080F31188BFF34F8F98
:1090B000BFF36F8FFEE7606BA16B6163A063206AF3
:1090C000401C2062FFF7BCF8DFF87880A06A864277
:1090D00009D3606B0068A0B1606BC068C568686840
:1090E000864211D2A0622068C06A00EB800158F865
:1090F0002100012800D90127E0690028C9D00127F3
:10910000C7E74FF0FF30EDE7281DFFF7DFF9A86A4A
:1091100018B105F11800FFF7D9F9E86A216988420A
:1091200000D9206100EB800108EB8100291DFFF7C9
:1091300027FA2068E96AC06A8142CAD30127C8E7D2
:1091400034000024B012002470B504464FF0000132
:1091500090B31A4D2868844207D0502080F31188BC
:10916000BFF34F8FBFF36F8FFEE7206D38B1E36C15
:10917000401EE26A20659A421ED040B11CE0502099
:1091800080F31188BFF34F8FBFF36F8FFEE7201D71
:10919000FFF79CF9E06CC0F13801A161E062296938
:1091A000884200D9286100EB8000054901EB80006E
:1091B000211DFFF7E5F90121084670BD34000024A8
:1091C000B012002470B5C068C46854B104F118002E
:1091D0000646FFF77BF9144D286B50B11348314612
:1091E00015E0502080F31188BFF34F8FBFF36F8FCE
:1091F000FEE7201DFFF76AF9E06A2969884200D975
:10920000286100EB80000A4901EB8000211DFFF777
:10921000B7F9E06A2968C96A884203D90121E9617E
:10922000084670BD002070BD3400002438170024AB
:10923000B01200242DE9F0472C4D286B002427465E
:1092400038B1FFF7A9F9286B401E2863286B40B19D
:1092500047E0502080F31188BFF34F8FBFF36F8F2B
:10926000FEE7234E0120A968D9B3A6F5916980468F
:109270003068E0B1F068C46804F11800FFF726F91F
:10928000201DFFF723F9E06A2969884200D9286187
:1092900000EB800109EB8100211DFFF771F9E06A05
:1092A0002968C96A8842E3D3C5F81C80E0E70CB19D
:1092B000FEF7C6FFAC694CB14FEA0806FFF7E0FEC7
:1092C00000B1EE61641EF9D10020A861E86940B1E7
:1092D000084901274FF080500860BFF34F8FBFF35C
:1092E0006F8FFFF779F93846BDE8F0873400002426
:1092F0003817002404ED00E010B586B0FEF71EFD1F
:10930000114C2068B8B10020039005AA049004A96C
:1093100003A8FFF703F9DDE90321022000238DE80C
:1093200007000C4809A1059AFFF76BFE606010B1B9
:1093300006B0012010BD502080F31188BFF34F8F7D
:10934000BFF36F8FFEE7000070000024546D7220A1
:1093500053766300318300082DE9FF411E46134612
:1093600002004FF000000A9D16D0144C2768002F11
:109370000FD006290292CDE9001317DAFFF76CFE31
:1093800002284FF000030FD0002220686946FFF743
:1093900017FC04B0BDE8F081502080F31188BFF3C2
:1093A0004F8FBFF36F8FFEE72A46EEE7002332466A
:1093B00069463846FFF7B4FCEBE700007000002474
:1093C0000EF1020E2EF0030E5EF8046B364205D449
:1093D000012A43EB030515F5001F12D8012841EBC4
:1093E000010C1CF5001F0CD80ED14FEAD17C15F5ED
:1093F000001F0CEB4C0C0CF1020C08BF4CEBD37CA7
:1094000004E04FF0080C01E04FEAD37C0CEB4C0574
:1094100026FA05F606F00706B6F1040C06D20EEBA6
:10942000860CBDE870404CF0010C6047DFE80CF0A2
:10943000090B02024FF000414FF00000A1F500219E
:1094400070BD19461046012851EB010418BFD4F530
:10945000001484BF002001F0004170BDDFF844C15A
:1094600070B53CEA111418BF3CEA131500F08F8068
:1094700011F1004F1CEA13150CEA111468BF45F0F6
:10948000050518BF11EA0C1F00F079802E4621EA6D
:109490004C1123EA4C1341F4801143F48013A5F5D9
:1094A0008035AC423DDD801A9941A4F5803609D55E
:1094B0004042C1F1000134BFB1F10101B1F100013D
:1094C00085F0010511F4F01F08D011F4801FE8D1D8
:1094D000400041EB0101A4F58034F6E721F00041A2
:1094E000B1FA81F6202E04BFB0FA80FE0EF12006FC
:1094F000A6F10B06B6F1200EA4EB06440CD2C6F181
:10950000200E01FA06F120FA0EF641EA0601CEF12C
:10951000200600FA06F003E000FA0EF14FF000001A
:10952000BFE750EA410E23D04FEA244EBEEB254F51
:109530000FDB994208BF904204D00AD3520043EB9C
:109540000303B0E74FEA1646B6EB144F08BF85F0A9
:109550000105B4F5803401EB041181EAC57100DB2B
:1095600070BD01F1C0414FF0000001F0004170BD3D
:109570004FEA45714FF0000001F0004170BD1CEA58
:10958000131F09D04FF0000001F0004170BDFFF73C
:1095900017FF00BFEDFFFF3EBDE870404FF0000039
:1095A000014970470000FF070000F87F0EF1020E2E
:1095B0002EF0030E5EF8044B244204D44FEA41021D
:1095C000B2F17F4F11D84FEA4003B3F17F4F0CD86F
:1095D0000ED14FEAD07CB2F17F4F0CEB4C0C0CF16A
:1095E000020C08BF4CEBD17C04E04FF0080C01E00A
:1095F0004FEAD17C0CEB4C0324FA03F404F007048B
:10960000B4F1040C06D20EEB840CBDE810404CF013
:10961000010C6047DFE80CF0070802024FF0004041
:10962000A0F5800010BD0846420018BFD2F180723C
:1096300088BF00F0004010BD4FF04070E1EE100A0E
:10964000704700004FF07F4C3CEA410318BF3CEAF2
:10965000400200F062804FF47F0C10F0004F0CEAE3
:10966000D11318BF43F005031CEAD01218BF13EA48
:109670000C0F00F057804FF0004C4CEA00204CEAF1
:109680000121A3F580339A4210DDB0F1004F23F0A1
:10969000020306D3401A43F00203BCBF404283F0EA
:1096A00001034FEA4000A2F58032ECE74FEA224C7A
:1096B000BCEB234F08DB884206D31CD0A0EB410053
:1096C000C0F1000083F0010340001DD217D40DD07B
:1096D000B0FA80FC0CF1010C00FA0CF0A2EB0C4289
:1096E000D2F1000C12DB4FEAC37070474FEA4370AF
:1096F00000F00040704713F0020FE5D0DEE7B2F54E
:1097000080324FEA4000EBDD002AE9DD4FEAC21269
:1097100042EA502040EAC370704710B5FFF746FF99
:10972000EDFFFF3E1CEAD11F02D000F00040704761
:10973000004870470000C07F009A00080000000049
:109740000000000000000000000000000002000017
:10975000180000000000000000000000309A00081F
:1097600000000000100300245C0000001001002431
:10977000000200000F0000000000000000000000D8
:10978000189A0008000000006C0500245C0000002E
:109790006C030024000200000F0000000000000025
:1097A000000000000C9A000800000000C807002418
:1097B0005C000000C8050024000200002F0000002B
:1097C0000000000000000000F09900080000000008
:1097D000240A00245C000000240800240002000089
:1097E0002F0000000000000000000000249A000884
:1097F00000000000800C00245C000000800A0024AF
:10980000000200002F000000000000000000000027
:109810003C9A000800000000DC0E00245C00000000
:10982000DC0C0024000200003000000000000000FA
:10983000000000000001020304050607080C1014D4
:109840001820304000000000000000000000000070
:109850000000000000000000010000000200000005
:1098600003000000040000000000000005000000EC
:1098700000000000000000000000000006000000E2
:1098800000000000000000000000000007000000D1
:109890000006101600061016010002000400060063
:1098A00008000A000C0010002000400080000001A9
:1098B000010101030701000008040204080101017D
:1098C0000000000001020304010203040607080966
:1098D0004C5555555555A53F7751C1166CC156BFCE
:1098E0009015CB19A001FA3EAD529C804F7E92BEDE
:1098F000C4B1B4BD9EEE213ED43888BEE9FAA8BDFD
:1099000000004054FB21F93F3163621A61B4D03D3D
:109910000000601A61B4D03D7370032E8A19A33B16
:109920000000002E8A19A33BC14920259A837B3968
:1099300000000000000000006E83F9A22915444ECB
:10994000D15727FCC0DD34F5999562DB4190433C4B
:10995000AB6351FE61C5BBDE3A6E24B7E0D24D4227
:10996000EA2E49061C92D1091CEB1DFE3EA729B127
:10997000F53582E88444BB2E26709CE9417E5FB4B5
:1099800039D69139F43953838B5F849C3B28F9BDD8
:10999000FF97F81F0F9805DE8B112FEF1F6D0A5AE6
:1099A000CF7E366DB709CB27663F464F2DEA5F9EC7
:1099B000C7BA27757BF1E5EBF739073DEA92528A82
:1099C000B15FFB6B085D8D1FA6F810111111813F6F
:1099D000D561C119A0012ABF7DFEB157E31DC73E65
:1099E000EB9C2B8AE6E55ABE7CD5CF5A3AD9E53DA9
:1099F0004845524F53686F6F74696E6700000000EE
:109A000064656661756C745461736B004845524FB0
:109A100047696D62616C00004845524F4469616C52
:109A200000000000484F54524343746C0000000093
:109A30004845524F436861737369730053425553ED
:109A400050726F6365737300789A000800000024F9
:109A50001001000008030008789A000800000020A8
:109A6000003C000024030008889B0008100100242B
:109A7000A02D0000240300080000000000000000EA
:109A800000000000000000000000000000000000D6
:109A900000000000000000000100000010000000B5
:109AA000000000000090D0030090D00300000000F0
:109AB00000000000000000000000000000000000A6
:109AC0000000000000000000000000000000000096
:109AD0000000000000000000000000000000000086
:109AE0000000000000000000000000000000000076
:109AF0000000000000000000000000000000000066
:109B00000000000000000000000000000000000055
:109B10000000000000000000000000000000000045
:109B200000000000AAAAAAAA00000000C8000000C5
:109B30000000000000000000000000000000000025
:109B40000000000000000000000080BF00000000D6
:109B50000000000001000000000000000100000003
:109B600000000000000000000000000000000000F5
:109B700000000000000000000000000000000000E5
:089B80000000000000000000DD
:04000005080002CD20
:00000001FF
