:020000040800F2
:10000000108700202903000865580008394A0008B5
:100010000D570008B10F0008C98300080000000058
:10002000000000000000000000000000690200085D
:100030001516000800000000C5020008057B000836
:100040004303000843030008430300084303000878
:1000500043030008430300081F1800084303000877
:1000600043030008251800082B1800084303000864
:10007000711200084303000843030008430300080B
:100080004303000843030008430300084303000838
:10009000B50F0008C10F000843030008311800081D
:1000A0004303000843030008430300084303000818
:1000B000C57B00084303000843030008430300080E
:1000C00043030008430300084303000843030008F8
:1000D000430300089583000843030008A983000830
:1000E00043030008430300084303000843030008D8
:1000F00043030008430300084303000843030008C8
:1001000043030008430300084303000843030008B7
:1001100043030008430300084303000843030008A7
:10012000430300087D1200088912000843030008F9
:100130004303000843030008430300084303000887
:10014000CD0F0008D90F000843030008430300083F
:100150004D1500085915000865150008BD830008F5
:100160004303000843030008430300084303000857
:100170004303000843030008430300080000000095
:10018000430300084303000800F002F800F05CF8A5
:100190000AA090E8000C82448344AAF10107DA45E2
:1001A00001D100F051F8AFF2090EBAE80F0013F0D8
:1001B000010F18BFFB1A43F001031847B0D300002A
:1001C000D0D300000A444FF0000C10F8013B13F0AC
:1001D000070408BF10F8014B1D1108BF10F8015BA0
:1001E000641E05D010F8016B641E01F8016BF9D193
:1001F00013F0080F1EBF10F8014BAD1C0C1B09D1EA
:100200006D1E58BF01F801CBFAD505E014F8016B5B
:1002100001F8016B6D1EF9D59142D6D370470000ED
:100220000023002400250026103A28BF78C1FBD8FF
:10023000520728BF30C148BF0B6070471FB50CF094
:100240000AFF1FBD10B510BD00F002FA1146FFF7FE
:10025000F5FF0AF07FFB00F020FA03B4FFF7F2FF8E
:1002600003BC00F023FA00002C4B19680868B0E8C2
:10027000F04F80F30988BFF36F8F4FF0000080F3D9
:10028000118870470000000008480068006880F38B
:1002900008884FF0000080F3148862B661B6BFF39F
:1002A0004F8FBFF36F8F00DF00BF00BF08ED00E08E
:1002B000DFF80C00016841F470010160704700BF75
:1002C00088ED00E0EFF30980BFF36F8F134B1A68DE
:1002D0001EF0100F08BF20ED108A20E9F04F1060CB
:1002E00009B44FF0500080F31188BFF34F8FBFF374
:1002F0006F8F0BF08FFB4FF0000080F3118809BC6B
:1003000019680868B0E8F04F1EF0100F08BFB0EC95
:10031000108A80F30988BFF36F8F70474C0000206C
:10032000EFF30580704700000948804709480047FF
:10033000FEE7FEE7FEE7FEE7FEE7FEE7FEE7FEE795
:10034000FEE7FEE704480549054A064B70470000F2
:10035000B57B00088901000810810020108700206B
:10036000108300201083002053EA020C00F0698003
:100370002DE9F04B4FF00006002B1FBFB3FA83F5B9
:1003800003FA05F424FA05F65E4012BF1643B2FAEA
:1003900082F502FA05F4C5F120051EBF22FA05FC1C
:1003A00044EA0C04203556EA044C4FEA144418BFC2
:1003B000641C4FF000084FF00009904271EB030CF1
:1003C00039D3002919BFB1FA81F701FA07F6B0FA5B
:1003D00080F700FA07F6C7F120071EBF20FA07FCD6
:1003E00046EA0C062037B6FBF4FCA7EB0507103FE6
:1003F00007F01F0BCBF120060CFA0BFB2CFA06F6CC
:1004000044BFB3460026202FA4BF5E464FF0000B2A
:100410005BEA060C08BF4FF0010B19EB0B09ABFBB5
:10042000027C48EB0608C01B06FB02CC0BFB03CC8E
:1004300071EB0C01C1E70B46024641464846BDE858
:10044000F08B13B54FF000004FF00001AFF30080C8
:10045000BDE81C40704710B5431C02E010F8011BBA
:1004600071B18107FAD14FF0013202C88C1A8C4366
:1004700014EAC211F9D0C01A0A0603D0C01E10BD7A
:10048000C01A10BD0A0401D0801E10BD0902FCD0A4
:10049000401E10BD032A40F2308010F0030C00F023
:1004A000158011F8013BBCF1020F624498BF11F8AE
:1004B00001CB00F8013B38BF11F8013BA2F1040267
:1004C00098BF00F801CB38BF00F8013B11F00303DF
:1004D00000F02580083AC0F0088051F8043B083A43
:1004E00051F804CBA0E80810F5E7121D5CBF51F8E5
:1004F000043B40F8043BAFF30080D20724BF11F85F
:10050000013B11F801CB48BF11F8012B24BF00F8C3
:10051000013B00F801CB48BF00F8012B704710B534
:10052000203AC0F00B80B1E81850203AA0E81850EB
:10053000B1E81850A0E81850BFF4F5AF5FEA027CAC
:1005400024BFB1E81850A0E8185044BF18C918C01B
:10055000BDE810405FEA827C24BF51F8043B40F8BC
:10056000043B08BF7047D20728BF31F8023B48BFA1
:1005700011F8012B28BF20F8023B48BF00F8012BDF
:10058000704702F0FF0343EA032242EA024200F00E
:1005900002B84FF000020429C0F0128010F0030CE2
:1005A00000F01B80CCF1040CBCF1020F18BF00F866
:1005B000012BA8BF20F8022BA1EB0C0100F00DB815
:1005C0005FEAC17C24BF00F8012B00F8012B48BF73
:1005D00000F8012B70474FF0000200B51346944617
:1005E0009646203922BFA0E80C50A0E80C50B1F18B
:1005F0002001BFF4F7AF090728BFA0E80C5048BF9F
:100600000CC05DF804EB890028BF40F8042B08BF3C
:10061000704748BF20F8022B11F0804F18BF00F838
:10062000012B704770477047704710B500F008F80D
:10063000006810BD10B5044600F002F8046010BD5B
:1006400000487047B080002000487047B08000200C
:100650007546FFF7F9FFAE4605006946534620F0A0
:100660000700854618B020B5FFF76CFEBDE82040B6
:100670004FF000064FF000074FF000084FF0000B5E
:1006800021F00701AC46ACE8C009ACE8C009ACE811
:10069000C009ACE8C0098D46704710B50446AFF3F9
:1006A00000802046BDE81040FFF7D7BD0149182063
:1006B000ABBEFEE726000200704707F03DBF07F023
:1006C000D1BF10B510EE100A0CF054FC41EC100B29
:1006D00008F0F2F851EC100B0BF024FF00EE100ABA
:1006E00010BDF0EE400AF5EEC00AF1EE10FA02DDA0
:1006F000B0EE600A7047B1EE600AFBE7002803D055
:100700009FED020A80ED000A704700000000000023
:10071000002803D0B3EE060A80ED000A70470000FF
:1007200070B52DED0C8B84B006460C4615469FED3A
:10073000990AF0EE408A9FED970AB0EE409A9FED3D
:10074000950AF0EE40BA9FED930AF0EE409A9FEDC5
:10075000910AB0EE40AA0EB104B11DB904B0BDECCF
:100760000C8B70BD8C48FFF7C9FF8C48FFF7D0FF9A
:100770008A48D0ED000A9FED8A1A60EE810AB0EE39
:10078000600A00F025F9F0EE408A28EEA80AF0EEA3
:10079000408A8248D0ED000AB0EE001A60EE810A6D
:1007A0009FED7F1A60EE810AB0EE600A00F010F94A
:1007B000B0EE409A29EE090AB0EE409ADFED790AD0
:1007C000B7EE000A00EEA80ADFED770A00EEC90ACC
:1007D000DFED760A20EE200A754880ED000A6E48AB
:1007E00090ED000ADFED730A80EE201AB7EE000AE2
:1007F00031EE000A20EE000A6D48D0ED000A80EECE
:10080000801A6D4880ED001A94ED000AB5EEC00A1A
:10081000F1EE10FA0DD194ED010AB5EEC00AF1EE39
:1008200010FA06D194ED020AB5EEC00AF1EE10FA04
:1008300046D09FED580AB0EE408A00200190029009
:100840000390D4ED000A60EEA00A94ED011AD4EDF5
:10085000011A41EE210A94ED021AD4ED021A41EE7A
:10086000210AB0EE600A00F0A9F8B0EE408A94EDDB
:10087000000A20EE080A8DED010A94ED010A20EE2F
:10088000080A8DED020A94ED020A20EE080A8DEDA9
:10089000030ADDED010AF1EE600AB0EE600AFFF72F
:1008A0000CFFF0EE409A9DED031AF0EE410A9DED2B
:1008B000021AB0EE410AFFF702FFB0EE40AA07E0CD
:1008C0009FED340AF0EE409A9FED320AB0EE40AA56
:1008D00095ED000AB5EEC00AF1EE10FA0DD195EDD6
:1008E000010AB5EEC00AF1EE10FA06D195ED020A42
:1008F000B5EEC00AF1EE10FA3CD0B0EE690A00F095
:1009000067F8B0EE408AB0EE690AFFF7DAFEB0EEA3
:1009100040DAB0EE4A0A00F05BF8F0EE40AAB0EE22
:100920004A0AFFF7CEFEB0EE40BA28EE2A0AD5ED0D
:10093000010A20EE200AD5ED000A0DEE200A68EE2D
:100940000B0A95ED021A00EE810AB0EE40CA95ED51
:10095000010A20EE0B0AD5ED020A0AEEE00AF0EEDB
:1009600040CAF0EE6C0AB0EE4C0AFFF7A8FEF0EEBB
:1009700040BA03E09FED070AF0EE40BAB0EE4A1A23
:10098000F0EE690AB0EE6B0A304608F031FF00BFA6
:10099000E4E600000000000004020020080200203D
:1009A00035FA8E3CC1BFAD3B9DF8C5362F7C1C414E
:1009B0000C020020506CC24A1002002010B508F052
:1009C0001FF9B7EE001AC1EE000AB0EE600A10BDC2
:1009D00010B510EE100A0CF0CDFA41EC100B08F037
:1009E000ABF851EC100B0BF09DFD00EE100A10BDA2
:1009F0002DE9F0412DED028B9AB00546B0EE408A0C
:100A00000E4617469846002017901890199014909B
:100A1000159016904DB146B13FB1B8F1000F04D01A
:100A2000B5EEC08AF1EE10FA05D100201AB0BDEC87
:100A3000028BBDE8F08196ED000A8DED170A96ED68
:100A4000010A8DED180A96ED020A8DED190A97ED4F
:100A5000000A8DED140A97ED010A8DED150A97ED48
:100A6000020A8DED160A17AA14A9284608F012FDED
:100A7000402104A8FFF7AFFD0020009001900290F4
:100A80000390002417A904A80AF040FD00BF30E03D
:100A900004A800EB041090ED000AD5ED000A20EE4A
:100AA000200A04A800EB0410D0ED010A95ED011A0C
:100AB00000EE810A04A800EB0410D0ED020A95EDC7
:100AC000021A00EE810A04A800EB0410D0ED030A1C
:100AD00095ED031A00EE810A20EE080AF0EE000AF6
:100AE00080EE201A684600EB840080ED001A601C3E
:100AF000C4B2042CCCDB002410E005EB840090EDA4
:100B0000000A684600EB8400D0ED000A30EE200AAF
:100B100005EB840080ED000A601CC4B2042CECDB01
:100B200028460AF055FC012080E7000000F010F88C
:100B3000064C00BF00F070F800F03CF800200AF00E
:100B400035FD20600A2009F028FFF3E7E0010020CE
:100B50000B4810B50068C16841F01001C160142253
:100B60000849074803F0B8FE064801211C385A22FC
:100B700080F8601000F8302F7E220275417010BDA1
:100B80000C200020887C002000B585B01422084984
:100B90006846FFF7C4FC9DF800005A2805D10448B8
:100BA000142269461438FFF7BAFC05B000BD0000F6
:100BB000887C0020074890F86010002908D00021A8
:100BC00080F8601000F130011822034803F094BE51
:100BD000704700006C7C00200C20002008B50C48F9
:100BE00003F0D2FB0A4800680168C943C9060ED465
:100BF000016840680090064803F08DFBFFF7C4FFD2
:100C0000BDE8084014220349014803F065BE08BD51
:100C10000C200020887C002010B504F02DF9094933
:100C2000086090ED010A81ED0D0A90ED020A81ED58
:100C30000E0A90ED000A40F2E73081ED0F0A0864D9
:100C400010BD00006C7C002001221021014801F041
:100C5000CBBF00000000024000221021014801F03B
:100C6000C3BF00000000024070470000012211468F
:100C7000014801F0B9BF0000000402400022012138
:100C8000014801F0B1BF00000004024030B54378D4
:100C900004781B021BB2234300EE103A194CB8EE45
:100CA000C00AD4ED000A20EE200A81ED000AC378C4
:100CB00085781B021BB22B4300EE103AD4ED000ADC
:100CC000B8EEC00A20EE200A81ED010A43790479CA
:100CD0001B021BB2234300EE103AB8EEC00A20EE0E
:100CE000200ADFED090A81ED020AD0F8060020F0A3
:100CF0007F4000EE100AB8EE400A20EE200A82ED96
:100D0000000A30BDE400002000401C42704709F09A
:100D100044BE09F0C7BB000010B542780378120248
:100D200012B21A4300EE102A124BB8EEC00AD3EDED
:100D3000010A20EE200A81ED000AC27884781202AE
:100D400012B2224300EE102AD3ED010AB8EEC00A17
:100D500020EE200A81ED010A42790079120212B2D6
:100D6000024300EE102AB8EEC00A20EE200A81ED00
:100D7000020A10BDE400002010B5FFF775FFFFF771
:100D8000C5FF08F07FFE08B1802402E008F0E6FD10
:100D9000044609F045F810B144F0400010BD08F0D9
:100DA000D1FF204310BD00002DE9FC410746002083
:100DB00016460D4600900190FFF74EFF922000F07E
:100DC000BDF806226946122000F09AF8FFF73CFFB2
:100DD0009DF801009DF80010000200B2084300EEEB
:100DE000100A464CB8EEC00AD4ED000A20EE200AE4
:100DF00085ED000A9DF803009DF80210000200B284
:100E0000084300EE100AD4ED000AB8EEC00A20EE46
:100E1000200A85ED010A9DF805009DF804100002E6
:100E200000B2084300EE100AB8EEC00A20EE200A15
:100E300085ED020AFFF722FF08226946002000F034
:100E40005FF8FFF713FF9DF800000F2830D19DF8E1
:100E500003009DF80210000200B2084300EE100AE1
:100E6000D4ED010AB8EEC00A20EE200A87ED000A90
:100E70009DF805009DF80410000200B2084300EE42
:100E8000100AD4ED010AB8EEC00A20EE200A87ED60
:100E9000010A9DF807009DF80610000200B2084301
:100EA00000EE100AB8EEC00A20EE200A87ED020A12
:100EB000FFF7D2FEA22000F041F80222694622206C
:100EC00000F01EF8FFF7C0FE9DF800009DF801102D
:100ED000C00040EA5110B0F5806F01DBA0F5006062
:100EE00000EE100AB4EE001AF8EEC00AB3EE070ADC
:100EF00000EE810A86ED000ABDE8FC81E4000020D6
:100F000070B514460D4640F0800000F017F806E07A
:100F1000552000F013F8641E05F8010BE4B2002C14
:100F2000F6D170BD10B50C4640F0800000F006F818
:100F3000552000F003F8207010BD000001B582B00C
:100F40004FF47A700090012301AA02A9024802F02E
:100F500063FD9DF804000EBDAC1E002002784078B1
:100F6000D20042EA5010B0F5806F01DBA0F50060BE
:100F700000EE100AB4EE001AF8EEC00AB3EE070A4B
:100F800000EE810A81ED000A704710B50C46FFF7AC
:100F9000D5FF2046BDE81040FFF7D0BF10B509F0DF
:100FA00041FABDE81040014805F062B85420002025
:100FB000FEE70000014801F054B80000081E0020C0
:100FC000014801F04EB80000081E0020014801F061
:100FD00048B80000301E0020014801F042B800006F
:100FE000301E002010B500214FEA010401EB810200
:100FF00000EB82021369642B02D25B1C136100E0D8
:101000005473491CC9B20829F0D310BDA1F20121C3
:10101000072924D8C9B24B1C01EB810120F82130EB
:10102000002300EB81000121036141731188DFED92
:101030000C0A49BA00EE101A4180B8EE400A20EEC0
:10104000200ADFED080A20EE200A80ED010A51880F
:1010500049BA0181918849BA4181D17901737047B8
:101060000000B4430000003930B587B00546009158
:10107000002108200291CDE9031014468DF81410C8
:10108000284600F0D8FF0028FAD006AB2246694671
:10109000284600F071FE07B030BD30B59288C2F32B
:1010A0000724D5B21A788C420AD1002D08D1272AFC
:1010B00006D1D9786B2903D159789A7811430180E8
:1010C00030BD000008B54FF002084FF0010A0026BD
:1010D0004A4D4B4F09F00CFA044609F011FA017F12
:1010E00001290BD0207E01281FD02E7000200AF08D
:1010F0005DFA3860012009F050FCEBE785F80080CC
:101100008188A1F580616980C188A1F58061A9808D
:101110000188A1F58061E9800188A1F580612981BC
:101120004088A0F580606881E0E785F800A020890C
:10113000012800D12E70B4F90E0002284FD00328E8
:1011400050D06E704FF47A79CDF80090C9F1000B51
:10115000B4F91A20B4F91C10B4F902005B4604F08B
:101160004FFB6880CDF80090B4F91A20B4F91C1038
:10117000B4F900005B4604F043FBA880CDF8009072
:10118000B4F91A20B4F91C10B4F904005B4604F059
:1011900037FBE880CDF80090B4F91A20B4F91C10A0
:1011A000B4F904005B4604F02BFB2881CDF80090D5
:1011B000B4F91A20B4F91C10B4F906005B4604F027
:1011C0001FFB6881A08901280FD02E73A0890328F6
:1011D0000ED06E73608903280DD0EE7386E785F814
:1011E00001A0AFE785F80180ACE785F80CA0EDE73A
:1011F00085F80DA0EEE785F80FA077E7946E002044
:10120000C401002000487047946E002000F01CF8D4
:10121000642009F0C2FB0A4C00F01AF800F013F841
:1012200000F015F800F011F800F00CF800F00EF8DE
:1012300000200AF0BBF92060012009F0AEFBEBE7CB
:10124000E40100207047704770477047704770474F
:10125000704700000448FFF7C5FE0448FFF7C2FED0
:10126000012009F09AFBF5E7A46E0020446F0020EE
:10127000014801F007BA0000A4210020014801F054
:1012800001BA0000042200202DE9F05FA748A84B16
:10129000A84CC06CA64DA74EA54F0068A449DFF826
:1012A0009492DFF88CA2DFF88CB2DFF884E2A14AD6
:1012B000483B603418351836303F09F178090AF197
:1012C000300A4FF4006C0BF1300BAEF1180E88426F
:1012D00023D99749543926E0A84233D14FF020084A
:1012E0000AE0504535D1E04606E000BF4FF4001853
:1012F00002E000BF4FF0006811EA080F7CD08C4973
:10130000884253D9904205D0984203D0A04201D0E0
:10131000A8422FD14FF0200C45E08649A8318842E1
:1013200003D983495839096805E082494831884220
:101330008149F8D949689042D0D09842CED0A04295
:10134000CCD0C9E7B042CED0B842CCD04845CAD004
:10135000C7E75845CAD07045C8D0DFF8D88108F132
:1013600090084045C2D0DFF8C88108F148084045E0
:10137000C0D1BBE7B04216D0B84214D0484512D015
:10138000504510D0584509D0704507D06949903173
:10139000884203D066494831884202D14FF4001C8C
:1013A00001E04FF0006C62484C382AE06149A831F6
:1013B000884229D9904205D0984203D0A04201D05A
:1013C000A84202D14FF0200C19E0B04217D0B84229
:1013D00015D0484513D0504511D0584509D0704517
:1013E00007D054499031884203D05149483188424E
:1013F00003D14FF4001C02E095E04FF0006C4C4824
:101400005038C0F800C052E04A494831884227D9D4
:10141000904205D0984203D0A04201D0A84202D108
:101420004FF0200C18E0B04216D0B84214D0484516
:1014300012D0504510D0584509D0704507D03D49CD
:101440009031884203D03A494831884202D14FF462
:10145000001C01E04FF0006C3748C0F80CC026E0DB
:10146000904205D0984203D0A04201D0A84202D1B8
:101470004FF0200C18E0B04216D0B84214D04845C6
:1014800012D0504510D0584509D0704507D0294991
:101490009031884203D026494831884202D14FF426
:1014A000001C01E04FF0006C2348C0F808C0234C3A
:1014B000207880070CD5207820F00200207020785A
:1014C00040F004002070012211461D4801F08CFB01
:1014D00060781C4D80070CD5607820F002006070A9
:1014E000607840F00400607001221021284601F06D
:1014F0007BFBA07880070CD5A07820F00200A070BC
:10150000A07840F00400A07001221021284601F0CC
:101510006BFB09F0E3F82078400704D50A4801681E
:1015200041F001010160BDE8F09F0000AC1E002009
:101530005864024010600240006002401801002020
:101540000004024000000240103C0140014801F04C
:1015500099B80000E4200020014801F093B8000091
:1015600064220020014801F08DB8000044210020D1
:1015700001681823CAB2103AB2FBF3F2054B6FF3BD
:101580000901032A9B5CC36500D9091D81650846D2
:101590007047000058D3000810B5014600208B6941
:1015A0008A6A4FF0C07453B1B3F5005F15D072B1C1
:1015B000012A0CD0022A0AD0032A09D104E01AB168
:1015C000012A06D0022A03D1C96AC90100D5012027
:1015D00010BDC96AA142FAD010BD002AF7D0012A75
:1015E000F2D0022AF3D0032AF3D010BD30B504683C
:1015F000256825F480252560046863608368402B96
:10160000036803D099600068C26030BD9A600068CA
:10161000C16030BD704700001FB5002000900190F0
:1016200002904FF400750C4CCDF80C00FFF7EAFD6A
:10163000014610226846FEF72DFF10236A46294610
:10164000064800F063F8002009F0B0FF20600A208F
:1016500009F0A3F9EAE70000E0000020301E0020B6
:101660002DE9F05F9946DDF828B08A4620B3BAF13B
:10167000000F45D0B9F1000F42D0816804293FD155
:101680004068060AC7B296423AD1AFB100251D4C58
:101690004FF48078012F06D16580257041461A48A5
:1016A0006660FEF776FF6068864229D12078401C8C
:1016B000874202D06580257022E06088082600F10C
:1016C0000801414502D9C0F580718EB20E493246FB
:1016D00008445146FEF7DEFE6088304480B26080E8
:1016E0002178491C21705946584509D30A460649B4
:1016F0004846FEF7CFFE658025700120BDE8F09FCB
:101700000020FBE7D80000204C6C00202DE9F04FB2
:1017100089B01C4615468A465FEA000B35D0A5B352
:101720009CB3B4F5807F30D8E01DC0F3C70600201D
:1017300034E0C100082201F10803A34201D9621A72
:10174000D2B200F10109002749EA0A280697294484
:1017500006A80797FEF79EFE0420CDE902070820A1
:10176000CDF8048004908DF8147002E0012009F097
:1017700014F9584600F05FFC0028F7D008AB06AA21
:101780006946584600F0F8FA18B1002009B0BDE8E3
:10179000F08F012009F001F909F0FF00B042C8D331
:1017A0000120F3E72DE9FC4180461646084600F08B
:1017B000ADF8050011D000244FEA0D0707EB4401F6
:1017C0004A1C36F9140003F083FC641C042CF5DB7E
:1017D0006A4629464046FFF747FCBDE8FC817CB5D8
:1017E000044600201346009001904A1E4800032A38
:1017F00003D84FF40075801E05E0491F03290DD85A
:1018000040F2FF150A380DEB00014A1C184603F0A0
:101810005FFC6A4629462046FFF726FC7CBD012076
:1018200001F0DEB8082001F0DBB8102001F0D8B8D4
:10183000202001F0D5B872B6FEE7000010B51D4CAF
:101840002DED028BE07B012807D0002024F86C0FDF
:10185000A0802081BDEC028B10BD9FED178AB9EEF0
:10186000040A84ED1A0AB7EE001AF0EE480A68344A
:1018700008F00EFDBDEEC00AB7EE001AF0EE480A01
:1018800010EE100AA08094ED000A08F001FDBDEEF4
:10189000C00AB7EE001AF0EE480A10EE100A2081D6
:1018A00094ED000A08F0F4FCBDEEC00A10EE100A38
:1018B000A081CFE7B47E00208FC2F53C114800B56F
:1018C00090ED000A09F0C6FD0F4981ED060A90ED82
:1018D000010A09F0BFFD81ED070A90ED000A09F049
:1018E000B9FD0849C43181ED000A90ED010A09F003
:1018F000B1FD81ED010A90ED020A09F0ABFD81ED29
:10190000020A00BDC46D002018010020012803D088
:10191000052804D0002070474FF40070704740F253
:10192000FF10704700F046F80A4C00BF00F070F955
:1019300000F03EF800F06AF900F0FAF800F00CF858
:1019400000F006F9002009F031FE2060012009F0C6
:1019500024F8EBE7E801002010B5134C04F19400E3
:10196000D4ED100A94ED110A343404F003F9BDEEFD
:10197000C00A04F5BE71DFED0D1A10EE100A2083C7
:10198000B4F9000094ED081A00EE100AA1F1340039
:10199000F8EEC00A94ED070A04F074F8BDEEC00A30
:1019A00010EE100A208510BDD07C0020CDCCCC3D9F
:1019B0007047000010B54A4900202DED068BB1EEAE
:1019C000043AF9EE042A08709FED462ADFED461A24
:1019D0009FED469AB0EE080A01F16000B0EE491A98
:1019E000F0EE490A04F064F99FED418AF0EE483ABE
:1019F000DFED408AB0EE683ADFED3F9A9FED3FAAF7
:101A00003748F0EE692AB0EE4A2AF0EE481A9FED08
:101A10003C1ADFED3C0A9FED3C0A943004F01EF9BD
:101A20002F48B2EE043AFAEE042AB0EE692AF0EE3C
:101A30004A1AB0EE491AF0EE490AB1EE040AD4305F
:101A400004F036F9B2EE043AFAEE042AB0EE482A6F
:101A5000F0EE681AB0EE491AF0EE490A9FED2B0A33
:101A60002B4804F025F92A48F2EE043ABAEE043A7B
:101A7000F0EE692AB0EE4A2AF7EE001AB0EE491AE3
:101A8000F0EE490AB0EE080A343004F0E7F82048D6
:101A9000B2EE043AFAEE042A9FED1E2ADFED1E1A7A
:101AA000B0EE491AF0EE490A9FED1C0A743004F0BA
:101AB000FFF8B0EE483AF0EE682ABDEC068B9FEDD9
:101AC000181A1348BDE81040B0EE412ADFED151A90
:101AD000DFED150A9FED150AA83004F0E9B8000003
:101AE000D07C002000401C4600401CC600000000C6
:101AF00000007A4400007AC400008046000080C6DE
:101B000000803B47CDCC4C3D00806D4500004843F4
:101B1000D87D00200000FA440000FAC4CDCC8C3FF0
:101B20000080BB440080BBC40AD7233C000016449D
:101B30000648017809B100F0B3B890ED110A80EDC4
:101B4000100A90ED150A80ED140A7047D07C002031
:101B500070B52DED028B01F04DF8284C2849227804
:101B600052B10020087034F94C2F05212548FFF7A9
:101B700036FEB4F9102039E00A7812B90122486023
:101B80000A704968401A64282AD2B4F920009FEDEF
:101B90001E8A00EE100A1948F0EE480AB8EEC00A94
:101BA000603003F0E9FEBDEEC00AF0EE480A10EE28
:101BB000100A05B2B4F9340000EE100A0F48B8EE6E
:101BC000C00A603003F0D8FEBDEEC00A2A460521E7
:101BD00010EE100A04B20B48FFF701FE224605E0A2
:101BE000002205210748FFF7FAFD0022BDEC028B19
:101BF0000121BDE870400348FFF7F1BDD07C002013
:101C0000EC010020301E00200000000070470000A2
:101C100070B5FFF7F7FA014610221E48FEF73AFCAE
:101C200003F02AF91B4C206190ED000A03F006FE38
:101C300084ED110A206990ED020A03F0FFFDB1EE78
:101C4000400A84ED150A00209FED131AFBEE010AED
:101C500003F074FD84ED150A104803F059FD0546A4
:101C600000F1500160610D2204F11800FEF757FCED
:101C700095F85D0084F82500286EA0620D222946A3
:101C800004F12C00FEF74BFC687B84F839002869CE
:101C9000E06370BDD07C002000002C42301E00208C
:101CA00010B5244CB5EE002A2DED028BFDEE001A86
:101CB000B4F908009FED208A00EE100ADFED1F8ABC
:101CC000B0EE481AB8EEC00AF0EE680A03F07EFDE6
:101CD000D4ED100A01209FED1A1A30EEC00ADFED94
:101CE000190A84ED100A03F029FD84ED100AB4F9F5
:101CF0000A009FED152A00EE100ADFED141AB0EE6F
:101D0000481AB8EEC00AF0EE680A03F05FFDD4EDA1
:101D1000140A00209FED0E1A30EEC00AFBEE010AF5
:101D200084ED140A03F00AFD84ED140ABDEC028B65
:101D300010BD0000D07C002000007A4400007AC46E
:101D400000003443000034C3CDCCCC3DCDCCCCBD61
:101D500000002C4290F82020012A07D0022A05D04A
:101D6000416A41F480214162012070470068426964
:101D70000A43426100207047F0B590F82050046893
:101D8000A468012D05D0022D03D0416A41F48021C1
:101D90004DE014F0406F01D1E50045D5C4F3016476
:101DA0000125A5401D608D684FF4C0739DB1CE68BC
:101DB00035434E6845EAC605066803EB0417F5513E
:101DC0004FF4C275076805EB04150E697E51097D55
:101DD000012905D009E00E88CD6845EA4655EBE7B4
:101DE00001684E5946F480764E511179D2F805506B
:101DF0004FF4C67641EA0521056806EB0416A951A1
:101E00001178D2F801204FF4C47541EA022102682A
:101E100005EB04155151006803EB0411425842F0E0
:101E2000010242500020F0BD416A41F400114162BC
:101E30000120F0BD10B590F82020012A07D0022A19
:101E400005D0416A41F480214162012010BD3B4828
:101E5000D0F8002242F00102C0F80022D0F800229F
:101E600022F47C52C0F80022D0F800224B6A42EAE9
:101E70000322C0F800220A7D02F01F0301229A40CB
:101E8000D0F81C329343C0F81C32CB69B3B9D0F8F8
:101E90000C329343C0F80C328C894B6864F31F43B7
:101EA0004C6900EBC404C4F840320C890B6864F33D
:101EB0001F434C6900EBC404C4F84432CB69012BC6
:101EC00016D1D0F80C321343C0F80C320C884B6892
:101ED00064F31F434C6900EBC404C4F840320C891E
:101EE000CB6864F31F434C6900EBC404C4F844326C
:101EF0008B69002BD0F804320ED01343C0F80432A3
:101F00000B69002BD0F8143208D01343C0F81432F8
:101F1000096A012904D008E09343EFE79343F5E70A
:101F2000D0F81C121143C0F81C12D0F8001221F096
:101F30000101C0F80012002010BD00000064004044
:101F4000704770B590F82040012C05D0022C03D0CA
:101F5000416A41F4802128E0046809B32469A40798
:101F600020D04FF4D874056804EB01142D5915F0F6
:101F70000405956005682D591AD0ED08556005686F
:101F80002C5904F00204D4604FF4DA74056804EBB1
:101F900001142E5906F00F06082E0CD308250DE06B
:101FA000E468DCE7416A41F400114162012070BD40
:101FB0006D0D1560E3E72D5905F00F0515610568F6
:101FC0002D59C5F30725956105682C59240C5461DA
:101FD0004FF4DC72046802EB0112A4581C70046810
:101FE000A458240A5C700468A458240C9C700468EB
:101FF000A258120EDA704FF4DE72046802EB01127E
:10200000A4581C710468A458240A5C710468A4587C
:10201000240C9C710468A258120EDA71006829B170
:10202000016941F020010161002070BDC16841F0EB
:102030002001C160F8E70246002092F82010012933
:1020400001D002290CD111688A68520100D5012003
:102050008A68120100D5401C8968C90000D5401C5F
:1020600070472DE9F05F0546006800244669D0F806
:1020700004908768D0F80CB0D0F810A0D0F8188081
:10208000F10748D0F90714D001218160B80703D5C2
:10209000284600F094FA0CE0780702D54FF400646B
:1020A00007E0380702D54FF4805402E0284600F0DC
:1020B00085FAF80516D529684FF480708860B80550
:1020C00003D5284600F07DFA0CE0780502D544F4EB
:1020D000005407E0380502D544F4804402E0284665
:1020E00000F06EFAF80316D529684FF48030886046
:1020F000B80303D5284600F066FA0CE0780302D551
:1021000044F4004407E0380302D544F4803402E08C
:10211000284600F057FA300707D55FEACB6004D5B0
:102120002968102044F40074C86070074FF0080755
:1021300007D55FEA0B7004D52868C760284600F011
:10214000A9F9B00706D52868C068800702D02846DC
:1021500000F0A2F9700607D55FEACA6004D52968C5
:10216000102044F480640861B00607D55FEA0A7065
:1021700004D528680761284600F0F0F9F00606D576
:1021800028680069800702D0284600F0E8F9B0030B
:1021900008D55FEAC96005D529681020486028463F
:1021A00000F0DEF9F00307D55FEA097004D528686E
:1021B0004760284600F008FA300446D55FEA4970C7
:1021C00040D5F00504D55FEAC87001D044F00104A1
:1021D000B00504D55FEA887001D544F002047005AB
:1021E00004D55FEA487001D544F00404300529D5D0
:1021F00018F0700F26D008F07000402815D006DCCB
:10220000102809D020280AD0302816D10AE05028FA
:102210000ED0602811D10EE044F008040DE044F027
:1022200010040AE044F0200407E044F0400404E015
:1022300044F0800401E044F480742868816921F04E
:1022400070018161296804204860002C05D0686A0B
:10225000204368622846FFF773FEBDE8F09F70B523
:10226000040003D094F8200010B104E0012070BDF8
:10227000204600F081F82068016841F0010101600A
:1022800000F0B8FC0546052604E000F0B3FC401B56
:102290000A2811D820684068C007F6D02068016875
:1022A00021F00201016000F0A5FC05460BE000F002
:1022B000A1FC401B0A2806D9606A40F40030606225
:1022C00084F82060D2E7206840688007EFD4207E41
:1022D0000128206801683DD021F080010160607E06
:1022E00001282068016838D021F040010160A07EFB
:1022F00001282068016833D021F020010160E07ED0
:102300000128206801682ED041F010010160207F73
:1023100001282068016829D021F008010160607F50
:1023200001282068016824D021F004010160D4E96B
:1023300002010843D4E90412114308436168491EAD
:1023400008432168C86100206062012084F82000F1
:10235000002070BD41F08001C0E741F04001C5E7B9
:1023600041F02001CAE721F01001CFE741F0080158
:10237000D4E741F00401D9E7F0B587B00446142151
:102380006846FEF728F93E4B3E48DFF8F0E0196852
:10239000D4F800C03B4A0325022609271030002448
:1023A000491CF4452AD11960012907D1016841F07F
:1023B00000710160006800F000700590106840F046
:1023C000080010601068CDE9005600F00800CDE963
:1023D000047069462C48CDE9024500F00DFB00224F
:1023E0000621142000F046FF142000F035FF0022E3
:1023F0000621152000F03EFF15203AE0DFF88CE0C2
:10240000F44538D1D0F800C04CF0806CC0F800C062
:10241000D0F800C001290CF0806CCDF814C0196010
:1024200007D1016841F000710160006800F00070A0
:102430000590106840F002001060106802AB00F0D8
:10244000020005906020CDE9000683E8B0006946EF
:102450000F4800F0D1FA00220621402000F00AFFC8
:10246000402000F0F9FE00220621412000F002FF8A
:10247000412000F0F1FE07B0F0BD00000064004014
:102480003800002030380240000C02400068004054
:1024900000040240704700002DE9F0410746006843
:1024A000274910240125274E8AB04FF480788842AE
:1024B00014D01BE0039810B104280FD105E008AA3E
:1024C00021480199FEF7A2FD08E0204B424608A9E9
:1024D00001A80094FFF7C4F800B1357008AB01AA59
:1024E00000213846FFF72DFD0028E3D01849386851
:1024F00088421CD00AB0BDE8F081039810B10428CE
:1025000015D105E008AA13480199FEF77FFD0EE0FA
:102510000E4B424608A901A80094FFF7A1F800B1AC
:10252000357008AB01AA01210B48FEF7B6FD08ABD8
:1025300001AA00213846FFF704FD0028DDD0D9E7C5
:1025400000640040CC010020A46E00200270002036
:1025500000680040446F00203C7C002070477047BA
:102560007047000070B5044690F82000012804D0A0
:10257000606A40F40020606218E0022084F82000C5
:102580002068016821F00101016000F033FB05467D
:102590000EE000BF00F02EFB401B0A2808D9606A3D
:1025A00040F400306062052084F82000012070BDF6
:1025B00020684068C007EDD1606270BD7047704709
:1025C000704770477047704770472DE9F0410446E7
:1025D000876D00F00FFB064694F8350000250228B1
:1025E00006D08020606584F834500120BDE8F08179
:1025F0002068016821F0160101602068416921F01E
:1026000080014161206C08B9A06C20B1206801688C
:1026100021F0080101602068016821F001010160DA
:102620000CE000F0E7FA801B052807D92020606540
:10263000032084F8350084F83450D7E72068006818
:10264000C007EED194F85C103F208840B8600120AC
:1026500084F8350084F834500020C7E790F835102E
:10266000022903D08021416501207047052180F8AF
:1026700035100068016821F00101016000207047F9
:10268000406D70472DE9F84304464FF00009CDF83E
:10269000009063484FF41651A56D0068B0FBF1F748
:1026A0002E6894F85C10082000FA01F131420FD036
:1026B00021680A6852070BD50A6822F004020A60F2
:1026C00094F85C108840A860606D40F0010060657F
:1026D00094F85C104FF0010808FA01F0304208D07D
:1026E00021684969090604D5A860606D40F00200C0
:1026F000606594F85C1004208840304208D021685E
:102700000968890704D5A860606D40F00400606521
:1027100094F85C1010208840304218D02168096875
:10272000090714D5A86020680168490304D500682A
:10273000000308D5A16C07E00168C90503D401684E
:1027400021F008010160216C09B12046884794F806
:102750005C1020208840304231D021680968C906C9
:102760002DD5A86094F8350005282068016806D0AA
:10277000490347D5006800031DD4616C1CE021F0BB
:10278000160101602068416921F080014161206CDF
:1027900008B9A06C20B12068016821F0080101602F
:1027A00094F85C103F208840A86084F8358084F855
:1027B0003490216D1FE0E16B09B120468847606DC0
:1027C00000282BD0606DC00714D0052084F8350098
:1027D0002068016821F0010101600098401C009010
:1027E000B84203D820680068C007F6D184F8358065
:1027F00084F83490E16C002910D001B02046BDE887
:10280000F04308470168C905D5D4016821F01001DB
:10281000016084F8358084F83490CCE7BDE8F88313
:10282000480000202DE9F041044600F0E3F9064697
:102830005CB1022084F83500002584F8345020680B
:10284000016821F0010101600DE00120BDE8F08187
:1028500000F0D0F9801B052805D9202060650320F1
:1028600084F83500F2E720680068C007F0D12268DC
:10287000116820480140D4E901031843D4E9033624
:102880003343184363691843A3691843E369184342
:10289000236A18430843616A042903D1D4E90B135E
:1028A00019430843106020684069666A20F00701F8
:1028B00030460E43012704280CD1A06A0643E06A83
:1028C00040B12046FEF768FE20B14020606584F8E4
:1028D0003570BAE7206846612046FEF749FE94F855
:1028E0005C203F2191408160656584F8357000204F
:1028F000ACE700003F8010F02DE9F0410446866D02
:1029000090F83400002501280DD0012084F834000F
:1029100094F835700020012F07D084F83400022588
:102920002846BDE8F0810220FBE7022784F83570D5
:1029300060652046FEF75AFE94F85C103F20884000
:10294000B0602068016841F016010160206C20B180
:102950002068016841F0080101602068016841F0C9
:1029600001010160DCE7000010B51B4C10281AD0F3
:10297000202821D008282AD0012813D109F010FCE2
:1029800001280FD004F10C01206908F06BFFE0680A
:10299000002807D011494FF080500860BFF34F8FD7
:1029A000BFF36F8F10BD607840F001006070A078B9
:1029B00040F00100A07003E0207840F0010020709A
:1029C00020790028EED0BDE8104007F087BEE078FF
:1029D00040F00100E07010BD1801002004ED00E09F
:1029E000044910B50A68024202D00860FFF7BCFF34
:1029F00010BD0000143C01402DE9F84FDFF8BCA1E8
:102A00000022012503264FF00F090AF1040BAAF159
:102A1000040E00BF0B6805FA02F42340A34270D1F4
:102A20000F7907F00307012F01D0022F16D1876815
:102A30004FEA420806FA08FC27EA0C07D1F80CC056
:102A40000CFA08FC4CEA070CC0F808C04768A7431A
:102A50000C79C4F3001494403C4344600C79E44383
:102A6000A4070AD0C4684FEA420C06FA0CF7BC432C
:102A70008F6807FA0CF72743C7600C7904F003044A
:102A8000022C12D1D40800EB840CDCF8204057074C
:102A9000FF0E09FA07F824EA0804D1F8108008FAB2
:102AA00007F848EA0408CCF8208004684FEA420C92
:102AB00006FA0CF7BC430F7907F0030707FA0CF787
:102AC000274307604C6814F4403F70D03C4C2768A3
:102AD00047F480472760246822F0030704F4804409
:102AE0000094384C07EB040CDCF8084897074FEAD1
:102AF000177809FA08F7BC43334FB84202D10027D0
:102B000024E054E0314FB84201D101271EE0304F9C
:102B1000B84201D1022719E02E4FB84201D1032754
:102B200014E02D4FB84201D104270FE02B4FB842DB
:102B300001D105270AE02A4FB84201D1062705E056
:102B4000284FB84201D1072700E0082707FA08F705
:102B50002743CCF80878DAF800405746D1F804C08B
:102B60009C435FEACC2C00D51C433C60DBF8004062
:102B70005F46D1F804C09C435FEA8C2C00D51C430F
:102B80003C60DEF800407746D1F804C09C435FEA21
:102B90008C3C00D51C433C60084F083F3C68D1F892
:102BA00004C09C435FEACC3C00D51C433C60521CF3
:102BB000102AFFF42FAFBDE8F88F0000083C014059
:102BC000443802400030014000000240000402404E
:102BD00000080240000C02400010024000140240B5
:102BE00000180240001C02400AB1816170470904CC
:102BF000FBE7000001488068704700003C000020AF
:102C000070B5040025D094F83D00002520B984F863
:102C10003C50204600F052FA242084F83D00206801
:102C2000016821F0010101602068016841F4004160
:102C300001602068016821F40041016000F006FC99
:102C40004D4A6168914201D84C4900E04C498842A4
:102C500001D2012070BD4B492368B0FBF1F15E68E1
:102C600026F03F060E435E606368934206D94FF438
:102C7000967359434FF47A73B1FBF3F12368491CFF
:102C80001E6A26F03F06314319626168914210D8EE
:102C90004900401EB0FBF1F2521CC2F30B02042AA1
:102CA00001D2042022E0B0FBF1F0401CC0F30B0085
:102CB0001CE0A268F2B301EBC10303EB0116431E53
:102CC000B3FBF6F35B1C43F480431B0549D092B37E
:102CD00001EBC10202EB0111401EB0FBF1F0401C00
:102CE000C0F30B0040F4804040F400402168CA6902
:102CF0004CF6FF739A431043C861D4E907100143AF
:102D00002068026822F0C00211430160D4E9030187
:102D100001432068826848F2FF339A43114381607F
:102D2000D4E9050108432168CA6822F0FF02104374
:102D3000C86001E00EE016E02068016841F0010182
:102D400001602564202084F83D00256384F83E500E
:102D5000002070BD01EB4106431EB3FBF6F35B1C84
:102D6000B3E70120C2E701EB4101401EB0FBF1F0E7
:102D7000401CC0F30B00B7E7A086010080841E0052
:102D800000093D0040420F002DE9FF4F83B09A46F5
:102D9000DDE9118793460446DDF84090FFF72AFFEE
:102DA000054694F83D00202870D11923012274496A
:102DB0002046009501F056FF0028F5D194F83C001C
:102DC000012863D0012084F83C0020680168C9070D
:102DD00003D1016841F0010101602068016821F41C
:102DE00000610160222084F83D00402084F83E000C
:102DF00000262664C4F82490A4F82A80608D2085DB
:102E00006048E062CDE9007553465A462046049971
:102E100001F02AFE002879D1208DD0B1012821D0DF
:102E20000228206824D0416980690090208D032801
:102E300066D801282BD0544902283B464FF00002A7
:102E4000009557D08846204601F00CFF00285DD140
:102E50003AE02068416981690091016841F400719C
:102E600001607DE02068016821F480610160F0E785
:102E7000016821F4806101602068016841F400610B
:102E80000160206841698069009069E075E02A4628
:102E90003946204601F08CFF88BB54E02068016869
:102EA00041F40071016020680069616A0870606A1D
:102EB000401C6062218D491E2185618D491E6185FE
:102EC00021680969017042E02068016821F480618D
:102ED000016020680069616A0870606A401C606275
:102EE000208D401E2085608D401E60853B4600225F
:102EF00041460095204601F0B5FE00B9CEE705E059
:102F00002A463946204601F053FF18B1012007B088
:102F1000BDE8F08F20680069616A0870606A401C33
:102F20006062208D401E81B22185608D401E6085CB
:102F300020684269D243520712D4032903D10168A1
:102F400021F48061016020680069616A0870606A2C
:102F5000401C6062208D401E2085608D401E608573
:102F6000208D00287FF462AF202084F83D0084F893
:102F70003E6084F83C600020C9E70220C7E70000FB
:102F8000020010000000FFFF040001002DE9FF4FC8
:102F900083B09A46DDE9119793460446DDF84080F8
:102FA000FFF728FE054694F83D0020287FD119231D
:102FB000012240492046009501F054FE002876D1B8
:102FC00094F83C00012872D0012084F83C0020686D
:102FD0000168C90703D1016841F00101016020685F
:102FE000016821F400610160212084F83D00402047
:102FF00084F83E0000262664C4F82480A4F82A90B1
:10300000608D20852C48E062CDE9007553465A4614
:103010002046049901F0A6FD70B930E02A463946F1
:10302000204601F0FDFE58B1206C042804D1206830
:10303000016841F400710160012007B0BDE8F08F24
:10304000606A216800780861606A401C6062218DB6
:10305000491E89B22185628D521E6285226853699C
:10306000DB435B070BD469B100781061606A401CD8
:103070006062208D401E2085608D401E6085208D01
:103080000028CBD12A463946204601F0BFFD002852
:10309000CAD154F83D0B016841F400710160202051
:1030A00004F81E09E67766770020C6E7FFE70220EE
:1030B000C3E70000020010000000FFFFF0B587B07A
:1030C000044614216846FDF786FA1A4920688842AA
:1030D0002DD11948016841F004010160016801F037
:1030E00004010591016841F00101016000681224AA
:1030F00000F0010005904FF400700125032604271D
:103100008DE8F10069460D48FFF776FC28028DE84E
:10311000F10069460A48FFF76FFC07481030016864
:1031200041F400010160006800F40000059007B060
:10313000F0BD0000005C0040303802400008024052
:1031400000000240024881680278114481607047A3
:103150003C0000200B4810B5016841F4007101608B
:10316000016841F480610160016841F4807101608F
:10317000032000F09FF80F2000F006F800F050F850
:10318000002010BD003C024030B50546204887B005
:103190000024016841F001010160006806A900F007
:1031A0000100009001A800F031F90498B0B100F0DE
:1031B0004DF9400017494FF08042B0FBF1F116483D
:1031C000491E026040F2E732C0E90324C0E901145D
:1031D000846100F063FD040003D015E000F036F9CF
:1031E000E8E70D4800F0D8FD04000DD11C2000F0E8
:1031F00033F8102D07D2002229461C2000F03AF89F
:103200000648056000E0012407B0204630BD0000FC
:103210004038024040420F00C422002040000020FD
:103220000C4882B0016841F480410160006800F4FC
:10323000804000900748001F016841F08051016004
:103240000068002200F0805000900F21901E02B014
:1032500000F010B844380240002809DB00F01F02DB
:10326000012191404009800000F1E020C0F80011E8
:1032700070470000F0B40E4B1B680C46C3F30223EA
:10328000C3F10705042D00D90425191D072901D212
:10329000002300E0DB1E012606FA05F1491E21404D
:1032A00099409E40761E16403143F0BC05F033B97C
:1032B0000CED00E0064900F0070208684FF6FF0336
:1032C000184040EA0220034A10430860704700009B
:1032D0000CED00E00000FA052DE9F0470E46050070
:1032E00065D0DFF81481D8F80000F7B200F00700CD
:1032F000B04207D288F80070D8F8000000F007004C
:10330000B04254D128683D4C810712D5400703D5FF
:10331000206840F4E05020602878000703D520683A
:1033200040F4604020602068A96820F0F000084365
:1033300020602878C0072DD03049686808390128F6
:1033400012D0022813D0032811D009688907002958
:103350002DDA216821F0030101432160FFF74AFCC7
:10336000814641F2883A0EE009688903EFE709686F
:103370008901ECE7FFF73EFCA0EB0901514502D9BA
:103380000320BDE8F0872068696800F00C00B0EB0E
:10339000810FEFD1D8F80010404601F00701B1428B
:1033A00007D90770006800F00700B04201D0012083
:1033B000E7E72878400705D52068E96820F4E05061
:1033C000084320602878000706D52068296920F482
:1033D000604040EAC100206000F058F82168084AC7
:1033E000C1F30311515CC8400649086006480068F3
:1033F000FFF7CAFE0020C4E7003C02400838024044
:1034000060D3000848000020400000200F22026026
:103410000C4A136803F003034360136803F0F003DE
:103420008360136803F4E053C36012684FF4E05301
:1034300003EAD20202610448006800F00700086055
:103440007047000008380240003C0240044805492B
:1034500000680968044AC1F38221515CC840704782
:10346000480000200838024070D30008044805498D
:1034700000680968044AC1F34231515CC840704792
:10348000480000200838024070D30008154810B5E5
:10349000006810F00C02144813D01449042A0FD00D
:1034A000082A0ED10F4C241F2268236802F03F0225
:1034B0005B0207D52068C0F38810A0FB010106E07D
:1034C000084610BD2168C1F38811A1FB000100234B
:1034D000FCF74AFF2168C1F30141491C4900B0FBD8
:1034E000F1F010BD083802400024F40040787D015E
:1034F0002DE9F84F04006ED02078DFF84C93C00718
:10350000A9F104054AD009F104000168C1F3810161
:10351000012908D00068C0F3810002280AD1D9F837
:103520000000400206D52868800337D5606800286F
:10353000E1D033E06068B0F5803F10D0B0F5A02F47
:10354000286810D020F480302860286820F480207B
:1035500028606068A8B1FFF74DFB06460DE02868BB
:1035600040F48030F4E740F480202860F7E700BFA3
:10357000FFF740FB801B642873D828688003F7D5C9
:103580000CE0FFF737FB064605E000BFFFF732FB14
:10359000801B6428F0D828688003F7D42078DFF8EF
:1035A000AC8280074FF0000A3ED5A748001D016895
:1035B00011F00C0F08D00068C0F3810002280BD175
:1035C000D9F80000400207D42868800716D5E068C3
:1035D000012800D112E033E1E068B8B10120C8F859
:1035E0000000FFF707FB064605E000BFFFF702FB00
:1035F000801B0228C0D828688007F7D52868216971
:1036000020F0F80040EAC10028600DE0C8F800A0F2
:10361000FFF7F0FA064604E0FFF7ECFA801B0228F9
:103620001FD828688007F7D42078000722D5864F56
:1036300087486169703771B101210160FFF7DAFADB
:10364000064604E0FFF7D6FA801B022809D838683E
:103650008007F7D50EE0C0F800A0FFF7CBFA0646CA
:1036600005E082E0FFF7C6FA801B02287DD83868A3
:103670008007F7D42078400768D5DFF8CCB1002761
:103680000BF13C0BDBF80000C0000BD4DBF80010A2
:1036900041F08051CBF80010DBF80000012700F06A
:1036A000805000906B4E3068C00510D4306840F4F4
:1036B00080703060FFF79EFA009005E0FFF79AFAFD
:1036C0000099401A022850D83068C005F6D55E4EE1
:1036D000A0686C3601280FD00528306810D020F083
:1036E00001003060306820F004003060A068B8B19C
:1036F000FFF780FA00900FE0306840F00100F4E737
:1037000040F004003060F7E7FFF774FA0099411ABF
:1037100041F28830814266D830688007F4D50EE0E7
:10372000FFF768FA009007E0FFF764FA0099411A82
:1037300041F28830814256D830688007F4D42FB1E6
:10374000DBF8001021F08051CBF80010A069C8B35D
:103750003D49091D0968C1F3810102294AD00228A7
:10376000504607D0C8F8600000E03CE0FFF742FA9E
:1037700004463BE04746C8F86000FFF73BFA0646C0
:1037800005E000BFFFF736FA801B02282BD8286817
:103790008001F7D4D4E907010843A16A2E4A4908F9
:1037A00002EB0141626A41EA8211084394F82C104D
:1037B00040EA0161C9F8001001203866FFF71AFAE3
:1037C000044606E03EE000BFFFF714FA001B0228A3
:1037D00009D828688001F7D534E000BFFFF70AFA5E
:1037E000001B022802D90320BDE8F88F2868800159
:1037F000F4D427E00128F7D0D9F80000E26900F4FA
:10380000800191421CD1226A00F03F01914217D100
:1038100047F6C071626A0140B1EB821F10D1A26A03
:103820004FF0FF3300F4403103EB5202B1EB024F93
:1038300006D194F82C1000F07060B0EB016F01D04D
:103840000120D1E70020CFE70438024000004742C2
:10385000800E4742007000400000FFFF70B504007A
:1038600009D0606A002540B125616561A56294F8C0
:10387000510040B10CE0012070BD6068B0F5827F5E
:10388000F4D0E561F2E784F85050204600F044F8A7
:10389000022084F851002068016821F04001016095
:1038A000A088218900F4827001F404410843A189B1
:1038B00001F400610843217C01F002010843217DED
:1038C00001F001010843218B01F400710843217FBD
:1038D00001F03801084394F8201001F080010843FA
:1038E000218D01F40051084321680860A06904217A
:1038F00001EA104094F8241001F0100108432168F7
:1039000048602068C16921F40061C16165650120DA
:1039100084F85100002070BD2DE9F04186B00646C4
:1039200014216846FCF757FE35493068884264D157
:1039300034480024016841F480510160006800F4BB
:10394000805005902F481438016841F00201016051
:10395000016801F002010591016841F00101016077
:103960000068022500F0010005901820CDE900054F
:1039700002AA03274FF0050882E890016946224811
:10398000FFF73AF88020CDE9000502AA694682E8EF
:1039900090011E48FFF730F81E4D1D487F06286035
:1039A000C5E901744FF48068C5E903486C61781279
:1039B000AC61C5E9074028466C62FEF733FF08B1E9
:1039C000FDF739FFF564AE63124D114860351830CC
:1039D000E5E802074020A5E81101C00245F81449B6
:1039E000AC61C5E907400B486C626030FEF71AFF16
:1039F00008B1FDF720FFB564AE6306B0BDE8F08105
:103A000000300140443802400004024000000240FF
:103A100040640240041F00202DE9FF4F81B01D4685
:103A2000934604464FF001090E9EFFF7E3F8074660
:103A300094F851006168012806D0B1F5827F3CD12D
:103A4000A168C9BB042838D10298002871D0BBF105
:103A5000000FFBD0002DF9D094F8500001282CD095
:103A60004FF0010A84F850A094F85100042802D0C5
:103A7000052084F851004FF00008C4F85480C4F8C1
:103A800038B0E587A58702992163E586A586C4F845
:103A90004080C4F8448020680168490603D4016866
:103AA00041F040010160E068B0F5006F606808D047
:103AB000F0B3012D49D081E0FFE7022005B0BDE859
:103AC000F08F08B1012D39D1206B21680088C860C2
:103AD000206B801C2063E08E401EE0862EE0206874
:103AE000816889070FD5E18E69B1B9F1010F0AD15B
:103AF000216B0988C160206B801C2063E08E401E12
:103B0000E0864FF0000920688168C9070CD0E18F7A
:103B100051B1C068A16B0880A06B801CA063E08FCE
:103B2000401EE0874FF00109FFF764F8C01B01E079
:103B30000BE067E0B04201D3701C50D1E08E00284A
:103B4000CDD1E08F0028CAD13EE0206B21680078FB
:103B50000873206B401C2063E08E401EE0862DE041
:103B60002068816889070FD5E18E69B1B9F1010F2D
:103B70000AD1216B09780173206B401C2063E08E11
:103B8000401EE0864FF0000920688168C9070CD00C
:103B9000E18F51B1C068A16B0870A06B401CA0639D
:103BA000E08F401EE0874FF00109FFF723F8C01BAC
:103BB000B04202D3701C01D011E086B1E08E002823
:103BC000CED1E08F0028CBD13A463146204603F0D3
:103BD000B7FC50B12020606584F8508012E084F872
:103BE00051A084F85080032068E7A06818B92068C5
:103BF000C1688068009084F851A084F85080606D9E
:103C00000028F1D0012059E77047704770B590F84F
:103C10003C20012A32D0012480F83C40022280F866
:103C20003D2003685A689D6822F070060A68324396
:103C30005A60134B02689A4214D0B2F1804F11D0EF
:103C4000104B9A420ED0104B9A420BD00F4B9A4217
:103C500008D00F4B9A4205D00E4B9A4202D00E4B21
:103C60009A4204D1496825F080031943916080F895
:103C70003D40002180F83C10084670BD022070BD18
:103C8000000001400004004000080040000C00401B
:103C900000040140004001400018004010B504003D
:103CA00003D094F83D0010B107E0012010BD0020C2
:103CB00084F83C00204600F01FF8022084F83D0004
:103CC000211D206803F0B4FF012084F8460084F829
:103CD0003E0084F83F0084F8400084F8410084F8F6
:103CE000420084F8430084F8440084F8450084F8D6
:103CF0003D00002010BD000008B50068064988425C
:103D000008D10648016841F400310160006800F400
:103D10000030009008BD00000044014044380240DB
:103D200090F83D10012901D001207047022180F850
:103D30003D1000681149884214D0B0F1804F11D075
:103D40000F4988420ED00F4988420BD00E49884255
:103D500008D00E49884205D00D49884202D00D494D
:103D6000884204D1816801F00701062903D0016867
:103D700041F0010101600020704700000000014097
:103D80000004004000080040000C00400004014016
:103D9000004001400018004090F83D10012901D07A
:103DA00001207047022180F83D100168CA6842F086
:103DB0000102CA6000681149884214D0B0F1804FF6
:103DC00011D00F4988420ED00E4988420BD00E49BF
:103DD000884208D00D49884205D00D49884202D05A
:103DE0000C49884204D1816801F00701062903D0FB
:103DF000016841F0010101600020704700000140AE
:103E00000004004000080040000C00400004014095
:103E1000004001400018004070B5044690F83C0096
:103E20000025012817D0012684F83C60022084F880
:103E30003D002068826822F0770222F47F4282608F
:103E40000868502838D00DDC20284FD005DC90B30E
:103E5000102811D14AE0022070BD302846D04028F9
:103E60000AD13BE060282FD070280DD0B0F5805FDC
:103E700003D0B0F5005F12D0012584F83D6000202A
:103E800084F83C00284670BDCB68D1E90121206848
:103E900003F043FF2068816841F0770109E0CB68B7
:103EA000D1E90121206803F038FF2068816841F4DE
:103EB00080418160E1E719E0CA684968206804F040
:103EC00035F85021206806E0CA684968206804F087
:103ED0003EF86021206803F02AFFCEE7CA684968EF
:103EE000206804F023F840212068F4E722680146A6
:103EF0001046F0E770472DE9F04104460068C668B7
:103F000005694FF00007A90713D5B10711D5F91EB0
:103F1000016101202077206880698007204602D057
:103F2000FFF7E8FF04E000F0A9F8204600F03BF9B5
:103F30002777680716D5700714D521686FF004003D
:103F40000861022020772068806910F4407F2046B5
:103F500002D0FFF7CFFF04E000F090F8204600F019
:103F600022F92777280715D5300713D521686FF078
:103F700008000861042020772068C0698007204677
:103F800002D0FFF7B7FF04E000F078F8204600F019
:103F90000AF92777E80616D5F00614D521686FF0E0
:103FA00010000861082020772068C06910F4407F65
:103FB000204602D0FFF79EFF04E000F05FF82046A5
:103FC00000F0F1F82777E80708D0F00706D021685D
:103FD0006FF001000861204600F04AF9280608D574
:103FE000300606D521686FF0800008612046FFF793
:103FF0000BFE680608D5700606D521686FF04000F4
:104000000861204600F03BF9A8060AD5B00608D59D
:1040100021686FF0200008612046BDE8F041FFF7FD
:10402000F4BDBDE8F081000010B586B0044614214F
:104030006846FCF7D0FA0E492068884215D10D4831
:104040000021026842F020020260006800F02000B7
:104050000590402000900220CDE901010320CDE928
:10406000031069460448FEF7C7FC06B010BD000007
:10407000004401403038024000140240704770B5DF
:10408000044690F83C0000260D4601280FD0012080
:1040900084F83C006AB1042A1DD0082A2FD00C2ACB
:1040A0003FD00126002084F83C00304670BD02203D
:1040B00070BD206803F078FE2068816941F0080136
:1040C00081612068816921F0040181612068816932
:1040D0002A69114311E0206803F096FE2068816987
:1040E00041F4006181612068816921F4806181610E
:1040F000206881692A6941EA02218161D2E720684A
:1041000003F0B8FE2068C16941F00801C161206870
:10411000C16921F00401C1612068C1692A691143A4
:1041200011E0206803F0DAFE2068C16941F4006103
:10413000C1612068C16921F48061C1612068C169E1
:104140002A6941EA0221C161ACE710B5040003D03D
:1041500094F83D0010B107E0012010BD002084F864
:104160003C00204600F01EF8022084F83D00211D8E
:10417000206803F05DFD012084F8460084F83E00CD
:1041800084F83F0084F8400084F8410084F842003D
:1041900084F8430084F8440084F8450084F83D0026
:1041A000002010BD7047704710B50446022249B187
:1041B00004290ED0082913D094F84100012816D004
:1041C000012010BD94F83E000128F9D184F83E206A
:1041D0000FE094F83F000128F2D184F83F2008E076
:1041E00094F840000128EBD184F8402001E084F8E5
:1041F00041200122206803F083FD16492068164AF9
:10420000884201D0904203D1436C43F4004343649D
:104210002068884213D0B0F1804F10D00F498842F7
:104220000DD00F4988420AD00E49884207D09042EB
:1042300005D00D49884202D00C49884204D18168DA
:1042400001F00701062903D0016841F00101016076
:10425000002010BD000001400004014000040040A7
:1042600000080040000C00400040014000180040E1
:104270000068B0F1804F01D1FEF764BF704770470E
:10428000704770B5044620680C3050E8001F21F4D8
:10429000907140E80012002AF5D12068143050E8EF
:1042A000001F21F0010140E80012002AF5D1206B27
:1042B000012809D120680C3050E8001F21F01001BE
:1042C00040E80012002AF5D1206840694FF000054F
:1042D000400615D52068143050E8001F21F0400139
:1042E00040E80012002AF5D1E06B48B10565E06BAB
:1042F000FEF76BF920B1E06BFEF7C2F9202806D07B
:10430000E585202084F842002563002070BD102040
:104310006064032070BD10B504460068406994F8DD
:104320004110C0F3C010212911D180B12068143090
:1043300050E8001F21F0800140E80012002AF5D16A
:10434000A06B08B1FEF741F9204603F0DDFE2068BE
:10435000406994F84210C0F38010222911D180B135
:104360002068143050E8001F21F0400140E800129E
:10437000002AF5D1E06B08B1FEF727F9204603F0DB
:104380009CFE002010BD7047F8B50168044608681F
:10439000CA684B6910F00F0F4FF0000559D003F0B9
:1043A000010602F49077374365D0C10705D0D105E7
:1043B00003D5616C41F001016164410705D5D9075E
:1043C00003D0616C41F002016164810705D5D90712
:1043D00003D0616C41F004016164010707D502F06C
:1043E0002001314303D0616C41F008016164616CCC
:1043F00000293AD0800604D5900602D5204603F065
:1044000091FE20684069616CC0F38010090700D4F8
:1044100060B3204603F051FE20684069400621D574
:104420002068143050E8001F21F0400140E80012DD
:10443000002AF5D1E06BA8B172490165E06BFEF787
:104440000DF9002811D0E06B016D01B0BDE8F0401E
:10445000084783060FD593060DD52046BDE8F840E2
:1044600003F060BE2046FFF78EFFF8BD2046FFF741
:104470008AFF6564F8BD266B2023012E7ED1C60617
:104480007CD5D6067AD508684868009048694FF010
:10449000020640064DD5E26B106840684FF4807705
:1044A0000004000C3AD0A18D814237D9E085D06953
:1044B000B8422DD020680C3050E8001F21F48071E4
:1044C00040E80012002AF5D12068143050E8001F9F
:1044D00021F0010140E80012002AF5D120681430D3
:1044E00050E8001F21F0400140E80012002AF5D1F9
:1044F00084F84230256320680C3050E8001F21F01A
:10450000100140E80012002AF5D1E06BFEF75DF8DB
:104510006663A08DE18D401A81B206E0A18D8142D3
:10452000A8D1D069B842A5D166632046FFF7A8FE9E
:10453000F8BDA08DE18D401A81B2E08D0028F7D042
:104540000029F5D020680C3050E8002F22F490723A
:1045500040E80027002FF5D12068143050E8002FE4
:1045600022F0010240E80027002FF5D184F8423004
:10457000256320680C3050E8002F00E006E022F0B0
:10458000100240E80023002BF3D1CDE705062BD520
:10459000150629D594F841002128C9D1A068B0F5A5
:1045A000805F01D12069B0B1206A411C216221687D
:1045B00000784860E08C401E0004000CE084B7D115
:1045C0002068C16821F08001C1602068C16841F0A5
:1045D0004001C160F8BD206A0088C0F3080048604F
:1045E000206A801C2062E5E74006F3D55006F1D52D
:1045F000CA68204622F04002CA6084F8413000F0C8
:10460000BDF9F8BD737F000870B5040004D094F8BC
:104610004100002510B106E0012070BD84F8405033
:10462000204600F023F8242084F841002068C16867
:1046300021F40051C160204603F0D6FD20680169D5
:1046400021F4904101612068416921F02A01416112
:104650002068C16841F40051C1606564202084F87D
:10466000410084F842006563002070BD2DE9F04FE1
:1046700087B0044614216846FBF7ADFF8B48DFF88E
:1046800028821438D4F800C0884B02210322072660
:10469000002507154FF0006AC44562D1D3F800C069
:1046A0004CF0100CC3F800C01B6803F01003059316
:1046B000036843F002030360036803F002030593F9
:1046C000036843F0010303600068884600F00100BE
:1046D00005908020CDE90008CDE902529146694657
:1046E00004967348FEF788F97810CDE90008CDE903
:1046F0000259694604966F48FEF77EF96F4E6E4880
:10470000D0463060C6E901A5C6E903577561B561B9
:10471000F561356230467562FEF784F808B1FDF741
:104720008AF8E663B463654E634860363030E6E885
:1047300002084020A1C6614846F814596030B561AE
:10474000F56135627562FEF76DF808B1FDF773F833
:10475000A663002205212520B463FEF78BFD2520EA
:104760003FE0DFF85C814FF4803BC4453ED14F4BC6
:104770001B1FD3F800C04CF4802CC3F800C01B688A
:1047800003F480230593036843F004030360006887
:1047900000F0040005904FF440608DE82300CDE95F
:1047A000032669464748FEF727F9444E4648C03677
:1047B0003060C6E901A5C6E9035780157561C6E9F1
:1047C0000650C6E908B53046FEF72CF808B1FDF7EB
:1047D00032F8E66300220F212720B463FEF74AFD7A
:1047E0002720FEF739FD07B0BDE8F08F374EB445FE
:1047F000F9D11E6846F020061E601B6803F02003F6
:104800000593036843F040030360006800F0400034
:1048100005904FF484408DE823000820CDE9032063
:1048200069462B48FEF7E8F82348DFF8A88060388F
:104830004FF0206AC8F80000C8E901A5C8E903578D
:10484000C8F81450C8F81850C8E9075BB9465E4666
:104850004046C8F82450FDF7E5FF08B1FCF7EBFF30
:104860001C4F1548C4F83C8060371830C8F83840F1
:10487000E7E8020A4020A7E82102164847F8145941
:104880006030BD61C7E907567D62FDF7CBFF08B117
:10489000FCF7D1FFA763002205214720BC63FEF788
:1048A000E9FC47209DE70000001001404438024029
:1048B000000402400000024088640240E42000201E
:1048C00000480040000802402860024000140140F7
:1048D000001802400422002090F84230202B01D022
:1048E0000220704721B11AB10023036303F002BD17
:1048F000012070477047704770B5044690F841003A
:10490000202801D0022070BD01B3FAB12162A28437
:10491000E28400206064212384F84130A56B144BAD
:10492000EB63A56B134B2B64A56B134BEB64A36B71
:10493000186520681346A56B021D2846FDF7DCFFAD
:1049400030B110206064202084F84100012070BD47
:1049500021686FF0400008602068143050E8001FA4
:1049600041F0800140E80012002AF5D1002070BD1E
:104970006F800008B1800008817F000803498842E9
:1049800003D10349012081F8600070470C2000200A
:104990006C7C0020704700002DE9F04105F0ACFD73
:1049A0000446C088234DA0F578704FF4E066288057
:1049B000A0884FF47877A0F5787068802088334617
:1049C000A0F57870A88060883A46A0F57870E880F5
:1049D0006089C02103F074F82881A08933463A46E3
:1049E000C02103F06DF86881208933463A46C02122
:1049F00003F066F8A881E08933463A46C021A41D39
:104A000003F05EF8E88160892882A0896882A07E30
:104A10002875E07E6875607FE875207FA875E07F67
:104A200028764FF4487068834FF6E040A883BDE8CD
:104A3000F0810000E46F0020FEE701684A69D2437C
:104A400052050FD46FF480624A61002140F8301F94
:104A5000202242738173026942F0040202610173F1
:104A600001207047002070472DE9F84F0446006888
:104A700089460B9D01689846174641F480610160A4
:104A80002068016841F48071016000954FF0011BBE
:104A90000022594620460A9B00F0E4F84FF4007AC1
:104AA00040B120680068C00501D5C4F840A00320CB
:104AB000BDE8F88F216809F0FE0008612B462849FF
:104AC00020460A9A00F016F9F0BB20684169806917
:104AD00000902A4620460A9900F0A2F940B1206CC5
:104AE00004283AD12068016841F40071016034E083
:104AF000FEB2B8F1010F09D02168380A08612A46D0
:104B000020460A9900F08CF90028E8D12068066157
:104B10002A4620460A9900F083F90028DFD1206850
:104B2000016841F4807101600095002259462046D9
:104B30000A9B00F097F80028B3D1216809F0FF0024
:104B400040F00100086100E007E02B4604492046E0
:104B50000A9A00F0CFF80028AAD00120A8E70000A8
:104B6000020001002DE9F843044600680D46DDE926
:104B7000089701689846164641F4807101604B46DB
:104B800000224FF001112046009700F06BF848B169
:104B900020680068C00502D54FF40070206403202F
:104BA000BDE8F883216805F0FE0008613B464A46EF
:104BB0001549204600F09EF888B92068416980694F
:104BC00000903A464946204600F02AF948B1206C48
:104BD000042804D12068016841F4007101600120BB
:104BE000DEE7F5B2B8F1010F09D02168300A08619B
:104BF0003A464946204600F013F90028E7D12068DC
:104C000005610020CCE700000200010070B51646E7
:104C10000D4604461EE02046FFF70FFF08B10120B5
:104C200070BD681C16D0FDF7E5FF801BA84200D8B8
:104C300085B920684069C04340070BD5002044F87F
:104C4000300F20216173A073216941F0200121619F
:104C50002073E4E720684069C0434007DBD40020AC
:104C600070BD00002DE9F047984617460D460446F2
:104C7000C1F30746DDF820902AE000BFB8F1FF3FFE
:104C800026D0FDF7B7FFA0EB0901414502D8B8F1E6
:104C9000000F1DD12068012E16D0806925EA000082
:104CA0000004000C12D00020B84211D1002044F8BA
:104CB000300F20216173A073216941F0200121612F
:104CC00020730120BDE8F0874069E7E70120EBE7AA
:104CD0002068012E0AD0806925EA00000004000C3B
:104CE00006D00020B842C9D00020EBE74069F3E7C6
:104CF0000120F7E72DE9F047984616460D46044691
:104D00004FF000094FF0200AC1F3074723E0206865
:104D10004069C043400515D42068016841F4007122
:104D2000016021686FF480604861C4F8309084F8B5
:104D30003DA084F83E90216C41F00401216484F888
:104D40003C9021E0701C06D0FDF754FFA0EB08005A
:104D5000B04203D816B1012F1FD021E02068012FE7
:104D600015D0806925EA00000004000C18D000BFAF
:104D700044F8309F84F80DA084F80E90216941F02A
:104D80002001216184F80C900120BDE8F087406982
:104D900025EA00000004000CEAD12068406901E027
:104DA0002068806925EA00000004000CAFD1ECE720
:104DB0002DE9F041002590460E460446202728E0C4
:104DC0004069C043C0060CD454F8301B6FF010008B
:104DD000486144F810596777A577206A20622577E3
:104DE00014E0FDF707FFA0EB0800B04200D886B939
:104DF00020684069C04340060BD544F8305F6773B4
:104E0000A573206940F02000206125730120BDE8D2
:104E1000F08120684169C9434906D1D40020F6E7F2
:104E200070B516460D4604461EE02046FFF705FE07
:104E300008B1012070BD681C16D0FDF7DBFE801B99
:104E4000A84200D885B920684069C04300060BD548
:104E5000002044F8300F20216173A073216941F0D4
:104E6000200121612073E4E720684069C043000607
:104E7000DBD4002070BD000000487047C46D0020E6
:104E80000EB5072000E0642005F087FDFBF774FFF6
:104E90000028F8D102E0642005F07FFD05F01AFD3E
:104EA0000028F8D1804A101DCDE90102A2F11008B6
:104EB00008F10401FBF778FF4346A3F1340208F13F
:104EC000480AA2F10C01A1F10C00CDF800A005F0F8
:104ED0008FFBDFED760A9FED760A764A002108F116
:104EE000640000F08FFFA8F13402A2F10C0101F17F
:104EF0001800FBF715FCA8F14007A7F1180597ED7E
:104F0000000AA5F10C0685ED000AA5F1180986ED49
:104F1000000A89ED000A97ED010A002085ED010ADB
:104F200086ED010A89ED010A97ED020A85ED020A74
:104F300086ED020A89ED020A05F0B0FD07F0ECF8F3
:104F40005D4C5E4920611020C8610846FEF786FC72
:104F500008B1FCF770FC584908222831A1F108007B
:104F600002F076FA012020714FF0FF3B59460120F4
:104F700006F098FA0128F9D12078400708D5207862
:104F800020F0040020704C4801992930FBF7C4FE42
:104F9000607840070BD5607820F004006070424ACA
:104FA00008F104011032A2F12A00FBF76FFEA0788D
:104FB00040070CD5A07820F00400A0703E4802996C
:104FC0001630FBF7CBFF98ED040A05F00BFC364BCF
:104FD000CDF800A0103BA3F13402A2F10C01A1F125
:104FE0000C0005F005FBD6ED000A9FED350AC9ED72
:104FF000000A95ED001A2C4B86ED001A61EE001A9E
:105000009FED301A97ED002A443B40EE811ADFED08
:105010002E0AA3F1240202F10C0101F1240042EE58
:10502000201AC5ED001A96ED012A89ED012AD5ED69
:10503000011AC6ED011A61EE801A42EE011A97EDCF
:10504000012A42EE201AC5ED011A96ED022A89EDD9
:10505000022AD5ED021AC6ED021A21EE800A02EEEE
:10506000010A97ED021A01EE200A85ED020A9FED72
:10507000170AFBF7BDFC0C4B203B1A1F111FA1F1B7
:10508000100005F041FAE07810F00100E07007D060
:10509000E07820F00100E070E07840F00200E0707D
:1050A000FCF70CFC62E70000EC6D002000808945F5
:1050B00000A08C458CD3000818010020AC1E0020F5
:1050C0005AF8F63F5D896EBFD5A9183B6F12833A37
:1050D000030A0B701070704702F04EFB0A4C00BFC1
:1050E00000F019F800F013F800F014F800F010F8D0
:1050F00000F00CF800F00DF8002006F057FA2060E0
:10510000012005F04AFCEBE70002002070477047E1
:10511000704770477047704710B58EB000240794F1
:10512000089409940A940B941C2168460C94FBF78C
:1051300052FA174815490160A721C0E901144FF63A
:10514000FF71C0E90314846102F042FD4FF4805006
:10515000079007A90E48FEF75FFE0D48FEF7F5FF22
:105160000B940BA90A480C94FEF750FD6020CDE982
:10517000000402940822694605480494FEF77FFF64
:10518000034802F0DDFD0EB010BD00000008004035
:10519000147000200F4810B50D49016003214160D3
:1051A00000214FF420228160C0E903124FF48012E5
:1051B0004261017641768176C17601774177FDF7CC
:1051C0004EF8002803D0BDE81040FCF734BB10BDFA
:1051D00000640040081E00200F4810B50D49016012
:1051E0000321416000214FF420228160C0E90312B5
:1051F0004FF480124261017641768176C176017763
:105200004177FDF72CF8002803D0BDE81040FCF7EB
:1052100012BB10BD00680040301E0020254808B5B4
:10522000016841F480010160016801F4800100918E
:10523000016841F4001101600068002200F40010D0
:1052400000900F210C20FEF715F80C20FEF704F853
:10525000002205213920FEF70DF83920FDF7FCFF6B
:10526000002205213A20FEF705F83A20FDF7F4FF69
:10527000002205213B20FDF7FDFF3B20FDF7ECFF61
:10528000002205214420FDF7F5FF4420FDF7E4FF4F
:10529000002205214520FDF7EDFF4520FDF7DCFF4D
:1052A000002205214620FDF7E5FFBDE80840462025
:1052B000FDF7D2BF3038024010B5314A00213148E5
:1052C00005F0A6FB304C2E4A0021206024322F48E6
:1052D00005F09EFB2A4A6060483200212C4805F008
:1052E00097FB274AA0606C3200212A4805F090FB0A
:1052F000234AE06090320021274805F089FB204ACC
:105300002061B4320021254805F082FB1C4A60610F
:10531000D8320021224805F07BFB194AA061FC32FB
:105320000021204805F074FBE0611F4A00211F485E
:1053300005F06EFB1C4A2062243200211C4805F057
:1053400067FB194A6062483200211A4805F060FB89
:10535000154AA0626C320021174805F059FB124A29
:10536000E06290320021154805F052FB0E4A20639E
:10537000B4320021124805F04BFB606310BD000001
:1053800060D10008B97A000800000020814E0008B2
:105390000D9F0008191600080D12000825190008B5
:1053A00079760008C510000880D20008AD5E0008BC
:1053B000615E0008551200087176000869760008E1
:1053C0002D0B00082DE9F04387B014216846FBF748
:1053D00002F960480025016841F00201016001689E
:1053E00001F002010591016841F04001016001688E
:1053F00001F040010591016841F00101016001687F
:1054000001F001010591016841F0080101600168A6
:1054100001F008010591016841F004010160016893
:1054200001F004010591016841F02001016001686B
:1054300001F020010591016841F0800101600068E0
:10544000DFF8148100F080000590012240214046E1
:10545000FDF7CAFB414F00224FF4E0513846FDF7FB
:10546000C3FB3F4E012210213046FDF7BDFBDFF8A4
:10547000F490012211464846FDF7B6FB0124402076
:10548000CDE900040294694640460394FDF7B4FA5E
:105490004FF4C0508DE83100694638460395FDF75A
:1054A000ABFA082000904FF48810CDE9010469465A
:1054B0004046FDF7A1FAA002CDE90004694638464E
:1054C000CDE90245FDF798FA1020CDE90004022548
:1054D00069463046CDE90245FDF78EFA30204FF49B
:1054E0000416CDE90006694602941F48FDF784FAC8
:1054F000CDE90046694640460294FDF77DFA0094E6
:10550000694648460194CDE90245FDF775FA002247
:1055100005210620FDF7AEFE0620FDF79DFE0022C8
:1055200005210920FDF7A6FE0920FDF795FE0022C2
:1055300005210A20FDF79EFE0A20FDF78DFE0022C0
:1055400005211720FDF796FE1720FDF785FE07B011
:10555000BDE8F0833038024000180240001C0240D1
:105560000000024000040240000802400D4810B54F
:105570000B4901600C49416000214FF48042816079
:10558000C0E9031241618161C1610162FDF738FB2D
:10559000002803D0BDE81040FCF74DB910BD000055
:1055A000005C0040581E0020801A0600104810B50C
:1055B0000E4901604FF48271416000210222816036
:1055C000C0E9031201224261520282613822C0E91D
:1055D0000721416281620A21C162FEF73FF900287A
:1055E00003D0BDE81040FCF726B910BD00300140E3
:1055F000AC1E002010B588B01C216846FAF7EBFFFE
:10560000144813490024C0E9001441F28731C0E96D
:10561000024104618461FEF741FB08B1FCF70BF91C
:105620000C48FEF792FD08B1FCF705F96020CDE9C2
:10563000000402940022694606480494FEF71FFD08
:1056400008B1FCF7F8F80348FEF7EEFC08B010BD0F
:1056500000440140C41F00200C4810B50A490160F5
:105660004FF4E1314160002181600C22C160C0E94A
:1056700004128161C161FEF7C7FF002803D0BDE8B5
:105680001040FCF7D8B810BD001001400C200020DD
:105690000E4810B50C4901600D4941604FF480512E
:1056A00081604900C160C91001610C214161002184
:1056B0008161C161FEF7A8FF002803D0BDE810405A
:1056C000FCF7B9B810BD000000480040542000208D
:1056D000A08601000C4810B50A4901604FF4E13181
:1056E0004160002181600C22C160C0E90412816127
:1056F000C161FEF789FF002803D0BDE81040FCF728
:105700009AB810BD001401409C200020FEE7000064
:10571000002804D000680649884201D10548704736
:105720000549884202D10348A030704700207047E5
:1057300000640040A46E00200068004010B52DED0C
:10574000068BB0EE608AB0EE409A71EE488AF5EEB4
:10575000C08AF1EE10FA2BD928B318EE900A07F0A0
:1057600009FC39EE480A41EC1A0B10EE100A07F05A
:1057700001FC41EC100BB0EE4A1AF0EE6A1A03F08D
:10578000FFF851EC100B06F0CDFE00EE100AB5EE5E
:10579000C00AF1EE10FA01D230EE280A30EE080A03
:1057A000BDEC068B10BDB4EEC89AF1EE10FA02D231
:1057B000B0EE480AF4E7B4EEC19AF1EE10FA02DD59
:1057C000B0EE410AECE7B0EE490AE9E7F4EE410A2F
:1057D000F1EE10FA06D131EE820AF6EE000A20EE62
:1057E000200A704730EE600A31EE601AC0EE010AFE
:1057F00032EE611AB0EE610A00EE810A70470000D5
:1058000010B59142029C05D1181900B200EBD0707E
:10581000401010BDE41A401A521A604390FBF2F097
:10582000C118B1F5004F02DB47F6FF7010BD02480A
:105830008142FBDB08B210BD0080FFFF10B510EE07
:10584000100A07F097FB9FED051B53EC112B07F097
:10585000F5F806F067FE00EE100A10BDF8C1631AF5
:10586000DCA54C40FEE7000030EEC00A0849DFED41
:10587000090A10EE100A884202DD30EE600A704715
:1058800010EE100A04498842F9D930EE200A704718
:10589000000034430000B443000034C390ED061A06
:1058A000F0EE401A90ED000A31EEC11AD0ED020A76
:1058B00020EE210A90ED073A60EE812A90ED011A60
:1058C000F0EE400A90ED092A41EE030A70EEA20ABA
:1058D000B4EEE02AF1EE10FA04D8F5EEC01AF1EEBB
:1058E00010FA0FDCD0ED083AF4EEE03AF1EE10FADF
:1058F00004DBF5EEC01AF1EE10FA03D373EE210AC1
:10590000C0ED070AD0ED070A90ED0B3A194961EE98
:10591000200AB4EEE03AF1EE10FA06D390ED0A3A1E
:10592000B4EEE03AF1EE10FA09DD11EE102AF0EED5
:10593000430A8A4203DD80EE813A80ED073A30EE79
:10594000200A30EE220AB4EEC02AF1EE10FA02D29A
:10595000B0EE420A08E0D0ED080AF4EEC00AF1EE1B
:1059600010FA01DDB0EE600AC0ED061A80ED0C0AF7
:1059700070470000BD37863580ED040A30EEC00A5E
:10598000C0ED030A80ED050AFFF788BF10B5044695
:105990002DED048BB0EE609ADFED1E8AF0EE680A02
:1059A00003F070F8B0EE408AB5EEC08AF1EE10FA5E
:1059B00001D238EE288AF0EE680AB0EE490A03F008
:1059C00061F8B5EEC00AF1EE10FA01D230EE280A05
:1059D00084ED048AF0EE680A84ED030A30EE480A8A
:1059E00003F050F810EE100A0B49884202DD30EE49
:1059F000680A06E010EE100A0849884201D330EE2A
:105A0000280A204684ED050ABDEC048BBDE8104051
:105A1000FFF744BF0000B44300003443000034C328
:105A200070B505462DED068BF0EE418AB0EE409A3A
:105A3000B0EE60AAF0EE619A0C46F0EE490AB0EEC4
:105A4000680A0846FFF798FF78EEC90AB0EE408A68
:105A50009FED0B0AF0EEE00AF4EEE90AF1EE10FA1F
:105A600006DDF0EE480AB0EE4A0A2846FFF784FF4A
:105A700084ED0C8A85ED0C0ABDEC068B70BD000030
:105A80000000000070B505462DED068BF0EE418A52
:105A9000B0EE409AB0EE60AAF0EE619A0C46F0EEDD
:105AA000490AB0EE680A0846FFF770FF78EEC90AA7
:105AB000B0EE408A9FED0B0AF0EEE00AF4EEE90A40
:105AC000F1EE10FA06DDF0EE480AB0EE4A0A28467A
:105AD000FFF752FF84ED0C8A85ED0C0ABDEC068BB6
:105AE00070BD000000000000B0EE401A90ED000A0A
:105AF00060EE011A90ED050A30EE010A80ED050A0C
:105B000090ED0D2AB4EEC20AF1EE10FA06DC90ED2B
:105B10000E2AB4EEC20AF1EE10FA01D280ED052A87
:105B200090ED010A90ED052AD0ED062A20EE020A3A
:105B300071EE622A90ED022A31EE800A22EE222ACC
:105B400030EE020A30EE200AD0ED0B0AF4EEC00A65
:105B5000F1EE10FA06D3D0ED0C0AF4EEC00AF1EE25
:105B600010FA01DDB0EE600A80ED061A80ED090A38
:105B7000704700002DE9F04104002DED048BB0EEDC
:105B8000609AF0EE408A22D094F83C0028B394ED5D
:105B90000A0AF0EE490AFFF767FED4ED030A2A4D20
:105BA0009FED2A8A20EE800AF0EE480A85ED000A71
:105BB000B0EE680A02F066FF10EE100A244E254F80
:105BC00084ED080AB0420BDB30EE480A0EE09FED90
:105BD000220ABDEC048BBDE8F08194ED090AF8E7D8
:105BE00010EE100AB84203D930EE080A84ED080A14
:105BF000F0EE480AB0EE490A02F044FF10EE100A37
:105C000084ED070AB04202DB30EE480A05E010EEF0
:105C1000100AB84203D930EE080A84ED070AF0EE04
:105C2000400A94ED080AFFF71FFE84ED040AD4ED44
:105C3000070A2046C4ED0A0AD5ED000ABDEC048B24
:105C4000BDE8F041FFF750BFC00100200000B443A1
:105C500000003443000034C30000000000B5010020
:105C60000ED081ED0C2AC1ED0B2A81ED0E3AC1ED6B
:105C70000D3A81EC040A00F005F8012081F83C009F
:105C800000BD000000280FD09FED080A80ED040A37
:105C900080ED050A80ED060A80ED0A0A80ED070A0C
:105CA00080ED080A80ED090A70470000000000003E
:105CB00080EC030A9FED080A80ED030A80ED040AD8
:105CC00080ED050A80ED060A80ED070A80ED0C0ADA
:105CD0002030C0EC041A704700000000A0B1D0EDE5
:105CE000101AC0ED111A90ED0F1A80ED101AC0EDC8
:105CF000060A80ED070A30EEC00A80ED0F0A01782F
:105D000029B101293BD078E09FED3D0A7047D0EDE5
:105D1000010A60EE801AC0ED091AD0ED0A0A90ED72
:105D2000022A42EE000A30EE410AC0ED0A0A90ED66
:105D30000D2A80ED0E2A90ED0C2A80ED0D2A80EDC3
:105D40000C0A90ED031A21EE001A80ED0B1A90ED6B
:105D5000050AF4EEC00AF1EE10FA09DCB1EE400AD1
:105D6000F4EEC00AF1EE10FA02D390ED0A0A01E057
:105D700080ED0A0A31EE800A30EE010A2BE070EE67
:105D8000410A90ED012A20EE822A80ED092AD0ED09
:105D9000020A60EE800AC0ED0A0AD0ED0D2A72EE0A
:105DA000200AC0ED0E2AD0ED0C2AC0ED0D2AF0EE2F
:105DB000002A01EE620A30EE210A80ED0C0A90ED15
:105DC000031A21EE000A80ED0B0A30EE800AD0EDB6
:105DD000080A30EE200A80ED080AD0ED040AB4EE7D
:105DE000E00AF1EE10FA06DCF1EE600AB4EEE00A29
:105DF000F1EE10FA01D2C0ED080A90ED080A7047E2
:105E000000000000002828D0002A26D0017092ED62
:105E1000001A80ED011A92ED011A80ED021A92ED3E
:105E2000021A80ED031A80ED040A9FED0C0AC0ED02
:105E3000050A80ED0E0A80ED0D0A80ED0C0A80ED5A
:105E4000080A80ED0B0A80ED0A0A80ED090A80ED50
:105E5000110A80ED100A80ED0F0A70470000000063
:105E6000054C00BFFEF798FD002005F09FFB206069
:105E7000012004F092FDF5E7C801002010EE100AA1
:105E80000649884202DB9FED060A704710EE100AB1
:105E900004498842F9D39FED040A704700FEFF468B
:105EA00000FEFF4600FEFFC600FEFFC6054C00BF19
:105EB00000F00CF9002005F079FBA060012004F04F
:105EC0006CFDF5E7CC000020B0F80110C1F30A0228
:105ED000484921F8042B8278C378D20842EA431259
:105EE000C2F30A0221F8022CC2780379920942EA2D
:105EF0008302437942EA8322C2F30A020A8042798A
:105F00008379520842EAC312C2F30A024A808279B4
:105F1000C379120942EA0312C2F30A028A80C279E3
:105F2000037AD20942EA4302437A42EA4322C2F3A5
:105F30000A02CA80427A837A920842EA8312C2F342
:105F40000A020A81827AC37A520942EAC3024A816A
:105F50008289C2F30A028A81427B837BD20842EAA9
:105F60004312C2F30A02CA81827BC37B920942EACE
:105F70008302037C42EA8322C2F30A020A82027C81
:105F8000437C520842EAC312C2F30A024A82427CAC
:105F9000837C120942EA0312C2F30A028A82827CDB
:105FA000C37CD20942EA4302037D42EA4322C2F3A0
:105FB0000A02CA82027D437D920842EA8312C2F33A
:105FC0000A020A83427D837D520942EAC3024A8360
:105FD000C27D02F001020A77C27DC2F340024A7715
:105FE000C27DC2F380028A77C07DC0F3C000C8774B
:105FF00070470000146C002070B5FCF7FBFD1A49D7
:1060000004464FF4FA75C86A91F83030201A02221B
:1060100053B1012B03D0022B1BD0032B03D1A84279
:1060200001D981F8302070BD91F82360002301244C
:1060300016B991F822601EB101F8253FCC7270BDEF
:10604000A84203D901F8253FCA7270BD6428F3D86D
:1060500070BD064D2868201AB0F57A7FF8D900F097
:1060600075F82C6070BD0000146C0020CC0000207E
:1060700070B5144D382168601348FAF7ACFA12482D
:1060800032213438FAF7A7FA0F4C002084F82500A3
:10609000032084F83000FCF7ADFDE062FCF7AAFDB8
:1060A000A062FCF7A7FD606368680168CA6842F0F7
:1060B0001002CA60A4F13401BDE870403222FEF73C
:1060C0000BBC0000CC000020146C002070B5002533
:1060D000FFF792FF1C4C94F8240028B9FCF78AFDC6
:1060E000A16A401A0A2821D91749002034390A5CCC
:1060F0000F2A02D10A18127ECAB1401C80B2192898
:10610000F5D9002684F82460FCF774FDA062002D08
:106110000CD094F830000121032803D0012801D0CD
:10612000022803D184F8306084F8251070BD0E1861
:106130003046FFF7C9FE0125FCF75CFDE062304602
:106140001921FAF726FADCE7146C002070B5124C1E
:106150006068FEF796F865686FF00F0029680860C0
:106160002868406832210D48FAF735FA0B4C0020B8
:106170003434322284F8240084F8230004F8220FF7
:1061800006492846FEF7A8FB0320A073FCF732FD62
:10619000C4F8120070BD0000CC000020E06B0020AD
:1061A0000C4808B5406801680A68D243D20606D494
:1061B0000A684968084A0091012182F824100168A0
:1061C0000A68D243120704D16FF00F020A60006818
:1061D000406808BDCC000020146C00202DE9F74F6A
:1061E000F84981B00868026822F001020260F648AE
:1061F0000268136823F00103136003E00A6822F0C9
:1062000001020A60EF4909680A68D207F6D103E083
:10621000016821F001010160EB4800680168C907CD
:10622000F6D1EA48EA4AEB4BD0F84C90E84CE94DFD
:10623000E74EE84FDFF898E3DFF894C3D9F80000A1
:10624000E449483A603318341835303E78374FF413
:10625000006A0CF1300C704535D9884205D0904267
:1062600003D0984201D0A04201D1202026E0A842CC
:1062700005D0B04203D0B84201D0604501D15046AC
:106280001CE0DFF8508308F13008404511D0DFF8FA
:106290004083A8F1180840450BD0DFF8388308F197
:1062A0009008404505D0DFF8288308F148084045AC
:1062B00002D14FF4001001E04FF00060DFF81083CE
:1062C000A8F14C083AE0DFF80C8308F1A808404533
:1062D00037D9884205D0904203D0984201D0A042DD
:1062E00001D1202026E0A84205D0B04203D0B84218
:1062F00001D0604501D150461CE0DFF8D88208F19A
:106300003008404511D0DFF8C882A8F11808404590
:106310000BD0DFF8C08208F19008404505D0DFF8C7
:10632000B08208F14808404502D14FF4001001E066
:106330004FF00060DFF89882A8F15008C8F800001C
:1063400074E0DFF8908208F14808404537D9884268
:1063500005D0904203D0984201D0A04201D1202024
:1063600026E0A84205D0B04203D0B84201D0604533
:1063700001D150461CE0DFF85C8208F1300840454E
:1063800011D0DFF84C82A8F1180840450BD0DFF897
:10639000448208F19008404505D0DFF8348208F1C6
:1063A0004808404502D14FF4001001E04FF0006072
:1063B000DFF82082A8F11008C8F80C0036E0884207
:1063C00005D0904203D0984201D0A04201D12020B4
:1063D00026E0A84205D0B04203D0B84201D06045C3
:1063E00001D150461CE0DFF8EC8108F1300840454F
:1063F00011D0DFF8DC81A8F1180840450BD0DFF898
:10640000D48108F19008404505D0DFF8C48108F137
:106410004808404502D14FF4001001E04FF0006001
:10642000DFF8B081A8F11008C8F80800D9F800001A
:106430004FF4806B704535D9884205D0904203D027
:10644000984201D0A04201D1102026E0A84205D0F8
:10645000B04203D0B84201D0604501D158461CE09B
:10646000DFF8708108F13008404511D0DFF8608115
:10647000A8F1180840450BD0DFF8588108F19008C2
:10648000404505D0DFF8488108F14808404502D171
:106490004FF4801001E04FF08060DFF83481A8F104
:1064A0004C083AE0DFF82C8108F1A808404537D9BC
:1064B000884205D0904203D0984201D0A04201D139
:1064C000102026E0A84205D0B04203D0B84201D047
:1064D000604501D158461CE0DFF8F88008F130082B
:1064E000404511D0DFF8E880A8F1180840450BD0EE
:1064F000DFF8E08008F19008404505D0DFF8D08053
:1065000008F14808404502D14FF4801001E04FF0F7
:106510008060DFF8BC80A8F15008C8F800007AE07D
:10652000DFF8B08008F14808404537D9884205D0E7
:10653000904203D0984201D0A04201D1102026E021
:10654000A84205D0B04203D0B84201D0604501D185
:1065500058461CE0DFF87C8008F13008404511D037
:10656000DFF86C80A8F1180840450BD0DFF8648094
:1065700008F19008404505D0DFF8548008F148083C
:10658000404502D14FF4801001E04FF08060DFF809
:106590004480A8F11008C8F80C003CE0884205D0FF
:1065A000904203D0984201D0A04201D110202CE0AB
:1065B000A84205D0B04203D0B84201D060450BD10B
:1065C000584622E0041F0020641F0020AC1E00205B
:1065D0005864024010600240DFF8688940450FD0DF
:1065E000DFF8648940450BD0DFF8588908F160086E
:1065F000404505D0DFF8508908F16008404502D1D8
:106600004FF4801001E04FF08060DFF83889A8F186
:106610004008C8F80800D9F80000704532D988420F
:1066200005D0904203D0984201D0A04201D1082069
:1066300023E0A84205D0B04203D0B84201D0604563
:1066400002D14FF4007018E0DFF8F88840450FD011
:10665000DFF8F48840450BD0DFF8E88808F16008DF
:10666000404505D0DFF8E08808F16008404502D1D8
:106670004FF4002001E04FF00070DFF8CC88A8F163
:10668000340837E0DFF8BC8808F17808404534D991
:10669000884205D0904203D0984201D0A04201D157
:1066A000082023E0A84205D0B04203D0B84201D070
:1066B000604502D14FF4007018E0DFF8888840454B
:1066C0000FD0DFF8848840450BD0DFF8788808F1D8
:1066D0006008404505D0DFF8708808F16008404543
:1066E00002D14FF4002001E04FF00070DFF858882D
:1066F000A8F13808C8F800006EE0DFF8488808F113
:106700001808404534D9884205D0904203D09842B9
:1067100001D0A04201D1082023E0A84205D0B04218
:1067200003D0B84201D0604502D14FF4007018E0A8
:10673000DFF8108840450FD0DFF80C8840450BD0BB
:10674000DFF8008808F16008404505D0DFF8F887D9
:1067500008F16008404502D14FF4002001E04FF0FD
:106760000070DFF8E087A8F14008C8F80C0033E0BB
:10677000884205D0904203D0984201D0A04201D176
:10678000082023E0A84205D0B04203D0B84201D08F
:10679000604502D14FF4007018E0DFF8A88740454B
:1067A0000FD0DFF8A48740450BD0DFF8988708F1B9
:1067B0006008404505D0DFF8908708F16008404543
:1067C00002D14FF4002001E04FF00070DFF8748731
:1067D000A8F14008C8F80800DFF86C87D9F8000075
:1067E00008F118084FF4807E404531D9884205D021
:1067F000904203D0984201D0A04201D1042022E06F
:10680000A84205D0B04203D0B84201D0604501D1C2
:10681000704618E0DFF82C8740450FD0DFF8288756
:1068200040450BD0DFF81C8708F16008404505D0D3
:10683000DFF8148708F16008404502D14FF480204A
:1068400001E04FF08070DFF80087A8F1340836E0EF
:10685000DFF8F08608F17808404533D9884205D042
:10686000904203D0984201D0A04201D1042022E0FE
:10687000A84205D0B04203D0B84201D0604501D152
:10688000704618E0DFF8BC8640450FD0DFF8B886C8
:1068900040450BD0DFF8AC8608F16008404505D0D4
:1068A000DFF8A48608F16008404502D14FF480204B
:1068B00001E04FF08070DFF89086A8F13808C8F842
:1068C00000006CE0DFF87C8608F11808404533D9F9
:1068D000884205D0904203D0984201D0A04201D115
:1068E000042022E0A84205D0B04203D0B84201D033
:1068F000604501D1704618E0DFF8488640450FD06A
:10690000DFF8448640450BD0DFF8388608F1600890
:10691000404505D0DFF8308608F16008404502D1D7
:106920004FF4802001E04FF08070DFF81886A8F166
:106930004008C8F80C0032E0884205D0904203D0ED
:10694000984201D0A04201D1042022E0A84205D003
:10695000B04203D0B84201D0604501D1704618E082
:10696000DFF8E08540450FD0DFF8DC8540450BD0EF
:10697000DFF8D08508F16008404505D0DFF8C8850C
:1069800008F16008404502D14FF4802001E04FF04B
:106990008070DFF8B085A8F14008C8F80800DFF87B
:1069A000A885D9F8000008F118084FF4803940454F
:1069B00030D9884205D0904203D0984201D0A042FD
:1069C00001D1012021E0A84205D0B04203D0B84255
:1069D00001D0604501D1402017E0DFF868854045CF
:1069E0000FD0DFF8648540450BD0DFF8588508F1FB
:1069F0006008404505D0DFF8508508F16008404543
:106A000001D1484601E04FF48000DFF83C85A8F151
:106A1000340835E0DFF82C8508F17808404532D994
:106A2000884205D0904203D0984201D0A04201D1C3
:106A3000012021E0A84205D0B04203D0B84201D0E5
:106A4000604501D1402017E0DFF8F88440450FD0C1
:106A5000DFF8F48440450BD0DFF8E88408F16008E3
:106A6000404505D0DFF8E08408F16008404501D1D9
:106A7000484601E04FF48000DFF8CC84A8F13808E4
:106A8000C8F800006AE0DFF8BC8408F11808404547
:106A900032D9884205D0904203D0984201D0A0421A
:106AA00001D1012021E0A84205D0B04203D0B84274
:106AB00001D0604501D1402017E0DFF888844045CF
:106AC0000FD0DFF8848440450BD0DFF8788408F1DC
:106AD0006008404505D0DFF8708408F16008404543
:106AE00001D1484601E04FF48000DFF85884A8F156
:106AF0004008C8F80C0031E0884205D0904203D02D
:106B0000984201D0A04201D1012021E0A84205D045
:106B1000B04203D0B84201D0604501D1402017E017
:106B2000DFF8208440450FD0DFF81C8440450BD0AF
:106B3000DFF8108408F16008404505D0DFF80884CC
:106B400008F16008404501D1484601E04FF480005B
:106B5000DFF8F083A8F14008C8F80800FB48DFF828
:106B6000E883806C009008F118080068404531D92E
:106B7000884205D0904203D0984201D0A04201D172
:106B8000202022E0A84205D0B04203D0B84201D074
:106B9000604501D1504618E0DFF8A88340450FD08A
:106BA000DFF8A48340450BD0DFF8988308F1600834
:106BB000404505D0DFF8908308F16008404502D1D8
:106BC0004FF4001001E04FF00060DFF87C83A8F183
:106BD000340836E0DFF86C8308F17808404533D993
:106BE000884205D0904203D0984201D0A04201D102
:106BF000202022E0A84205D0B04203D0B84201D004
:106C0000604501D1504618E0DFF8388340450FD089
:106C1000DFF8348340450BD0DFF8288308F16008A3
:106C2000404505D0DFF8208308F16008404502D1D7
:106C30004FF4001001E04FF00060DFF80C83A8F182
:106C40003808C8F800006CE0DFF8F88208F118088E
:106C5000404533D9884205D0904203D0984201D0B4
:106C6000A04201D1202022E0A84205D0B04203D0AA
:106C7000B84201D0604501D1504618E0DFF8C48227
:106C800040450FD0DFF8C08240450BD0DFF8B4821A
:106C900008F16008404505D0DFF8AC8208F16008D3
:106CA000404502D14FF4001001E04FF00060DFF8E2
:106CB0009482A8F14008C8F80C0032E0884205D060
:106CC000904203D0984201D0A04201D1202022E07E
:106CD000A84205D0B04203D0B84201D0604501D1EE
:106CE000504618E0DFF85C8240450FD0DFF858824C
:106CF00040450BD0DFF84C8208F16008404505D0D4
:106D0000DFF8448208F16008404502D14FF40010DA
:106D100001E04FF00060DFF82C82A8F14008C8F8CD
:106D200008000098DFF820A200680AF1180A504510
:106D300031D9884205D0904203D0984201D0A04278
:106D400001D1102022E0A84205D0B04203D0B842C1
:106D500001D0604501D1584618E0DFF8E881404590
:106D60000FD0DFF8E48140450BD0DFF8D88108F17F
:106D70006008404505D0DFF8D08108F16008404543
:106D800002D14FF4801001E04FF08060DFF8B8814D
:106D9000A8F1340836E0DFF8AC8108F17808404506
:106DA00033D9884205D0904203D0984201D0A04206
:106DB00001D1102022E0A84205D0B04203D0B84251
:106DC00001D0604501D1584618E0DFF87881404590
:106DD0000FD0DFF8748140450BD0DFF8688108F1EF
:106DE0006008404505D0DFF8608108F16008404543
:106DF00002D14FF4801001E04FF08060DFF848814D
:106E0000A8F13808C8F800006CE0DFF8388108F114
:106E10001808404533D9884205D0904203D09842A3
:106E200001D0A04201D1102022E0A84205D0B042FA
:106E300003D0B84201D0604501D1584618E0DFF8D0
:106E4000048140450FD0DFF8008140450BD0DFF8CA
:106E5000F48008F16008404505D0DFF8EC8008F1C7
:106E60006008404502D14FF4801001E04FF080608F
:106E7000DFF8D080A8F14008C8F80C0032E0884262
:106E800005D0904203D0984201D0A04201D11020F9
:106E900022E0A84205D0B04203D0B84201D06045FC
:106EA00001D1584618E0DFF89C8040450FD0DFF84C
:106EB000988040450BD0DFF88C8008F16008404591
:106EC00005D0DFF8848008F16008404502D14FF416
:106ED000801001E04FF08060DFF86880A8F1400882
:106EE000C8F8080000980068504536D9884205D097
:106EF000904203D0984201D0A04201D1082029E05D
:106F0000A84205D0B04203D0B84201D0604502D1BA
:106F10004FF400701EE0DFF82C8040450FD0DFF802
:106F2000288040450BD0DFF81C8008F16008404500
:106F300005D0DFF8148008F16008404508D14FF40F
:106F4000002007E04060024040640240AC1E002088
:106F50004FF00070DFF8E88439E0DFF8E88440455E
:106F600038D9884205D0904203D0984201D0A0423F
:106F700001D1082027E0A84205D0B04203D0B84292
:106F800001D0604502D14FF400701CE0DFF8B484FA
:106F9000A8F17808404511D0DFF8A48408F134083E
:106FA00040450BD0DFF89C84A8F11808404505D077
:106FB000DFF88C8408F19408404502D14FF400209A
:106FC00001E04FF00070DFF87884A8F10408C8F8F9
:106FD000000076E0DFF86C84A8F16008404538D9FD
:106FE000884205D0904203D0984201D0A04201D1FE
:106FF000082027E0A84205D0B04203D0B84201D013
:10700000604502D14FF400701CE0DFF83884A8F12D
:107010007808404511D0DFF8288408F1340840454D
:107020000BD0DFF82084A8F11808404505D0DFF820
:10703000108408F19408404502D14FF4002001E08B
:107040004FF00070DFF8FC83A8F1B808C8F80C0016
:1070500037E0884205D0904203D0984201D0A04248
:1070600001D1082027E0A84205D0B04203D0B842A1
:1070700001D0604502D14FF400701CE0DFF8C483FA
:10708000A8F17808404511D0DFF8B48308F134083E
:1070900040450BD0DFF8AC83A8F11808404505D077
:1070A000DFF89C8308F19408404502D14FF400209A
:1070B00001E04FF00070DFF88C83A8F1B808C8F841
:1070C000080000980068504533D9884205D09042A6
:1070D00003D0984201D0A04201D1042026E0A8426A
:1070E00005D0B04203D0B84201D0604501D170460E
:1070F0001CE0DFF85083A8F17808404511D0DFF894
:10710000408308F1340840450BD0DFF83883A8F1FC
:107110001808404505D0DFF8288308F19408404559
:1071200002D14FF4802001E04FF08070DFF810832F
:1071300038E0DFF81083404537D9884205D09042C7
:1071400003D0984201D0A04201D1042026E0A842F9
:1071500005D0B04203D0B84201D0604501D170469D
:107160001CE0DFF8E082A8F17808404511D0DFF894
:10717000D08208F1340840450BD0DFF8C882A8F16E
:107180001808404505D0DFF8B88208F1940840455A
:1071900002D14FF4802001E04FF08070DFF8A08230
:1071A000A8F10408C8F8000074E0DFF89882A8F19C
:1071B0006008404537D9884205D0904203D09842B4
:1071C00001D0A04201D1042026E0A84205D0B0425F
:1071D00003D0B84201D0604501D170461CE0DFF811
:1071E0006482A8F17808404511D0DFF8548208F194
:1071F000340840450BD0DFF84C82A8F11808404510
:1072000005D0DFF83C8208F19408404502D14FF4E4
:10721000802001E04FF08070DFF82882A8F1B808E4
:10722000C8F80C0036E0884205D0904203D098425E
:1072300001D0A04201D1042026E0A84205D0B042EE
:1072400003D0B84201D0604501D170461CE0DFF8A0
:10725000F481A8F17808404511D0DFF8E48108F105
:10726000340840450BD0DFF8DC81A8F11808404510
:1072700005D0DFF8CC8108F19408404502D14FF4E5
:10728000802001E04FF08070DFF8B881A8F1B808E5
:10729000C8F8080000980068504529D9884205D0F0
:1072A000904203D0984201D0A04201D101201DE0BC
:1072B000A84205D0B04203D0B84201D0604501D108
:1072C000402013E05F49783988420BD05C49343163
:1072D000884207D05B491839884203D05849943115
:1072E000884201D1484601E04FF4800054492DE026
:1072F000DFF8508140452BD9884205D0904203D019
:10730000984201D0A04201D101201DE0A84205D041
:10731000B04203D0B84201D0604501D1402013E013
:107320004849783988420BD045493431884207D0E2
:1073300044491839884203D041499431884201D1E7
:10734000484601E04FF480003D49091F08605CE0B9
:10735000DFF8F080A8F1600840452BD9884205D0BD
:10736000904203D0984201D0A04201D101201DE0FB
:10737000A84205D0B04203D0B84201D0604501D147
:10738000402013E02F49783988420BD02C49343102
:10739000884207D02B491839884203D028499431B4
:1073A000884201D1484601E04FF480002549B839B0
:1073B000C8602AE0884205D0904203D0984201D0AC
:1073C000A04201D101201DE0A84205D0B04203D067
:1073D000B84201D0604501D1402013E01949783905
:1073E00088420BD016493431884207D015491839E4
:1073F000884203D012499431884201D1484601E0C5
:107400004FF480000F49B83988600F48029902682C
:10741000D1600E49019A0B68DA600368039A5A60DA
:107420000B68039A5A600068026842F00102026029
:107430000868016841F001010160BDE8FF8F0000AC
:107440000C640240B8600240041F0020641F00204A
:107450002DE9F04F8346344803685C6844F0020429
:107460005C6003685C6844F001045C600068036869
:1074700043F0400303602D4803681C6824F00104B6
:107480001C6003681C68E407F7D1294E294C284D7D
:107490004C3EDFF8A0A0274FB83C4FF4001CA6F1EB
:1074A0000409AAF1600AAB4202D9C6F800C00BE099
:1074B000BB4202D9C9F800C006E0534502D9C4F85E
:1074C0000CC001E0C4F808C0DFF86CC0C3F808C005
:1074D0000368D96001684A600068016841F01001E2
:1074E0000160164801680B6823F001030B60016816
:1074F0000B68DB07F7D14FF00063A94201D9336075
:1075000009E0B94202D9C9F8003004E0514501D977
:10751000E36000E0A360C1F808C00368C3F80CB0E2
:1075200000684260BDE8F08FAC1E0020041F002000
:1075300058640240B86002400C300140641F0020D3
:10754000F8B515460E460B4600920446012202216C
:1075500000F02CF8A0B9134813490068B0FBF1F013
:107560004FF47A71484300906068B0F5827F0DD186
:107570003346002280212046009500F017F870B1B4
:10758000606D40F0200060650320F8BD009830B1C8
:10759000401E009020688068C0430006F6D5002099
:1075A000F8BD00004800002000366E012DE9F843C8
:1075B0001E46914688460446089DFBF71BFB401B70
:1075C000351AFBF717FB074626480068C0F3CB3097
:1075D00068430AE0701C09D0FBF70CFBC01BA842F3
:1075E0000FD275B10098B8B3401E00902068816832
:1075F00038EA010033D000214945EBD10020BDE835
:10760000F8832068416821F0E00141606068B0F5CE
:10761000827F0BD1A068B0F5004F02D0B0F5806F2B
:1076200004D12068016821F040010160A06AB0F532
:10763000005F09D12068016821F4005101602068D1
:10764000016841F400510160012084F851000020DC
:1076500084F850000320D2E7FFE70025C6E70121A8
:10766000CAE7000048000020012003F096F9FBE77C
:10767000012003F092F9FBE700F07EF80A4C00BF0E
:1076800000F0E2F900F076F800F0DCF900F014F90F
:1076900000F00CF800F02EF9002003F087FF2060C6
:1076A000012003F07AF9EBE7F401002010B52F4C2C
:1076B000F7EE001A04F1F801B4F9200000EE100A08
:1076C000B4F92200B8EEC01A00EE100AB4F96C004A
:1076D0003434F8EEC00A00EE100AA1F13400B8EE1E
:1076E000C00AFEF79DF9BDEEC00A04F59671F7EEEB
:1076F000001A10EE100A6087B4F9000000EE100ABC
:10770000B4F90200B8EEC01A00EE100AB4F93C0059
:10771000F8EEC00A00EE100AA1F13400B8EEC00A7B
:10772000FEF77EF9BDEEC00A1149F7EE001A10EE21
:10773000100AE08734F9140F00EE100AB4F90200C1
:10774000B8EEC01A00EE100AB4F92C00F8EEC00A28
:1077500000EE100AA1F13400B8EEC00AFEF760F99D
:10776000BDEEC00A10EE100AE08510BDB47E002008
:107770007C8000207047000010B5494C00202DEDA2
:10778000068BB1EE043AF9EE042A2070DFED458A4B
:10779000B0EE682A9FED449AF0EE491A9FED438AB5
:1077A000B0EE080A04F19000B0EE481AF0EE480A74
:1077B000FEF77EFAB2EE043AFAEE042AB0EE682A38
:1077C000F0EE491AB0EE481AF0EE480AB7EE000A99
:1077D00004F1C400FEF76CFADFED359A9FED35AA8F
:1077E000B2EE043AFAEE042AB0EE692AF0EE4A1A32
:1077F000B0EE481AF0EE480AB3EE0E0A04F1F800B3
:10780000FEF756FAB2EE043AFAEE042AB0EE682A0F
:10781000F0EE491AB0EE481AF0EE480AB7EE000A48
:1078200004F59670FEF744FAB2EE043AFAEE042A32
:10783000B0EE692AF0EE4A1AB0EE481AF0EE480AA5
:10784000B3EE0E0A04F5B070FEF732FAB2EE043A67
:10785000FAEE042AB0EE682AF0EE491AB0EE481AA1
:10786000F0EE480AB7EE000A04F5CA70FEF720FAF7
:10787000B2EE043AFAEE042AB0EE692AF0EE4A1AA1
:10788000B0EE481AF0EE480AB3EE0E0A04F5E470C2
:10789000FEF70EFA032084F88400BDEC068B10BDC1
:1078A000B47E002000008046000080C6000000007A
:1078B00000401C4600401CC610B5F9F7BFFF0A483F
:1078C000017B012909D0002906D102219FED070A79
:1078D00080F8841080ED220A10BD002180F8841009
:1078E0009FED030AF6E70000B47E00200080F74514
:1078F0000000B443F0B52DED028B85B0FBF77AF9AB
:107900004B4E01274B4C31780025A1B36570207890
:107910000A2805D301210022084600F057FD2570F2
:1079200003950495B6F86E00ADF80C00B6F8720039
:10793000ADF80E00B6F87600ADF8100003AA0121EC
:107940003D486C36F9F72EFF022030764FF47A70FE
:107950000097CDE901504200D6ED070A9FED370AA6
:1079600013460921012000F041FD0320307605B0C7
:10797000BDEC028BF0BDFFE700950195617809B978
:10798000606067706168401A642838D2B6F92000D8
:107990009FED2B8A00EE100A2548F0EE480AB8EE5B
:1079A000C00A9030FDF7E8FFBDEEC00AF0EE480ACD
:1079B00010EE100AADF80000B6F9340000EE100A1F
:1079C0001B48B8EEC00A9030FDF7D6FFBDEEC00AE6
:1079D000F0EE480A10EE100AADF80200B6F94800C1
:1079E00000EE100A1248B8EEC00A9030FDF7C4FF4E
:1079F000BDEEC00A10EE100AADF8040007E0ADF8C5
:107A00000050ADF80450ADF80250ADF806506A468B
:107A100001210948F9F7C6FE20780A28A7D80022D4
:107A20001146012000F0D2FC2078401C20709EE717
:107A3000B47E0020F8010020081E00200080BB4416
:107A4000000000007047000070B5F9F7DBFB01464D
:107A500010221748F8F71EFD1648FDF759FE144D81
:107A600004460D226861214605F11800F8F757FD1C
:107A7000607B85F825002069A86204F114010D22BD
:107A800005F12C00F8F74BFD94F8210085F839003A
:107A9000606AE86304F128010D2205F14000F8F75F
:107AA0003EFD94F8350085F84D00A06B286570BD4B
:107AB000B47E0020081E00200A2002F06EFFFBE7C3
:107AC00010B588421CD398421AD8A1F11404A042E0
:107AD00004DD1431884201D2012010BDA2F114014D
:107AE000884204DD1432904201D2022010BDA3F17D
:107AF00014018842FADD14339842F7D2032010BDF6
:107B0000002010BD10B54FF0E020006904F048FBE4
:107B1000012803D0BDE8104004F028B810BD0000D3
:107B200030B593B030216846F8F755FD14210CA804
:107B3000F8F751FD1D480025016841F080510160B2
:107B4000006800F0805011901948016841F48041AC
:107B500001600068022400F480401190012003902D
:107B600010200490009406940820CDE90750A82026
:107B7000CDE9090404200B906846FBF7B9FC08B175
:107B800072B6FEE70CA90F2081E831004FF4A05037
:107B90000F904FF48050109005210CA8FBF79CFB30
:107BA000002801D072B6FEE713B030BD4038024065
:107BB000007000400248016841F4700101607047A4
:107BC00088ED00E00148FCF796B90000C4220020CF
:107BD00010B5040003D094F83D0010B107E0012077
:107BE00010BD002084F83C00204600F00DF8022073
:107BF00084F83D00211D206800F01AF8012084F867
:107C00003D00002010BD000008B50068064988420C
:107C100008D10648016841F004010160006800F0E5
:107C20000400009008BD00000008004040380240F9
:107C3000F0B50268274B284D284E294F294C4FF0AC
:107C4000804C984209D0604507D0A84205D0B04288
:107C500003D0B84201D0A04204D122F0700E4A688D
:107C600042EA0E0298421BD0604519D0A84217D0B4
:107C7000B04215D0B84213D0A04211D01A4DA8423C
:107C80000ED01A4DA8420BD0194DA84208D0194D5C
:107C9000A84205D0184DA84202D0184DA84203D1E1
:107CA00022F44075CA682A434D6922F080022A43B3
:107CB0008D68C5620D688562984201D0A04201D1ED
:107CC00009690163016841F004010160012141611A
:107CD0000260F0BD000001400004004000080040C8
:107CE000000C0040000401400040014000440140FD
:107CF0000048014000180040001C004000200040E7
:107D000010B501F01F030121046A99408C430462FD
:107D1000016A9A401143016210BD10B5846842EABD
:107D2000032224F47F440A432243826010BD826808
:107D300022F070020A4342F00701816070470000A0
:107D400010B586B0044614216846F8F744FC124981
:107D5000206888421DD11148016841F00801016086
:107D60000068012100F0080005904FF48040009069
:107D70000220CDE901010321CDE90310694608483D
:107D8000FAF73AFE0748FBF7CBFF08210548FCF756
:107D90000BFA06B010BD0000000800403038024069
:107DA000000C024014700020F0B5036A026A22F051
:107DB0000102026242688469124E24F073050C6865
:107DC0002C4323F002058B682B430D4DA84201D0B4
:107DD000B04205D123F00807CB683B4323F00403EE
:107DE000A84201D0B04205D14D6922F4407215433A
:107DF0008A692A4342608461496841630362F0BD35
:107E00000000014000040140F0B5026A036A23F05B
:107E100010030362436884690D6824F4E64444EA6D
:107E200005248D6822F0200242EA05120F4D104E03
:107E3000A84201D0B04206D1CF6822F0800242EAC7
:107E4000071222F04002A84201D0B04207D14D698A
:107E500023F4406343EA85038D6943EA8503436065
:107E60008461496881630262F0BD00000000014046
:107E700000040140F0B5026A036A23F480730362D0
:107E80004368C46922F4007224F073050C68124E32
:107E90002C438D6842EA05220E4DA84201D0B04223
:107EA00006D1CF6822F4006242EA072222F48062FF
:107EB000A84201D0B04207D14D6923F4405343EAB0
:107EC00005138D6943EA05134360C4614968C163C2
:107ED0000262F0BD000001400004014030B5046AB8
:107EE000026A22F4805202624268C3690D6823F478
:107EF000E64343EA05238D6824F4005444EA05343C
:107F0000084DA84202D0084DA84204D14D6922F480
:107F1000804242EA85124260C3614968016404629A
:107F200030BD0000000001400004014010B5036AAC
:107F3000046A24F001040462846924F0F00444EA31
:107F4000021423F00A020A438461026210BD10B5D4
:107F5000036A046A24F010040462846923F0A00315
:107F600024F4704444EA023243EA0111826101625E
:107F700010BD10B5806B0021C185FCF704FA10BD5F
:107F800070B5846B2068406994F84110C0F3C0104C
:107F90000025212904D118B1E584204600F0B4F869
:107FA0002068406994F84210C0F38010222904D15F
:107FB00018B1E585204600F080F8606C40F01000B4
:107FC00060642046FCF7DFF970BD10B50146806B98
:107FD000096809684FF00002C9052ED4C2850168FE
:107FE0000C3151E8003F23F4807341E80034002C49
:107FF000F5D10168143151E8003F23F0010341E855
:108000000034002CF5D10168143151E8003F23F011
:10801000400341E80034002CF5D1202180F84210C3
:10802000016B012909D101680C3151E8003F23F0AF
:10803000100341E80034002CF5D14263016B0129A3
:1080400002D0FCF757FC10BD818DFCF719F910BD6B
:1080500010B5806B01214163016B012902D0FCF74F
:108060004AFC10BD818D4908FCF70AF910BD10B516
:108070000146806B09680968C90516D40021C184CE
:108080000168143151E8002F22F0800241E80023FA
:10809000002BF5D101680C3151E8002F42F040026D
:1080A00041E80023002BF5D110BDFCF767FC10BDA3
:1080B00010B5806BFCF76EFC10BD01680C3151E807
:1080C000002F22F4907241E80023002BF5D10168C3
:1080D000143151E8002F22F0010241E80023002B67
:1080E000F5D1016B012909D101680C3151E8002F4C
:1080F00022F0100241E80023002BF5D1202180F866
:10810000421000210163704701680C3151E8002FD3
:1081100022F0C00241E80023002BF5D1202180F895
:108120004110704708B590F84210222901D0022072
:1081300008BD82684FF480539A4201D1016921B190
:10814000816A9A421BD04AB10AE00268816A526889
:10815000C2F308020A80816A891C08E0026972B1D0
:108160000268526802F07F020A70816A491C8162CB
:10817000C18D491E0904090CC18503D01BE00268AA
:108180005268F1E70168CA6822F02002CA600168FB
:10819000CA6822F48072CA6001684A6922F001024A
:1081A0004A61202180F8421000214163026B012ABC
:1081B00003D0FCF79FFB002008BD016301680C3170
:1081C00051E8002F22F0100241E80023002BF5D1E6
:1081D00001680A68D20602D50A6849680091818D53
:1081E000FCF74EF8E7E7000070B504460068016947
:1081F000E26821F44051114301612169A068E269FC
:1082000008436169114308432168CA6849F20C6355
:108210009A430243CA6020684169A26921F440710F
:108220001143416131492068884202D03049884277
:1082300002D1FBF71BF901E0FBF708F9E269002323
:10824000192164253226B2F5004F626828D0A0FBC0
:108250000101930F9200F8F787F80146B0FBF5F0A3
:108260006FF01802504301EB800006EB0010B0FBEA
:10827000F5F000F0F002B1FBF5F002EB0012B1FBFB
:10828000F5F06FF01803584301EB800006EB001087
:10829000B0FBF5F000F00F0021681044886070BD5D
:1082A000A0FB010192185B41F8F75EF80146B0FBB4
:1082B000F5F00201B1FBF5F06FF01803584301EB44
:1082C000800006EBC000B0FBF5F000F0F80002EB18
:1082D0004002B1FBF5F0584301EB800006EBC00013
:1082E000B0FBF5F000F00700D6E7000000100140F9
:1082F0000014014038B5816204468285002013468F
:108300006064222284F84220E56B1F4AEA63E56B31
:108310001E4A2A64E56B1E4AEA64E26B10650A464F
:108320002168E06B091DFAF7E7FA30B110206064AC
:10833000202084F84200012038BD20680168406890
:108340000090206948B120680C3050E8001F41F4CB
:10835000807140E80012002AF5D12068143050E8FE
:10836000001F41F0010140E80012002AF5D1206809
:10837000143050E8001F41F0400140E80012002A8C
:10838000F5D1002038BD0000CB7F000851800008E7
:10839000817F000810B5F8F721FCBDE810400148C6
:1083A000FBF7F2BF0C20002010B5FDF7F9FEBDE889
:1083B00010400148FBF7E8BF542000200148FBF7BC
:1083C000E3BF00009C200020FEE70000064B187071
:1083D000F3205870AB209870D9701A716B205871C7
:1083E0000621184601F096BFAC7600202DE9F04733
:1083F0000F462DED028B88B08046DDE913A6B0EE66
:10840000608AF0EE408A1C46154620216846DDF859
:108410004890F8F7E0F8B2EE040ABAEE041A68EEF3
:10842000800AF5EEC00AF1EE10FA01DC68EE810A6E
:1084300028EE000AFCEEE00AB5EEC00A10EE900A43
:10844000F1EE10FA81B201DC28EE010A8DF800800D
:10845000CD228DF80120BCEEC00A8DF802702A0AE8
:108460008DF8032010EE100A8DF80450220A8DF8C2
:1084700005200A0A8DF80810010E8DF80910010C6C
:108480008DF80A10010A8DF80C008DF80D908DF80A
:108490000EA0300A8DF80F008DF810606B208DF85B
:1084A00006408DF80B108DF811008DF80720122171
:1084B000684601F02FFF08B0BDEC028BBDE8F087E5
:1084C00003B401984100009850EAC12018BF04206D
:1084D0004A0D18BF40F0010040F2FF72B2EB515F4D
:1084E00008BF40F00200012808BF052002B0704715
:1084F0004100080218BF04200A0E18BF40F0010016
:108500004FF07F4232EA010108BF40F0020001282B
:1085100008BF052070470907090E002804DB00F199
:10852000E02080F80014704700F00F0000F1E02018
:1085300080F8141D7047000010B54FF00E402DED6F
:10854000028BB0EE408A18EE104A00EB4400B0F106
:10855000506F4AD84FF0FC40B0EB440F22D2B0EE3F
:10856000C80AF7EE000A30EEC00AF6EE000A60EE26
:10857000208A18EE900A02F075FF01EE100A14F03E
:10858000004F1DBFDFED2D0A9FED2D0AB1EE411A00
:10859000DFED2C0A08BF9FED2C0AF8EE001A21EE41
:1085A000218A05E0DFED290A68EE088AB0EE600A4C
:1085B0009FED271ADFED271A30EE080A48EE811AE0
:1085C0009FED251A08EEA11ADFED241A48EE811A54
:1085D0009FED231A08EEA11A68EE281ABDEC028B53
:1085E00001EE810A30EE200A10BD4FF0E440B0EBFE
:1085F000440F0CD918EE100AFFF77AFF042808BFC1
:1086000000F040FFB0EE480ABDEC028B10BD4FF009
:108610007F40B0EB440F07D2B0EE480ABDEC028BAE
:10862000BDE8104000F020BF0120F8F703F8BDECD2
:10863000028BBDE8104000F01DBF00000000C9BF64
:1086400022AAFDB90000C93F22AAFD39000000009E
:1086500024FE1C3DC78AD83C1E67383D1B93993DBC
:10866000AFAA2A3E10EE100A10B510EE901A4FF085
:10867000684202EB40032DED028BB3F1654F3CBF26
:1086800002EB4102B2F1654F7CD200BFC0F3C75389
:10869000C1F3C7529A1A1B2A09DD10F0004F14BF0C
:1086A0009FED6E0A9FED6E0ABDEC028B10BD12F1BC
:1086B0001A0F1BDA11F0004F09D010F0004F0CBF59
:1086C0009FED680A9FED680ABDEC028B10BD80EE3D
:1086D000208A18EE100AFFF70BFF042808BF00F0ED
:1086E000D1FEB0EE480ABDEC028B10BD4200B2EBE9
:1086F000410F37D910F0004F19BFDFED5C1A9FED25
:108700005C1ADFED5C1A9FED5C1AB0EE602A0A4637
:10871000F1EE400A80F00041B0EE420A10460A1A1B
:108720005200B2F1807F34D2484010F0004FDFEDAC
:10873000532A9FED533A1DBFBEEE002A71EEE21A96
:1087400031EE431AB6EE002A04BF71EEA21A31EEE2
:10875000031AF0EE402A42EE602A40EE020A82EE50
:10876000A02A18E011F0004F04BF9FED461AF0EE6A
:10877000411AD4D010F0004F1CBFDFED431A9FED1B
:10878000431A00E026E004BFDFED411A9FED411AD5
:10879000C5E780EE202A22EE020ADFED3F0ADFED78
:1087A0003F2ABDEC028B40EE202ADFED3D0A40EE71
:1087B000220ADFED3C2A40EE202ADFED3B0A40EEA4
:1087C000220A22EE000A00EE201A31EE020A30EEF2
:1087D000210A10BD4FF07F42B2EB400F28BFB2EB31
:1087E000410F05D2BDEC028BBDE8104000F03FBE4A
:1087F00040EA01035B0008BF41F0FF410BD0B2EB40
:10880000400F08BFB2EB410F08D120F0804000EECE
:10881000100A21F0804100EE901A37E7B2EB400FCA
:1088200012BF5FEA410240F0FF4001F000413FF417
:108830002DAF4A0092EA40033FF528AF002AACBFB3
:108840009FED1A1A9FED1A1A20EE010A60EE810AB6
:1088500010EE100A10EE901A18E70000DB0FC9BFE7
:10886000DB0FC93FDB0F4940DB0F49C00000C9BF28
:1088700022AAFDB90000C93F22AAFD390060ED3EE1
:10888000C30ACE3700000000000049C022AA7DBA0A
:108890000000494022AA7D3A2DAD65BD8FB8D53D77
:1088A0000FB511BE61C84C3EA8AAAABE0000804FF9
:1088B0000000802F0000000010B52F499FED2C1BF9
:1088C0002DED020B84B0059820F000408842D8BFFF
:1088D0009DED040B2DDD2949884209D1049840B94A
:1088E0004FF00100F7F7A6FE00F09EFD06B010BDA8
:1088F00005DB9DED040B00F08BFD06B010BD684656
:108900009DED040B00F09CF910F0030004BF9DEDF9
:10891000021B9DED000B0CD001280ED09DED021B1B
:108920009DED000B022817D0012000F0D9FC06B005
:1089300010BD00F0A1FB06B010BD9DED021B9DED2A
:10894000000B012000F0CCFC51EC100B03F0DEFD1D
:1089500006B041EC100B10BD00F08EFB51EC100B7B
:1089600003F0D4FD06B041EC100B10BD0000000078
:108970000000000000000000FB21E93F0000F07F44
:1089800010B52DED040B86B09DED060B10EE100A10
:1089900010EE901A8DED000B002818BF012008433F
:1089A00020F00040C0F17F6000F1E040C00F21D115
:1089B0009DED080B10EE101A10EE900A8DED000BD5
:1089C000002918BF0121084320F00040C0F17F605A
:1089D00000F1E040C00F0DD129490798B1EB400FDD
:1089E00004BF0698002842D00998400004BF0898A8
:1089F00000283CD09DED080B53EC102B9DED060B91
:108A000051EC100B04F012F9CDE902019DED020BBF
:108A100040F2FF7110EE900A8DED000B31EA10501C
:108A200021D00798039900F0004001F000418842EE
:108A300019D09DED080B8DED040B9DED020B8DED16
:108A4000000B10EE900A059961F31E0005909DED54
:108A5000041B9DED020B51EC110B53EC102B04F099
:108A600093F9CDE902019DED020B0AB010BD012082
:108A7000F7F7E0FD0AB0BDE8104000F0D5BC0000FB
:108A80000000E0FF10B52DED028BF0EE408A18EEED
:108A9000900AB0EE608A20F00040C0F1FF40C00FA5
:108AA00007D118EE100A20F00040C0F1FF40C00FBF
:108AB0002BD018EE101A18EE900A04F0D1FA00EE3E
:108AC000100A10EE100A6FEAD05010F0FF0F04BF2A
:108AD000BDEC028B10BD18EE900A00F0004110EEC4
:108AE000100A00F00040814204BFBDEC028B10BDB3
:108AF00018EE101A10EE100ABDEC028B61F31E0086
:108B000000EE900A30EE600A10BD18EE900A4FF0A9
:108B10007F41B1EB400F1CBF18EE100A5FEA400026
:108B2000C7D10120F7F786FDBDEC028BBDE81040F0
:108B300000F0A0BC0000000010B52F499FED2C1BD9
:108B40002DED020B84B0059820F000408842DCBF78
:108B500000209DED040B32DD2849884209D104989C
:108B600040B94FF00100F7F765FD00F05DFC06B07D
:108B700010BD05DB9DED040B00F04AFC06B010BDF6
:108B800068469DED040B00F05BF810F0030011D077
:108B9000012818D09DED021B9DED000B02281AD074
:108BA00000F06AFA51EC100B03F0B0FC06B041EC97
:108BB000100B10BD9DED021B9DED000B012000F080
:108BC0008FFB06B010BD9DED021B9DED000B00F06C
:108BD00053FA06B010BD012000F082FB51EC100BDF
:108BE00003F094FC06B041EC100B10BD0000000037
:108BF0000000000000000000FB21E93F0000F07FC2
:108C000010B52DED028BB1EEC08A18EE100A20F0DF
:108C10000040C0F1FF40C00F0AD010EE100A20F053
:108C20000040C0F1FF40C00F04BF0120F7F702FD74
:108C3000B0EE480ABDEC028B10BD00000000000041
:108C40002DE9F14F04462DED020B2DED088B8AB076
:108C50009FEDE70B80ED020B139EE74826F00045E1
:108C600085420ADC9DED120B002084ED000B0AB05A
:108C7000BDEC088B03B0BDE8F08FE0489FEDE0ABA2
:108C80009FEDE1BBA84247DDE14F9FEDE39B9FEDE8
:108C9000E48B9DED120B53EC1A2B51EC100B002EB4
:108CA0001CDD04F07DF841EC100BBD4208D053EC04
:108CB0001B2B51EC100B04F073F8C4E900010BE01E
:108CC00053EC192B51EC100B04F06AF853EC182BF1
:108CD00004F066F8C4E900010120C8E703F054FC81
:108CE00041EC100BBD4208D053EC1B2B51EC100B88
:108CF00003F04AFCC4E900010BE053EC192B51ECE2
:108D0000100B03F041FC53EC182B03F03DFCC4E9BD
:108D100000014FF0FF30AAE7C348A84279DB9DED80
:108D2000120B51EC100B01F0D7FB41EC180B9FED2F
:108D3000C00B53EC102B03F081FE9FEDBF1B53ECD7
:108D4000112B03F021FC03F01FFE074603F04BFE3E
:108D500041EC190B53EC1A2B03F070FE53EC182B5B
:108D600004F012F841EC180B53EC1B2B51EC190BCF
:108D700003F064FEDFF8C8A241EC100B4FEA15586F
:108D80000125FA4453EC102B51EC180B04F008F8B1
:108D9000032DC4E900013DD0C1F30A5005EB451194
:108DA000A8EB00001139814234DA0AEB051BB0EE62
:108DB00048AA9BED000BF0EE68AA53EC102B51EC87
:108DC000190B03F03BFE41EC1B0B51EC1A0B53EC5F
:108DD0001B2B03F0E5FF41EC180B51EC1A0B53EC85
:108DE000182B03F0DDFF53EC1B2B03F0D9FF9BED99
:108DF000020B41EC1A0B53EC102B51EC190B03F046
:108E00001DFE53EC1A2B03F0CBFF41EC100B6D1C35
:108E1000B8E70EE0002EA8BF3846BFF628AF94EDA5
:108E2000000B51EC100B03F071FBC4E90001784218
:108E30001DE7C6F3130040F4801EC6F30A50A0F2EB
:108E4000F530471100F01F05C5F12000DDF848B0EE
:108E500008900020069007900520EC467949002DE7
:108E600007EB0002794408BF51F8221009D051F8ED
:108E7000223001EB8201AB404A68089922FA01F1E5
:108E80001943A1FB0E26A1FB0B131A449A4234BFCF
:108E90000123002303EB06080CEB8003D3E901A6B2
:108EA0000E448E4234BF0121002192448A4411B104
:108EB000924502D903E0924501D2012100E0002150
:108EC000C3E901A641444CF82010011EA0F10100A5
:108ED000C4DC029800F10050850F0298DDE90367B9
:108EE0008000DDF8148003F07EFD41EC1A0B304663
:108EF00003F090FD9FED541B53EC112B03F09EFDEE
:108F000041EC1B0B384603F085FD9FED511B53ECE4
:108F1000112B03F093FD41EC180B404603F07AFD52
:108F20009FED4D1B53EC112B03F088FD41EC190B09
:108F300051EC180B53EC192B03F026FB53EC1B2BB5
:108F400003F022FB53EC1A2B03F01EFBCDE90801C2
:108F5000002008909DED080B53EC1A2B51EC100BE0
:108F600003F01EFF53EC1B2B03F01AFF53EC182BDE
:108F700003F016FF53EC192B03F006FF9FED381B8F
:108F800053EC112B03F05AFD9FED370B41EC180BFE
:108F900053EC102B9DED080B51EC100B03F04EFD24
:108FA00053EC182B03F0F0FA9FED310B41EC180B4A
:108FB00053EC102B9DED080B51EC100B03F03EFD14
:108FC00053EC182B03F0E0FA41EC100B139810F05F
:108FD000004F06D06D4251EC100B03F097FA41ECB4
:108FE000100B284684ED000B41E600000000000055
:108FF0000000000000000000FB21E93F7CD9024096
:1090000000004054FB21F93F3163621A61B4D03D46
:10901000FB21F93F000000000000601A61B4D03D60
:109020007370032E8A19A33BFB2139410000000015
:1090300083C8C96D305FE43F000000000000E03FDE
:109040005A460000A8450000000000000000103E45
:10905000000000000000103C000000000000103A7A
:10906000182D4454FB21F93D3326A611460B113C23
:1090700000000054FB21F93D10B52DED040B2DED42
:10908000088B82B0B0EE419AF0EE619A0B9820F016
:1090900000449FED4BABB4F1795F11DA9DED0A0B03
:1090A00051EC100B03F070FC002801BFB0EE4A0A2F
:1090B000F0EE6A0A02B0BDEC088B04BF04B010BD2C
:1090C0009DED0A0B53EC102B51EC100B03F0B6FC8A
:1090D00041EC180B3C480621B0EE480AF0EE680A55
:1090E000784400F081F853EC182B51EC100B03F08E
:1090F000A5FC9DED0A0B41EC1B0B53EC192B51EC1D
:10910000100B03F09BFC41EC190B53EC1B2B51ECA7
:10911000180B03F093FC53EC192B03F041FE9FED69
:109120002C0B41EC190B53EC102B51EC180B03F0EA
:1091300085FC41EC100B2848844210DA53EC192BC3
:1091400051EC100B03F02CFE53EC1A2B03F01CFE19
:1091500041EC100B02B0BDEC088B04B010BD1F48F1
:10916000A042BCBF9FED1E1B8DED001B06DBA4F5CE
:1091700000100190002000909DED001B51EC100BA1
:1091800053EC112B03F00CFE9DED000B41EC180B82
:1091900053EC102B51EC1A0B03F002FE41EC1A0BAE
:1091A00053EC192B51EC180B03F0FAFD53EC1A2B6E
:1091B00003F0EAFD41EC100BCCE7000000000000DA
:1091C000000000000000F03FCC4200000000000062
:1091D000000000000000E03F3333D33F0000E93FD0
:1091E000000000000000D23F70B504462DED028B58
:1091F0004D1E00EBC500B0EE408AF0EE608A90EDA7
:10920000000B35F0060017D053EC182B51EC100B67
:1092100003F014FC41EC100B6D1E04EBC50090ED47
:10922000001B51EC100B53EC112B03F0ADF941EC8A
:10923000100B35F00600E7D1022D36D0042D1CD0DE
:10924000062D1CBFBDEC028B70BD53EC182B51ECEE
:10925000100B03F0F3FB94ED0A1B53EC112B03F0FE
:1092600093F953EC182B03F0E9FB94ED081B53EC36
:10927000112B03F089F941EC100B53EC182B51EC36
:10928000100B03F0DBFB94ED061B53EC112B03F0EA
:109290007BF953EC182B03F0D1FB94ED040B53EC4A
:1092A000102B03F071F941EC100B53EC182B51EC1F
:1092B000100B03F0C3FB94ED021B53EC112B03F0D6
:1092C00063F953EC182B03F0B9FB94ED001B53EC3E
:1092D000112B03F059F9BDEC028B41EC100B70BD62
:1092E00031B504462DED040B2DED0A8BB0EE41BADD
:1092F000F0EE61BA0B989DED0A0B20F00040B0F142
:10930000795F0DDA51EC100BFFF7DAF8042808BF8B
:1093100000F09AF89DED0A0BBDEC0A8B05B030BD4C
:1093200053EC102B51EC100B03F088FB41EC180BA5
:109330009DED0A0B53EC182B51EC100B03F07EFB48
:1093400041EC190B2C48B0EE480AF0EE680A0521F2
:109350007844FFF749FF9FED2ACBB0EE40AAF0EE2C
:1093600060AA9CB353EC1C2B51EC190B03F066FB69
:1093700041EC1C0B53EC1A2B51EC190B03F05EFB68
:109380009FED210B41EC190B53EC102B51EC1B0BF7
:1093900003F054FB53EC192B03F002FD53EC182B94
:1093A00003F04CFB53EC1B2B03F0FAFC53EC1C2B8F
:1093B00003F0F6FC9DED0A1B53EC112B03F0E4FCCB
:1093C000BDEC0A8B05B041EC100B30BDFFE753EC50
:1093D0001A2B51EC180B03F031FB53EC1C2B03F050
:1093E000D3F853EC192B03F029FB9DED0A1B53EC2A
:1093F000112B03F0C9F8E3E754410000000000001E
:10940000495555555555C5BF000000000000E03FC7
:1094100010B553EC102B51EC100B03F0B5F841ECE8
:10942000100B10BD000000009FED050B10B553ECB4
:10943000102B51EC100B03F04FF941EC100B10BD49
:1094400000000000000000009FED050B10B553EC7C
:10945000102B51EC100B03F0F1FA41EC100B10BD86
:10946000000000000000001030EE000A704730EEEF
:10947000200A7047DFED020A80EEA00A7047000064
:10948000000000009FED020A20EE000A7047000075
:109490000000001070B52DED028B8AB005460C4619
:1094A00016460DB104B11EB90AB0BDEC028B70BDF9
:1094B00094ED000AB5EEC00AF1EE10FA0DD194ED6C
:1094C000010AB5EEC00AF1EE10FA06D194ED020AD7
:1094D000B5EEC00AF1EE10FA7DD09FED600AB0EE55
:1094E000408A00200790089009900490059006900B
:1094F0005B4A07CA01AB07C395ED010AD5ED030A24
:1095000020EE200AD5ED000A95ED021A00EEC10A00
:10951000F0EE000A20EE200A8DED070A95ED000A14
:10952000D5ED010A20EE200AD5ED020A95ED031AC9
:1095300000EE810AF0EE000A20EE200A8DED080A06
:1095400095ED000A20EE000AD5ED030A95ED031A09
:1095500000EE810AF7EE000AB0EE001A51EE000AA2
:10956000CDED090A01AB22463146284600F07AF8D3
:10957000D4ED000A60EEA00A94ED011AD4ED011AB0
:1095800041EE210A94ED021AD4ED021A41EE210AAD
:10959000B0EE600AF7F712FAB0EE408A94ED000AD6
:1095A00020EE080A84ED000A94ED010A20EE080A74
:1095B00084ED010A94ED020A20EE080A84ED020A05
:1095C00094ED010ADDED090A20EE200AD4ED020A2D
:1095D0009DED081A00E03EE000EEC10A8DED040AA0
:1095E00094ED020ADDED070A20EE200AD4ED000A10
:1095F0009DED091A00EEC10A8DED050A94ED000AF1
:10960000DDED080A20EE200AD4ED010A9DED071ACF
:1096100000EEC10A8DED060A96ED000ADDED010AA5
:109620009DED041A00EE810A86ED000A96ED010A0E
:10963000DDED020A9DED051A00EE810A86ED010AB4
:1096400096ED020ADDED030A9DED061A00EE810A91
:1096500086ED020A00BF00BF26E700000000000000
:10966000A4D300082DE9F0412DED048B07460D46EB
:1096700014461E469FED580AB0EE409A9FED560ADA
:10968000B0EE408A9FED540AF0EE408AD4ED000A15
:1096900060EEA00A94ED011AD4ED011A41EE210A00
:1096A00094ED021AD4ED021A41EE210AB0EE600ADE
:1096B000F7F784F9F7EE000A80EE801AB0EE419ACF
:1096C000D5ED000AB0EE600AF7F70BF8F0EE409A1D
:1096D000D5ED010AB0EE600AF7F703F879EE809A4B
:1096E000D5ED020AB0EE600AF6F7FBFF39EE800A0C
:1096F000F0EE408A3948D0ED000A79EE600AB0EE0B
:10970000600AF6F7EEFFB0EE408A9FED350AB4EE40
:10971000C08AF1EE10FA06DC9FED320AF4EEC08A40
:10972000F1EE10FA53DD9FED2C2AB0EE420A9FEDC8
:109730002A2AF0EE421AB7EE002AF0EE420A9FED16
:10974000262AB0EE421AB5EEC08AF1EE10FA05DD17
:109750009FED232AC2EE082AB0EE620A9FED222A6C
:10976000B4EEC20AF1EE10FA03D29FED1B2AB0EE5E
:10977000420AF5EEC08AF1EE10FA05DD9FED192AD6
:10978000C2EE282AF0EE621AB7EE002AB4EEC20A40
:10979000F1EE10FA03D220EE802AF0EE420AB7EE84
:1097A000002AF4EEC21AF1EE10FA03D220EEA12A3A
:1097B000F0EE420A9FED0D2A20EE822AB0EE421A08
:1097C00086ED001A86ED011A86ED021A00BFBDEC87
:1097D000048BBDE8F08100000000000010020020B2
:1097E000CDCCCC3D8FC2F53D9A99993ECDCC4C3E27
:1097F00010B52DED048B86B00446B0EE408AF0EE35
:10980000608AB0EE419A0020039004900590009089
:1098100001900290B0EE000AC8EE000AF0EE609AE5
:10982000B0EE690AF6F74DFF8DED030AB0EE000ABF
:10983000C8EE800AF0EE609AB0EE690AF6F741FFD2
:109840008DED040AB0EE000AC9EE000AF0EE609A4F
:10985000B0EE690AF6F735FF8DED050AB0EE000AA5
:10986000C8EE000AF0EE609AB0EE690AF7F7B0F8B9
:109870008DED000AB0EE000AC8EE800AF0EE609AA4
:10988000B0EE690AF7F7A4F88DED010AB0EE000A10
:10989000C9EE000AF0EE609AB0EE690AF7F798F8A0
:1098A0008DED020A9DED050ADDED040A20EE200A89
:1098B000DDED030A20EE200ADDED020A9DED011A1E
:1098C00060EE810A9DED001A00EE810A84ED000A27
:1098D0009DED020ADDED040A20EE200ADDED030A0B
:1098E00020EE200ADDED050A9DED011A60EE810AE9
:1098F0009DED001A00EEC10A84ED010A9DED050AF6
:10990000DDED010A20EE200ADDED030A20EE200A3B
:10991000DDED020A9DED041A60EE810A9DED001A4C
:1099200000EE810A84ED020A9DED050ADDED040AD0
:1099300020EE200ADDED000A20EE200ADDED020A0D
:109940009DED011A60EE810A9DED031A00EEC10A39
:1099500084ED030A06B0BDEC048B10BDF8B5002001
:109960008DF800000446F7F777F98020F7F7E6FA5C
:109970005520F7F7E3FA5520F7F7E0FA8DF80000E5
:10998000F7F762F99620F7F7C4F9F7F765F9802041
:10999000F7F7D4FA5520F7F7D1FA5520F7F7CEFAB2
:1099A0008DF80000F7F750F99620F7F7B2F9F7F7BE
:1099B00053F9B6217E20F7F7E8FAF7F745F950207A
:1099C000F7F7A5F9F7F748F98020F7F7B7FA552028
:1099D000F7F7B4FA5520F7F7B1FA8DF80000F7F76A
:1099E00033F99620F7F795F9F7F736F98020F7F76E
:1099F000A5FA5520F7F7A2FA5520F7F79FFA8DF848
:109A00000000F7F721F99620F7F783F99DF8000099
:109A10001E2801D0FF20F8BD194D00BFF7F71CF933
:109A200004EB44067719A85D7978F7F7AEFAF7F7F3
:109A30000BF99620F7F76DF9F7F70EF9A85D40F0EE
:109A40008000F7F77BFA5520F7F778FA5520F7F7FB
:109A500075FA8DF80000F7F7F7F89620F7F759F93F
:109A600078789DF80010884204D004EB4400284424
:109A70008078F8BD641CE4B2062CCFD30020F8BD7A
:109A8000EC000020F0B587B00020019002908DF826
:109A900000000546F7F7E0F88020F7F74FFA552069
:109AA000F7F74CFA5520F7F749FA8DF80000F7F769
:109AB000CBF89620F7F72DF9F7F7CEF88020F7F7D7
:109AC0003DFA5520F7F73AFA5520F7F737FA8DF8AF
:109AD0000000F7F7B9F89620F7F71BF9F7F7BCF88D
:109AE000B6217E20F7F751FAF7F7AEF85020F7F7D6
:109AF0000EF9F7F7B1F88020F7F720FA5520F7F7BD
:109B00001DFA5520F7F71AFA8DF80000F7F79CF8C0
:109B10009620F7F7FEF8F7F79FF88020F7F70EFA90
:109B20005520F7F70BFA5520F7F708FA8DF80000E3
:109B3000F7F78AF89620F7F7ECF89DF800001E2852
:109B400002D0FF2007B0F0BD7D4C00BFF7F784F8CE
:109B500005EB45063719A05D7978F7F716FAF7F7A0
:109B600073F89620F7F7D5F8F7F776F8A05D40F090
:109B70008000F7F7E3F95520F7F7E0F95520F7F7FC
:109B8000DDF98DF80000F7F75FF89620F7F7C1F8D8
:109B900078789DF80010884204D005EB45002044F9
:109BA0008078CFE75020F7F7B2F86D1CEDB2042DA6
:109BB000CCD30025F7F750F805EB45073E19717B2C
:109BC000307BF7F7E2F9F7F73FF89620F7F7A1F8BF
:109BD000F7F742F8307B40F08000F7F7AFF95520F7
:109BE000F7F7ACF95520F7F7A9F98DF80000F7F76A
:109BF0002BF89620F7F78DF8707B9DF800108842BF
:109C000004D005EB45002044807B9BE75020F7F70C
:109C10007EF8F7F721F89220F7F790F9062201A9CC
:109C20001220F7F76DF9F7F70FF89DF805009DF88A
:109C300004106D1C41EA002003A9EDB221F81700C1
:109C40009DF807009DF8062001EB470142EA00203D
:109C500048809DF809009DF80820022D42EA002066
:109C60008880A7D3F6F7F8FF00216D20F7F78DF96C
:109C7000F6F7EAFF9620F7F74CF8F6F7EDFFED2040
:109C8000F7F75CF95520F7F759F95520F7F756F92A
:109C90008DF80000F6F7D8FF9620F7F73AF89DF810
:109CA000000008B104204DE7F6F7D6FFB6217E206C
:109CB000F7F76BF9F6F7C8FF5020F7F728F8BDF96A
:109CC0000C00BDF91210411A40F2555081420EDBD2
:109CD000BDF90E10BDF91420891A814207DBBDF9C8
:109CE0001000BDF91610401AB0F52A7F01DA802065
:109CF00028E7F6F7B1FF8020F7F720F95520F7F7AE
:109D00001DF95520F7F71AF98DF80000F6F79CFFBA
:109D10009620F6F7FEFFF6F79FFF8020F7F70EF983
:109D20005520F7F70BF95520F7F708F98DF80000E3
:109D3000F6F78AFF9620F6F7ECFF002002E7000016
:109D400078D30008F8B500248DF80040F6F796FFA8
:109D500069460020F7F7E6F8F6F788FF9620F6F751
:109D6000D8FFF6F78BFF69460020F7F7DBF8F6F728
:109D70007DFF9620F6F7CDFFF6F780FFB621142081
:109D8000F7F703F9F6F772FF5020F6F7C0FFF6F782
:109D900075FF69460020F7F7C5F8F6F767FF9620CC
:109DA000F6F7B7FFF6F76AFF69460020F7F7BAF84B
:109DB000F6F75CFF9620F6F7ACFF9DF800000F2841
:109DC00001D0FF20F8BD154DF6F758FF04EB44060F
:109DD0007719A85D7978F7F7D8F8F6F747FF962056
:109DE000F6F797FFF6F74AFFA85D6946F7F79AF886
:109DF000F6F73CFF9620F6F78CFF78789DF8001078
:109E0000884204D004EB440028448078F8BD641CE8
:109E1000E4B2062CD8D30020F8BD0000FE000020DC
:109E200038B500208DF800000446F6F727FF694694
:109E30000020F7F777F8F6F719FF9620F6F769FF95
:109E4000F6F71CFF69460020F7F76CF8F6F70EFFEF
:109E50009620F6F75EFFF6F711FFB6211420F7F70C
:109E600094F8F6F703FF5020F6F751FFF6F706FFD8
:109E700069460020F7F756F8F6F7F8FE9620F6F751
:109E800048FFF6F7FBFE69460020F7F74BF8F6F7B8
:109E9000EDFE9620F6F73DFFF6F7F0FE01213C209F
:109EA000F7F773F8F6F7E2FE5020F6F730FF00BF41
:109EB000F6F7E4FE69463C20F7F734F8F6F7D6FEED
:109EC0009620F6F726FF641C9DF80000E4B2800798
:109ED00001D40A2CECD30A2C03D09DF800004007D3
:109EE00001D5402038BD002038BD000002490020C7
:109EF0000968C8637047000014700020024A1368A4
:109F000098621068C163704714700020DF4D002410
:109F10002E1D012735602C7037714FF4FA7974715A
:109F2000484600F03AFDFBF7F7F8FFF7DFFF7771DF
:109F300042F2107830790128707902D080B37471C0
:109F40000AE00E28FBD2DFE800F0070A1F222C3EB1
:109F500043475659767E8C9BFFF7C8FF46E07471E5
:109F60002F7041460320FFF7C9FF40F24D1A5046BB
:109F700000F013FD41460220FFF7C0FF504600F0FD
:109F80000CFD414601207AE174712F7002E074717A
:109F90002F700BE041460120FFF7B0FF462071E132
:109FA00025E074712F70414601205EE0414601209A
:109FB000FFF7A4FF462000F0F0FCFFF797FF4620D4
:109FC00000F0EBFCE6E774712F704146012036E0AB
:109FD0002F704146012039E074712F7041460420F2
:109FE000FFF78CFF5FF0460000F0D7FC2C700A20D2
:109FF00000F0D3FC9EE774712F700DE074712F7028
:10A0000041460420FFF77AFF462000F0C6FCFFF728
:10A010006DFF462000F0C1FC41460420FFF76EFFB3
:10A02000462000F0BAFCFFF761FF462000F0B5FCC7
:10A0300041460420B0E774712F7041460420FFF7B9
:10A040005DFF4846D0E72F7041460420FFF756FFDA
:10A05000642000F0A2FCFFF749FF322000F09DFCD5
:10A06000C5E774712F7041460420FFF747FF462073
:10A0700000F093FCFFF73AFF462000F08EFC95E7D6
:10A0800074712F7041460320FFF738FFFA2000F06B
:10A0900084FC41460320FFF731FF7D2000F07DFC6A
:10A0A00041460420FFF72AFF7D2000F076FC414660
:10A0B0000420FFF723FFFA2000F06FFC4146042044
:10A0C000FFF71CFF7D2000F068FC41460320FFF7EE
:10A0D00015FF7D2000F061FC41460220FFF70EFFD6
:10A0E000FA2000F05AFCFFF701FF502000F055FC69
:10A0F00041460220FFF702FFFA2000F04EFC4146E5
:10A100000320FFF7FBFE7D2000F047FC41460420C2
:10A11000FFF7F4FE7D2000F040FC41460420FFF7ED
:10A12000EDFE4FF4BE7A504600F037FCFFF7DEFE3E
:10A13000502000F032FC41460420FFF7DFFEFA20F9
:10A1400000F02BFC41460320FFF7D8FE7D2000F0F5
:10A1500024FC41460220FFF7D1FE7D2000F01DFCCB
:10A1600041460120FFF7CAFEFA2000F016FC4146E6
:10A170000120FFF7C3FE7D2000F00FFC41460220C6
:10A18000FFF7BCFE7D2000F008FC41460320FFF7EE
:10A19000B5FEFA2000F001FCFFF7A8FE502000F009
:10A1A000FCFB41460320FFF7A9FEFA2000F0F5FB77
:10A1B00041460220FFF7A2FE7D2000F0EEFB414663
:10A1C0000120FFF79BFE7D2000F0E7FB41460120C8
:10A1D000FFF794FE504600F0E0FBFFF787FE5020AB
:10A1E00000F0DBFB41460120FFF788FEFA2000F07B
:10A1F000D4FB41460220FFF781FE7D2000F0CDFB1D
:10A2000041460320FFF77AFE7D2000F0C6FB414661
:10A210000220FFF773FEFA2000F0BFFB4146012049
:10A22000FFF76CFE7D2000F0B8FB41460120FFF7F0
:10A2300065FE7D2000F0B1FB41460120FFF75EFE88
:10A24000FA2000F0AAFBFFF751FE502000F0A5FB1A
:10A2500041460120FFF752FEFA2000F09EFB4146E6
:10A260000220FFF74BFE7D2000F097FB41460320C4
:10A27000FFF744FE7D2000F090FB41460420FFF7ED
:10A280003DFE504600F089FB66E60000D00100204C
:10A2900010B5F5EEC00A2DED048BB0EE418AF0EE5C
:10A2A000408AF1EE10FA04D9B5EEC08AF1EE10FA48
:10A2B00004D8BDEC048B9FED130A10BD10EE900A7C
:10A2C00002F058FE9FED100B53EC102B02F0B6FB82
:10A2D0009FED0F0A41EC190B28EE800A10EE100AD0
:10A2E00002F048FE53EC192B02F0F6F902F01AF9CD
:10A2F00000EE100A20EE080ABDEC048BBDE8104009
:10A30000FBF7BCBD00000000182D4454FB21194090
:10A31000000070422DE9F04188B0002406468DF817
:10A3200000408DF804408DF80C408DF808408DF801
:10A330001840891E8DF80410374D63E09DF8040025
:10A340009DF80010401A8DF80C00EC6330789DF8F1
:10A35000181041EA00202864707885F85400042021
:10A360006864AC649DF80C008DF80840082814D38C
:10A3700031E000BF9DF80000304481789DF808006E
:10A38000284480F855109DF80800401C8DF80800FE
:10A390009DF80000401C8DF800009DF808009DF815
:10A3A0000C108842E6D39DF80C00401C18E000BF5A
:10A3B0009DF80000304480789DF80810294481F809
:10A3C00055009DF80800401C8DF808009DF800001D
:10A3D000401C8DF800009DF808000728E8D30820ED
:10A3E000E8640D4F07F154083C370C4B42463946A0
:10A3F0000B48F7F7C1FC0028F7D19DF81800401C66
:10A400008DF818009DF800009DF80410884295D33F
:10A4100008B0BDE8F08100009C7B0020DC0100203A
:10A42000301E002010B58AB000200121CDE90601C0
:10A430000891009004900190029003900E240590E2
:10A44000694609940B48F7F7F5FC694609480594F5
:10A45000F7F7F0FC0748F8F785F80748F8F782F8AF
:10A4600002210448F7F776FC02210348F7F772FC53
:10A470000AB010BD081E0020301E002006480168EA
:10A480000648B1FBF0F2064802704FF47A72B1FB55
:10A49000F2F14160704700004800002040420F0088
:10A4A0001001002070B54FF0E024002265690949D1
:10A4B000A36909784843A1699942FCD002D2A3EB71
:10A4C000010302E0A5EB010633441A440B46824225
:10A4D000F1D370BD1001002082B0CDE9000121F060
:10A4E000004001909DED000B02B051EC100B704745
:10A4F00000487047E46F002000487047146C00204B
:10A50000004870474C6D00202DE9F04104460D468F
:10A5100016461F4614B10DB106B10FB9BDE8F08162
:10A52000D4ED010A94ED031A60EE810A94ED001A4D
:10A53000D4ED021A41EE610AB8EE001A60EE810A0B
:10A54000B0EE600AF6F7B9F886ED000A94ED001A4D
:10A5500021EE011AD4ED011A94ED012A01EE821ABE
:10A56000F7EE001AB0EE002A52EE011AF0EE610A80
:10A5700094ED001AD4ED031A21EE211AD4ED011A3C
:10A5800094ED022A01EE821AF0EE001A21EE211A51
:10A59000B0EE410AF6F793F885ED000A94ED001A43
:10A5A00021EE011AD4ED031A94ED032A01EE821A6A
:10A5B000F7EE001AB0EE002A52EE011AF0EE610A30
:10A5C00094ED001AD4ED011A21EE211AD4ED021AED
:10A5D00094ED032A01EE821AF0EE001A21EE211A00
:10A5E000B0EE410AF6F76BF887ED000A00BF95E779
:10A5F0002DE9F04FDFF8DCC0DFF8DCA00CF1240817
:10A60000099F00240AF1180B08F124090AF1340EFD
:10A6100004EB44060CEB860593ED050AD5ED000A24
:10A6200095ED011A20EE200AD3ED060A00EE810A0C
:10A63000D3ED070A95ED021A0AEB840500EE810AB4
:10A64000D5ED000A00EB840530EE200A85ED000A06
:10A6500008EB860593ED010AD5ED000A95ED011A88
:10A6600020EE200AD3ED020A00EE810AD3ED030AA0
:10A6700095ED021A0BEB840500EE810AD5ED000A78
:10A6800001EB840530EE200A85ED000A09EB860512
:10A6900097ED010AD5ED000A95ED011A20EE200A8A
:10A6A000D7ED020A00EE810AD7ED030A95ED021AF2
:10A6B0000EEB840500EE810AD5ED000A02EB84055D
:10A6C000641CE4B2032C30EE200A85ED000A9FD30F
:10A6D000BDE8F08F54010020006E0020394910B50C
:10A6E0000878C4073848D0E9123220D018680068CA
:10A6F000C0071CD110680068C00718D148788007CF
:10A7000015D48878800712D4087820F001000870EA
:10A71000087840F002000870002201212B48F8F769
:10A7200063FA284908222831A1F1080044E048785A
:10A73000C40727481ED01C682468E4071AD114688F
:10A740002468E40716D10C78A40713D48C78A407E6
:10A7500010D44A7822F001024A704A7842F002028C
:10A760004A7000221021F8F73FFA164809221949C9
:10A77000303021E08C78E40722D01B681B68DB07AF
:10A780001ED112681268D2071AD10A78920717D41C
:10A790004A78920714D48A7822F001028A708A7863
:10A7A00042F002028A7000221021F8F71DFA0549D2
:10A7B00004221431A1F10D00BDE81040FBF70EBDDD
:10A7C00010BD000018010020AC1E00200004024053
:10A7D00000000240D06D00200149096848637047BD
:10A7E000C41F002010B51848184C8179A9B1DFEDBD
:10A7F000180A2046FBF772FA94ED080AB5EEC00A73
:10A80000F1EE10FA03D29FED130A84ED080ABCEEB4
:10A81000C00A10EE100A80B212E010EE101A0E4AB2
:10A8200091420BDD4179491CC9B24171C82905D952
:10A8300001219FED0A0A817184ED0A0A41F28730F5
:10A84000BDE81040FFF7C8BF18010020406E00208F
:10A8500000003442000000000000344200401C456B
:10A86000704700001FB56423012203A98DE80E0084
:10A87000134602461C210348F8F786FA9DF80C009F
:10A8800004B010BD581E002003B583B0642301221C
:10A8900004A98DE80E00134602461C210248F8F771
:10A8A00075FB05B000BD0000581E002001224021AC
:10A8B0000148F8F799B90000001802400022402131
:10A8C0000148F8F791B9000000180240704700F005
:10A8D00064B800002DE9F0410024FFF7C1FFFFF745
:10A8E000F5FFFFF7EBFF3220FFF7F1FFFFF7DEFF89
:10A8F0003220FFF7ECFF0020FFF7B4FF102802D052
:10A900004020BDE8F0810120FFF7E1FF104D00BFBE
:10A9100004EB44067719A85D7978FFF7B5FF0120AD
:10A92000FFF7D5FFA85DFFF79DFF06460120FFF763
:10A93000CEFF7878B04204D004EB440028448078FD
:10A94000DFE7641CE4B2042CE2D30020D9E7000066
:10A9500098D30008F8F7FEFBFDF7E2F8FAF732FDAE
:10A96000FAF75CFCFAF716FCFAF736FCFAF71EFE6B
:10A97000FAF7FCFDFAF73EFEFAF78AFEFAF7AAFEAE
:10A98000FAF76AFEFFF77AFDF6F708FB00F012F817
:10A99000FAF792FC00F020F8FEE710B5EFF305811E
:10A9A00011B16FF0050403E0002408B100F026FFA8
:10A9B000204610BDEFF3058010B16FF00500704721
:10A9C0000448016811B14FF0FF3070470121016068
:10A9D000002070479C00002010B5EFF3058010B1F7
:10A9E0006FF0050010BD08480168012902D04FF042
:10A9F000FF3010BD054A002182F8141D02210160BC
:10AA000000F0BCFF002010BD9C0000200BE000E027
:10AA10002DE9FF414FEA01034FF00005EFF30581F7
:10AA2000039549BB40B38027182100244AB3166818
:10AA300006B1344696691EB13146761E382E02D2D2
:10AA40001679F60703D0002004B0BDE8F0815669FE
:10AA500006B1B708D2F808C0BCF1000F0DD0D56818
:10AA60005C2D18D312693AB136B18DE806103A461A
:10AA7000214601F026FB03900DE0D6685EB912690D
:10AA80004AB903AACDE90012BAB2214601F0ECFAA4
:10AA9000012800D003950398D6E7000008B90648BE
:10AAA000006808B134307047502080F31188BFF33C
:10AAB0004F8FBFF36F8FFEE74C0000202DE9F04170
:10AAC000154C0F460546E6682168002081F85A00BB
:10AAD0002068001D00F057FD681C07D137B12168C0
:10AAE000BDE8F0410D48091D00F0A4BD20683544C3
:10AAF000B5424560216805D2A06BBDE8F041091D53
:10AB000000F080BD606B091D00F07CFDA06A8542ED
:10AB100000D2A562BDE8F0814C000020FC27002097
:10AB20002DE9F041054600F091FD2D4CA068401C38
:10AB3000A06020682B4F10B1606930B32BE0256016
:10AB4000A068012827D1002606EB860007EB8000CD
:10AB500000F04AFD761C382EF6D3234800F044FD61
:10AB60002148143000F040FD1F48283000F03CFD23
:10AB70001D483C3000F038FD1B48503000F034FDDB
:10AB8000194860631430A06305E02068E96AC06A70
:10AB9000884200D82560606A401C60626864E86A88
:10ABA0002169884200D9206100EB800007EB80001A
:10ABB000291D00F03FFD00F069FD606900280CD000
:10ABC0002068E96AC06A884207D208494FF080507D
:10ABD0000860BFF34F8FBFF36F8FBDE8F0810000B7
:10ABE0004C0000204C230020AC27002004ED00E0A6
:10ABF00038B500F02BFD104C2068C8B90F4800F0A4
:10AC0000F3FC0E48143000F0EFFC0C48E060143008
:10AC100020610A4B0020F03B009003F1500210210C
:10AC20000A2000F0B9FF206010B105A100F0B0FDCE
:10AC3000BDE8384000F02ABD88000020002900202F
:10AC4000546D72510000000030B4026C0B46002AB3
:10AC50000BD0C1681144C1608468A14201D301686E
:10AC6000C16030BC1846F5F715BC30BC70472DE903
:10AC7000F041856B174604460026026C82B1C7B1CD
:10AC8000E068F5F707FCE168206C091AE1602268CA
:10AC9000914202D2A168081AE060022F16D017E094
:10ACA0002068A8B9A06801F0F3FA06460020A06069
:10ACB0000EE06068F5F7EEFB216C606808446060A8
:10ACC000A168884204D32068606001E005B16D1E70
:10ACD0006D1CA5633046BDE8F08110B5044690F8C0
:10ACE000590058B101280CD002280FD0502080F311
:10ACF0001188BFF34F8FBFF36F8FFEE7206B00F01B
:10AD0000D9FC2046BDE8104000F0D4BC10BD0000C6
:10AD100010484FF47051420706D0C01D0D4920F075
:10AD20000700411AC1F570510B4A00230144C2E9E2
:10AD300000030839183A21F0070111604B600B60DD
:10AD40000B1AC0E9001393604FF00040536050614C
:10AD500070470000E02F0020B8000020144E154C72
:10AD6000A6F29C474FF08058DFF84C9012E000BFED
:10AD700000F06CFCF068C568281D00F004FCA068B9
:10AD8000401EA0606068401E606000F07FFC2846A6
:10AD9000FFF7A3FF60680028EAD138680128F9D9D5
:10ADA000C9F80080BFF34F8FBFF36F8FF2E7000049
:10ADB000E82700204C00002004ED00E070B51D469F
:10ADC000049C51B1C4F80020C4E90F0101212046C0
:10ADD00000F016FF84F84C5070BD2460F4E70000CA
:10ADE0002DE9F05F8846DDE90B9415468346910016
:10ADF0009A460A9EA522206BF5F7C3FB6FF003016C
:10AE0000206B01EB8501084420F00707780707D085
:10AE1000502080F31188BFF34F8FBFF36F8FFEE791
:10AE20000025B8F1000F0FD05FF00000221818F8CD
:10AE3000001082F8341018F8001011B1401C1028CE
:10AE4000F4D384F8435001E084F83450382E00D312
:10AE50003726E662C4E91365201D00F0D0FB04F13B
:10AE6000180000F0CCFB2461C6F138006462A061D8
:10AE7000656584F8585084F85A5052465946384609
:10AE800000F090FA2060B9F1000F01D0C9F800403D
:10AE9000BDE8F09F30B5114900E011460A688242D2
:10AEA000FBD34B685C18844203D140681844486067
:10AEB000084643681C18944209D1084C183C246881
:10AEC000A24209D052681A4442600A6812680260BD
:10AED000814200D0086030BD0460F9E7B80000206E
:10AEE00070B5002441600B4D0061914206D8D11A23
:10AEF0008269914206D2011D286907E09A4203D275
:10AF0000994201D3012403E0011DE86800F07AFBB7
:10AF1000204670BD8800002010B5044600F096FB66
:10AF2000A06B28B15FF0000400F0B0FB204610BD1C
:10AF30000124F9E730B589B03C4D6EE00498002853
:10AF400006DADDE90601059A90470498002864DBDB
:10AF5000069C606910B1201D00F015FB03A800F0ED
:10AF6000D7F8024604980A2857D2DFE800F0050512
:10AF7000052D334A05052D3394F8280040F00100D3
:10AF800084F828000599A069059B01442046FFF735
:10AF9000A7FF68B3216A2046884794F82800400735
:10AFA0003BD5002000900598A1690023421819465E
:10AFB000204601F077FAD8B9502080F31188BFF30A
:10AFC0004F8FBFF36F8FFEE714F8280F20F00100BA
:10AFD000207022E094F8280040F0010084F8280056
:10AFE0000598A06128B1811813462046FFF778FF25
:10AFF00013E0502080F31188BFF34F8FBFF36F8FA2
:10B00000FEE794F82800810703D4204600F052FBA5
:10B0100003E020F0010084F82800002204A9286839
:10B0200000F042FF002889D109B030BD880000201F
:10B030002DE9FC410F46054600F0E4FC01A800F0B4
:10B0400067F80446019818B101F09AF9BDE8FC814F
:10B05000254EAFB130690068D0B30027291B3A46AE
:10B06000306800F0A9FB01F08BF90028EED11F49F0
:10B070004FF080500860BFF34F8FBFF36F8FE5E74D
:10B08000A542EBD801F07CF9F0682746C068C46897
:10B09000201D00F078FA94F82800410719D5A0691E
:10B0A0002B4641193A462046FFF71AFFA8B1002067
:10B0B0000346014600902A46204601F0F3F960B9A4
:10B0C000502080F31188BFF34F8FBFF36F8FFEE7DF
:10B0D00007E020F0010084F82800216A2046884714
:10B0E000B4E70127BAE700008800002004ED00E083
:10B0F0000648416B096829B1416BC968C96849684C
:10B10000816270474FF0FF31FAE700004C000020E9
:10B1100070B5054601F052F8064E0446B068844208
:10B1200003D200F035F8012000E00020286020461E
:10B13000B46070BD88000020F0B5026800232AB317
:10B14000426800F1080552684260AA4201D1546881
:10B1500044604268D668426852684260AA4201D19F
:10B16000546844604268D4680022A71811F802C0ED
:10B1700097F83470BC4503D127B1521C102AF4D380
:10B1800023B901E02346FBE7B442E4D11846F0BD01
:10B19000F8B5194D20E0C068C4680668201D00F0AD
:10B1A000F2F9216A2046884794F82800400713D511
:10B1B000A0693044B04206D924616060211DE8686E
:10B1C00000F020FA08E000200346014600903246D5
:10B1D000204601F067F938B1E86801680029DAD142
:10B1E0002969C5E90310F8BD502080F31188BFF329
:10B1F0004F8FBFF36F8FFEE788000020002101E032
:10B20000401C491C0278A52AFAD0C1F38F00704770
:10B2100008484068401C4FF0500080F3118804D06B
:10B22000BFF34F8FBFF36F8FFEE7BFF34F8FBFF3B7
:10B230006F8FFEE7C0000020074CE068016841B155
:10B24000C0680021D0F80000FFF7F2FEFFF772FEA1
:10B25000F3E701210020F7E7880000202DE9F04105
:10B26000044600F0F3F994F9455004F1240609E08E
:10B27000606A48B1304601F04BF808B100F0ECFAD2
:10B280006D1E6DB2002DF3DC4FF0FF3684F8456083
:10B2900000F0FCF900F0DAF994F9445004F11007D9
:10B2A00009E0206948B1384601F032F808B100F0F1
:10B2B000D3FA6D1E6DB2002DF3DC84F84460BDE856
:10B2C000F04100F0E3B900002DE9F0410546002708
:10B2D00000F098FB324E306808B9FFF719FD70692D
:10B2E00005424ED1C5B3083568070ED005F00700FA
:10B2F000C0F108000544680707D0502080F311888A
:10B30000BFF34F8FBFF36F8FFEE72DB37068854299
:10B3100037D82348183001460C6801E020460C4617
:10B320006168A94202D221680029F7D131688C42B4
:10B3300027D007682168016060680837411B102921
:10B340000FD96019420708D0502080F31188BFF34D
:10B350004F8FBFF36F8FFEE713E041606560FFF72B
:10B3600099FD61687068401A7060B268904200D2BE
:10B37000B060706901430020C4E90001F068401C1E
:10B38000F06000F0FDFF780707D0502080F31188AF
:10B39000BFF34F8FBFF36F8FFEE73846BDE8F081F4
:10B3A000A000002010B5031F4FF080741C601B1F0D
:10B3B00021F001011960191F044B0B6014390A6058
:10B3C000091F6FF0020244380A6010BD11B2000874
:10B3D00010B52DED028B04469FED1D0AB0EE408A9C
:10B3E000D4ED000A60EEA00A94ED011AD4ED011A22
:10B3F00041EE210A94ED021AD4ED021A41EE210A1F
:10B4000094ED031AD4ED031A41EE210AB0EE600A5E
:10B41000F5F7D4FAB0EE408A94ED000A20EE080A5F
:10B4200084ED000A94ED010A20EE080A84ED010A79
:10B4300094ED020A20EE080A84ED020A94ED030A54
:10B4400020EE080A84ED030ABDEC028B10BD00005B
:10B4500000000000DFED020A20EE200A7047000025
:10B46000E02E654210B500EE100A2DED028BB1EE14
:10B47000C08A18EE100A20F00040C0F1FF40C00F53
:10B480000AD010EE100A20F00040C0F1FF40C00FBB
:10B4900004BF0120F5F7CEF818EE100ABDEC028BC0
:10B4A00010BD000070B50C46064600F0CFF8154DF3
:10B4B0002868406D80B92968012081F858005CB186
:10B4C00001212046FFF7FAFA0F494FF0805008603B
:10B4D000BFF34F8FBFF36F8F00F0D8F800F0B6F8CE
:10B4E0002868446D002034B116B12968486502E02F
:10B4F0002A68611E5165296881F8580000F0C6F875
:10B50000204670BD4C00002004ED00E091ED000AE3
:10B51000B1EE400A80ED010A91ED010AB1EE400A58
:10B5200080ED020A91ED020AB1EE400A80ED030AB5
:10B5300091ED000A80ED040A91ED020A80ED060A01
:10B5400091ED010AB1EE400A80ED070A91ED010A82
:10B5500080ED080A91ED020AB1EE400A80ED090A79
:10B5600091ED000A80ED0B0A91ED020A80ED0C0AC4
:10B5700091ED010A80ED0D0A91ED000AB1EE400A4D
:10B5800080ED0E0A7047D0E9013201699A60D0E976
:10B5900001235A604A68824201D182684A600022CF
:10B5A00002610868401E08600868704708B90248D0
:10B5B0000068006BFFF722BE4C000020034B0360C5
:10B5C00003F15C000860802010607047282900208B
:10B5D000044B036003F15C0008604FF4807010605E
:10B5E00070470000842B002000F108014FF0FF326B
:10B5F000C0E90112C16001610021016070470021B2
:10B600000161704730B50B685A1C02D000F1080286
:10B6100002E0026904E02246546825689D42FAD996
:10B6200053684B6099608A60516008610168491CE9
:10B63000016030BD42684A6093688B6093685960CE
:10B64000916008610168491C01607047502080F3D7
:10B650001188BFF34F8FBFF36F8F0A494868401CB2
:10B66000486001280CD10848006810F0FF0F07D08F
:10B67000502080F31188BFF34F8FBFF36F8FFEE729
:10B6800070470000C000002004ED00E00849486851
:10B6900028B1401E486001D180F3118870475020C6
:10B6A00080F31188BFF34F8FBFF36F8FFEE7000069
:10B6B000C000002070B500282AD0164DA0F1080463
:10B6C00060686969084207D1502080F31188BFF390
:10B6D0004F8FBFF36F8FFEE722683AB1502080F39F
:10B6E0001188BFF34F8FBFF36F8FFEE78843606011
:10B6F00000F088F960686968084468602046FFF7D0
:10B70000C9FB2869401C2861BDE8704000F038BEC4
:10B7100070BD0000A00000204FF0E020002101617A
:10B72000816105494FF47A720968B1FBF2F1491E53
:10B7300041610721016170474800002010B5F4F70E
:10B74000EFFD114910280ED300F1E02090F8F0032E
:10B750000A78904207D2502080F31188BFF34F8FB0
:10B76000BFF36F8FFEE709480068896800F4E06066
:10B77000884207D9502080F31188BFF34F8FBFF361
:10B780006F8FFEE710BD0000C00000200CED00E050
:10B7900010B5084B002200BF53F832401CB1521CB8
:10B7A000082AF9D310BD43F8321003EBC2014860F8
:10B7B00010BD00000C23002070B515460E4604464F
:10B7C000FFF744FF94F944100020491C01D184F88C
:10B7D000440094F94510491C01D184F84500FFF755
:10B7E00055FFA06B28B92A46314604F1240000F029
:10B7F000A9F82046BDE87040FFF730BD10B5020043
:10B8000014D00F48006B38B1502080F31188BFF37B
:10B810004F8FBFF36F8FFEE700F0F4F80021104662
:10B82000FFF74CF900F0ACFD002807D105494FF0B7
:10B8300080500860BFF34F8FBFF36F8F10BD0000C3
:10B840004C00002004ED00E002490A6A0260C96869
:10B85000416070474C00002001490120C8617047D9
:10B860004C0000202DE9F0410E46040015D0FFF7F2
:10B8700065FF5020EFF3118580F31188BFF34F8FE0
:10B88000BFF36F8F94F85800022184F85810616D4F
:10B89000491C6165012808D031E0502080F31188EF
:10B8A000BFF34F8FBFF36F8FFEE7A06A38B1502010
:10B8B00080F31188BFF34F8FBFF36F8FFEE7124FF6
:10B8C000386B18B104F1180110480DE0201DFFF786
:10B8D0005AFEE06A3969884200D938610C4900EBA8
:10B8E000800001EB8000211DFFF7A4FEE06A3968AB
:10B8F000C96A884203D9012006B13060F86185F336
:10B900001188BDE8F08100004C000020D427002001
:10B910004C23002010B50C4650B109490968183174
:10B92000FFF770FE2046BDE810400121FFF7C6B8C2
:10B93000502080F31188BFF34F8FBFF36F8FFEE766
:10B940004C00002070B514460D4668B10A490968DC
:10B950001831FFF76FFE0CB14FF0FF352146284636
:10B96000BDE87040FFF7AAB8502080F31188BFF3FC
:10B970004F8FBFF36F8FFEE74C00002030B587B0CC
:10B980000024039405AA04A903A80494FFF716FE53
:10B99000DDE903010094CDE90110002315A117484A
:10B9A000059A00F08EFB164D0028E8621FD000F0CB
:10B9B00049FD012809D0401C19D1502080F311887D
:10B9C000BFF34F8FBFF36F8FFEE7502080F31188D6
:10B9D000BFF34F8FBFF36F8F4FF0FF30A86201208E
:10B9E0006861EC6007B0BDE8304000F045B807B0D2
:10B9F00030BD000049444C45000000005DAD00082A
:10BA00004C0000200248016B491C01637047000094
:10BA10004C000020164810B5016B11B10121C16125
:10BA200010BD0021C1610169124A01E0B9B1491E8E
:10BA300001EB810352F82330002BF7D001EB810397
:10BA400002EB830202F1080453685B685360A3426F
:10BA500001D15B685360DA680260016110BD50205B
:10BA600080F31188BFF34F8FBFF36F8FFEE70000A5
:10BA70004C0000204C2300201CB537480168374A91
:10BA8000914207D1502080F31188BFF34F8FBFF34D
:10BA90006F8FFEE700683149491E884207D1502068
:10BAA00080F31188BFF34F8FBFF36F8FFEE72C49F0
:10BAB00008780190FF20087008788DF800009DF844
:10BAC00000009DF8002000F0F000904207D05020C8
:10BAD00080F31188BFF34F8FBFF36F8FFEE79DF8A0
:10BAE0000000204C00F0500020700720A06005E00E
:10BAF0009DF8002052008DF80020401E9DF8002087
:10BB00001206F5D4A060032807D0502080F31188D6
:10BB1000BFF34F8FBFF36F8FFEE74FF44070A0600D
:10BB2000019808700C482030016841F470010160F0
:10BB3000016841F070410160FFF7EEFD0020606098
:10BB4000F4F7B6FB0848016841F040410160F4F7A2
:10BB50009BFB00201CBD000000ED00E071C20F4106
:10BB600000E400E0C000002034EF00E010B55020F9
:10BB700080F31188BFF34F8FBFF36F8F00F024FB6A
:10BB800018B104494FF080500860002080F31188FC
:10BB900010BD000004ED00E038B5049D18B153B1AC
:10BBA000CAB181B120E0502080F31188BFF34F8FDC
:10BBB000BFF36F8FFEE7502080F31188BFF34F8FE4
:10BBC000BFF36F8FFEE7502080F31188BFF34F8FD4
:10BBD000BFF36F8FFEE739B1502080F31188BFF3B8
:10BBE0004F8FBFF36F8FFEE750241C46012384F86C
:10BBF00046302B460094FFF7E1F8204638BD0000A0
:10BC000070B50D46040025D0FFF720FDD4E90F20C4
:10BC1000216802FB0011A1600021A163216861601D
:10BC20000A46D4E90F01401E00FB0121E1602146D4
:10BC30004FF0FF3001F8440F487004F110008DB14F
:10BC4000FFF7D2FC04F12400FFF7CEFCFFF71EFD46
:10BC5000012070BD502080F31188BFF34F8FBFF3D8
:10BC60006F8FFEE721690029F0D000F051FB00281A
:10BC7000ECD004494FF080500860BFF34F8FBFF302
:10BC80006F8FE3E704ED00E02DE9FF4782B01D462A
:10BC90008A464FF00008040003D0BAF1000F08D024
:10BCA00011E0502080F31188BFF34F8FBFF36F8FE7
:10BCB000FEE7206C38B1502080F31188BFF34F8F1E
:10BCC000BFF36F8FFEE7022D0AD1E06B012807D08A
:10BCD000502080F31188BFF34F8FBFF36F8FFEE7C3
:10BCE00000F05EFA3F4F4FF000094FF0805648B920
:10BCF000049838B1502080F31188BFF34F8FBFF301
:10BD00006F8FFEE7FFF7A2FCA06BE16B884207D3C1
:10BD1000022D05D00498D0B1B8F1000F1AD01EE062
:10BD20002A4651462046FEF7A2FF616A19B104F186
:10BD3000240000F0EDFA20B13E60BFF34F8FBFF357
:10BD40006F8FFFF7A3FC012006B0BDE8F087FFF777
:10BD50009DFC22E06846FFF777FD4FF00108FFF7F2
:10BD600095FCFFF74FFEFFF771FC94F94400401C6F
:10BD700001D184F8449094F94500401C01D184F825
:10BD80004590FFF783FC04A9684600F029F930B11B
:10BD90002046FFF763FA00F0F3FA0020D4E7FFF73C
:10BDA00055FCA06BE16B884213D1FFF76FFC04F1E7
:10BDB00010000499FFF7AEFD2046FFF74FFA00F0A0
:10BDC000DFFA00289ED13E60BFF34F8FBFF36F8F25
:10BDD00098E7FFF75BFC2046FFF740FA00F0D0FA47
:10BDE00090E7000004ED00E02DE9F0471F46904683
:10BDF0008946040003D0B9F1000F08D011E05020AB
:10BE000080F31188BFF34F8FBFF36F8FFEE7206C75
:10BE100038B1502080F31188BFF34F8FBFF36F8F7D
:10BE2000FEE7022F0AD1E06B012807D0502080F3F3
:10BE30001188BFF34F8FBFF36F8FFEE7FFF77EFCD4
:10BE40005020EFF3118680F31188BFF34F8FBFF3BB
:10BE50006F8FA06BE16B884206D3022F04D00020C5
:10BE600086F31188BDE8F08794F94550A06B3A46F7
:10BE700049462046FEF7FBFE681C04D06D1C84F882
:10BE800045500120ECE7606A0028FAD004F1240054
:10BE900000F03EFA0028F4D0B8F1000FF1D00121F3
:10BEA000C8F80010EDE700002DE9F747002683B041
:10BEB0008A46040003D0BAF1000F08D011E05020E8
:10BEC00080F31188BFF34F8FBFF36F8FFEE7206CB5
:10BED00038B1502080F31188BFF34F8FBFF36F8FBD
:10BEE000FEE700F05DF9DFF8F4804FF000094FF055
:10BEF000805748B9059838B1502080F31188BFF3B6
:10BF00004F8FBFF36F8FFEE7FFF7A0FBA56BC5B1A7
:10BF100051462046FEF798FE6D1EA563206950B17C
:10BF200004F1100000F0F4F928B1C8F80070BFF374
:10BF30004F8FBFF36F8FFFF7A9FB012006B0BDE85D
:10BF4000F087059808B11EB106E0FFF79FFB27E0D8
:10BF50006846FFF779FC0126FFF798FBFFF752FDD3
:10BF6000FFF774FB94F94400401C01D184F844901D
:10BF700094F94500401C01D184F84590FFF786FBF9
:10BF800005A9684600F02CF8002820460AD0FFF7E3
:10BF900065F900F0F5F92046FEF7BEFF0028B3D0A2
:10BFA0000020CBE7FEF7B8FF90B104F1240005991B
:10BFB000FFF7B0FC2046FFF751F900F0E1F9002847
:10BFC000A2D1C8F80070BFF34F8FBFF36F8F9BE70C
:10BFD0002046FFF743F900F0D3F995E704ED00E0C0
:10BFE0002DE9F0410C4605000FD0B4B1FFF72EFB50
:10BFF0001C4BDA686E681868911B002790F85A008D
:10C0000098B1186880F85A701AE0502080F31188AF
:10C01000BFF34F8FBFF36F8FFEE7502080F311887F
:10C02000BFF34F8FBFF36F8FFEE72068B0F1FF3F84
:10C0300008D0D5F800C01B6A9C4509D0964207D8A5
:10C04000012400E00024FFF721FB2046BDE8F08139
:10C05000884205D9401A20602846FFF7F5FBF1E732
:10C060002760EDE74C0000202DE9FF5F8346DDE906
:10C070000E87994616468A469000FFF725F9050077
:10C080001CD05C20FFF720F9040014D000202563A9
:10C0900084F85900CDE90240CDE900874B4632468D
:10C0A00051465846FEF79CFE2046FEF739FD01201A
:10C0B00004B0BDE8F09F2846FFF7FCFA4FF0FF30D0
:10C0C000F6E7F0B585B0DDE90B640A9DA6B1DCB1F9
:10C0D0005C2700972663022684F85960002604AF87
:10C0E000CDE90246CDE90057FEF77AFE2046FEF77D
:10C0F00017FD049805B0F0BD502080F31188BFF300
:10C100004F8FBFF36F8FFEE7502080F31188BFF38E
:10C110004F8FBFF36F8FFEE72DE9F04107463825BB
:10C12000F4F799F9102807D3502080F31188BFF352
:10C130004F8FBFF36F8FFEE7FFF764FC154E6D1E48
:10C1400005EB850006EB80003946FEF7F5FF04009D
:10C150001AD1002DF3D1104D3946686BFEF7ECFF74
:10C16000040011D13946A86BFEF7E6FF04000BD19D
:10C1700039460A48FEF7E0FF040005D10748394672
:10C180001438FEF7D9FF044600F0FAF82046BDE85F
:10C19000F08100004C2300204C000020FC270020F0
:10C1A0000548416919B1006B18B1002070470120A2
:10C1B00070470220704700004C0000200148C06812
:10C1C000704700004C0000202DE9F0412E4C002764
:10C1D000206B28B1A069401CA0613846BDE8F08101
:10C1E000E668761CE66013D1606B006838B15020B9
:10C1F00080F31188BFF34F8FBFF36F8FFEE7606B43
:10C20000A16B6163A063206A401C2062FEF770FF8F
:10C21000A06ADFF87880864209D3606B0068A0B11D
:10C22000606BC068C5686868864211D2A0622068E9
:10C23000C06A00EB800158F82100012800D90127CD
:10C24000E0690028C9D00127C7E74FF0FF30EDE7CC
:10C25000281DFFF798F9A86A18B105F11800FFF733
:10C2600092F9E86A2169884200D9206100EB8001D7
:10C2700008EB8100291DFFF7DDF9E86A2168C96A2A
:10C280008842CAD30127C8E74C0000204C23002075
:10C2900070B504004FF0000133D01B4D2868844274
:10C2A00007D0502080F31188BFF34F8FBFF36F8FFB
:10C2B000FEE7206D38B1401E2065E36CE26A9A42C9
:10C2C0001FD040B11DE0502080F31188BFF34F8F85
:10C2D000BFF36F8FFEE7201DFFF755F9E06CE062BA
:10C2E000C0F13800A061E06A2969884200D928615C
:10C2F000064900EB800001EB8000211DFFF79AF951
:10C300000121084670BD00004C0000204C23002095
:10C3100070B5C068C46854B104F118000646FFF750
:10C3200032F9144D286B50B13146134815E05020B6
:10C3300080F31188BFF34F8FBFF36F8FFEE7201D8F
:10C34000FFF721F9E06A2969884200D928610B4981
:10C3500000EB800001EB8000211DFFF76BF9E06A24
:10C360002968C96A884202D90120E86170BD0020AD
:10C3700070BD00004C000020D42700204C2300207A
:10C380002DE9F0472C4D00242746286B38B1FFF7E4
:10C390005DF9286B401E2863286B40B146E05020B1
:10C3A00080F31188BFF34F8FBFF36F8FFEE7A9684B
:10C3B000224E0120D1B3A6F5916980463068E0B1E4
:10C3C000F068C46804F11800FFF7DDF8201DFFF7DE
:10C3D000DAF8E06A2969884200D9286100EB800117
:10C3E00009EB8100211DFFF725F9E06A2968C96A78
:10C3F0008842E3D3C5F81C80E0E70CB1FEF778FE75
:10C40000AC694CB14FEA0806FFF7DEFE00B1EE6101
:10C41000641EF9D10020A861E86938B108490127F4
:10C4200038070860BFF34F8FBFF36F8FFFF72EF908
:10C430003846BDE8F08700004C000020D4270020DB
:10C4400004ED00E010B586B0FEF7D2FB114C206879
:10C45000B8B100200390049005AA04A903A8FFF72F
:10C46000B7F8DDE9032102208DE8070000230AA1C7
:10C470000B48059AFFF725FE606010B106B0012059
:10C4800010BD502080F31188BFF34F8FBFF36F8F23
:10C49000FEE7000088000020546D72205376630090
:10C4A00039B200082DE9FF411E46134602000A9DDD
:10C4B0004FF0000016D0144C2768002F0FD0CDE9A4
:10C4C00000130292062917DAFFF76AFE02284FF0DE
:10C4D00000030FD0002269462068FFF7D5FB04B0A7
:10C4E000BDE8F081502080F31188BFF34F8FBFF378
:10C4F0006F8FFEE72A46EEE700233246694638464C
:10C50000FFF772FCEBE700008800002081F000419B
:10C51000704780F00040704721F00041704720F0E4
:10C520000040704721F00042A2F16052B2F5801F36
:10C5300001F0004328BFD2F17F6C0BD95FEA001CE9
:10C5400043EAC20242EB507018BF704728BF20F088
:10C5500001007047B2F5801FBCBF184670474FEA14
:10C56000410C1CF5001F02D2084600F0F3BD70B567
:10C5700000F00EFB00000089FFF7F6BF4FF000400F
:10C58000A0F580007047000010B591EA030F48BF86
:10C5900083F0004300F10C84841A71EB030C05D284
:10C5A000121943EB0C03001B61EB0C01DFF824E1D3
:10C5B0004FEA1154A4EB135C1EEA430F18BF9EEA26
:10C5C000445F73D023EA0E03DCF1200E21EA04510C
:10C5D00043F4801332D322FA0CFE10EB0E0023FA40
:10C5E0000CFE41EB0E01CCF1200E03FA0EFE10EB17
:10C5F0000E0051F10001B1F5801FCCF1200E32D2B6
:10C6000001EB045112FA0EF2BDE8104058BF70471A
:10C61000401C38BF5FEA420218BF7047002814BFB1
:10C6200020F0010041F100014FEA410313F5001F22
:10C6300038BF7047A1F1C04100F0A0BB012A43EB15
:10C640000302ACF1200CDCF11F0E32BF4FF0000EE4
:10C6500023FA0CF310EB030041EB0451B4EB115F30
:10C66000D0D0A1EB045101F5801149085FEA3000F8
:10C6700001EB04510ED350F1000038BF12FA0EFE48
:10C6800008D1BDE81040C9E7401C38BF5FEA42024C
:10C69000CAD1C3E7BDE810404FEA410313F5001FBC
:10C6A00038BF7047A1F1C04100F068BB9EEA445F0B
:10C6B00008D011EA5E0FBDE8104004BF01F0004150
:10C6C00000207047BDE8104070B500F061FA00BF6F
:10C6D00064FBBE3E0000E0FF2DE9C04130B4DFF84E
:10C6E000A0C23CEA111418BF3CEA131400F0EC801D
:10C6F00081EA03051CEA111444EAD57418BF1CEA48
:10C70000131500F0C780A4EB05044FF0004545EA7F
:10C71000C12145EAC32341EA505143EA525304F18F
:10C720007F74994204F500344FEAC0204FEAC222D8
:10C7300008BF904200F09C804FEA13650FF240164C
:10C74000765D4FEA134506FB05F7C7F1807706FBD8
:10C7500007F74FEAD737A7FB03687642C8F580385A
:10C76000A7FB06CE38BFA8F1010807FB08E64FF08B
:10C77000000EA6FB028CE6FB03CEDCF1000CCEF132
:10C78000004E38BFAEF1010EA6FB0C584FF000076B
:10C790004FF00005E6FB0E87A1FB08C6A0FB07CE05
:10C7A00016EB0E0645F10005E1FB076515F1E04EBD
:10C7B0007EBFA4F580345FEA46066D4116F180071E
:10C7C00045F100054FEA17274FEA066647EA056775
:10C7D000A6F1DE46B6F1805F4FEA15251FD938462F
:10C7E00024F0010C05EBC471BCF1FE6F01EB0C11E0
:10C7F00002D8F0BCBDE8008124425CBF01F5801E78
:10C800009EEAC47F02D4F0BCBDE80081244238D443
:10C81000F0BCA1F1C041BDE8004100F0AFBA4FEA61
:10C82000D22242EA43524FEAD323A7FB02864FEAC1
:10C83000D02040EA415007FB03661EEA0E0F4FEA84
:10C84000D12105FB026658BFA6EB0056B6EB005699
:10C850004FEA520E4EEAC37E18EB0E0E56EB530E05
:10C86000BDD518EB02085E417F1C55F10005B6E707
:10C870004FF480154FF000074FF000064FF000080E
:10C88000ADE7F0BC4FF0000001F1C04101F0004104
:10C89000BDE8008111EA0C1F0CEA131500D00CE072
:10C8A00013EA0C1F00F025804FF00000F0BC81EA75
:10C8B000030101F00041BDE80081F0BCBDE800418A
:10C8C00081EA030100F05ABAF0BCBDE8004170B53E
:10C8D00000F05EF9097EFC3E00F007B881EA030132
:10C8E0004FF0000001F00041704781EA030100F0C1
:10C8F00045BAF0BCBDE800414FF000002149704747
:10C90000FFFDFBF9F7F5F4F2F0EEEDEBE9E8E6E414
:10C91000E3E1E0DEDDDBDAD8D7D5D4D3D1D0CFCD9B
:10C92000CCCBCAC8C7C6C5C4C2C1C0BFBEBDBCBBD4
:10C93000BAB9B8B7B6B5B4B3B2B1B0AFAEADACABCF
:10C94000AAA9A8A8A7A6A5A4A3A3A2A1A09F9F9EA9
:10C950009D9C9C9B9A99999897979695959493935B
:10C96000929191908F8F8E8E8D8C8C8B8B8A8989F2
:10C970008888878786858584848383828281818075
:10C980000000FF070000F87F4FEA41034FEA5353CE
:10C99000A3F58063D3F11E03C8BFD3F1210C0CDDD6
:10C9A0004FF0004242EAC12242EA505232FA03FCFE
:10C9B0008CEAE17CACEBE1707047102BC4BF002027
:10C9C000704703F5787CBCF1FF3F04D06FF0004264
:10C9D00082EA2100704770B500F0DAF849922480AD
:10C9E00000207047F2E710F0004248BF4042B0FA22
:10C9F00080F310FA03F10AD0C3F11D0303F580633D
:10CA00004FEA415002EB035202EBD12170474FF045
:10CA100000007047B0FA80F310FA03F10AD0C3F1B6
:10CA20001D0303F580634FEA41504FEA035202EBC6
:10CA3000D12170474FF0000070470000DFF848C177
:10CA400070B51CEA111E1EBF1CEA13159EEA0C0FDE
:10CA500095EA0C0F00F06F8081EA030423EA4C137F
:10CA60004EEAD47E21EA4C1141F4801143F4801344
:10CA7000AE44A1FB024CA0FB0365AEF17F7E3619EC
:10CA800055EB0C05A1FB034C4CF10003A0FB021C71
:10CA900016EB0C06654153F10003094218BF46F03E
:10CAA000010613F4007F0BD14FEA03314FEA053042
:10CAB000340341EA155140EA16506FF003020AE0D0
:10CAC0004FEAC3214FEAC520F40241EA555140EA3A
:10CAD00056506FF0020202EB2E4201EB025585EA3E
:10CAE000CE710AD05FEA440C18BF24F0004450F124
:10CAF000000041F1000120EAD47040F2FE7C624562
:10CB000000D270BDA84214BF4FF080444FF04044A3
:10CB1000002E08BF0024BEF1806FA8BFA1F1C04164
:10CB2000BDE8704080F22A814FF0000001F1C04161
:10CB300001F0004170479EEA0C0F0CEA131518BF74
:10CB400095EA0C0F06D04FF0000081EA030E0EF0BC
:10CB5000004170BD00F01CF88900013E00F007B8EC
:10CB600000F009B84FEA430C5FEA5C5C08D081EA48
:10CB7000030100F003B94FEA410C5FEA5C5CF6D1B7
:10CB80004FF00000014970470000FF070000F87FE8
:10CB90000EF1020E2EF0030E5EF8046B364205D441
:10CBA000012A43EB030515F5001F12D8012841EBBC
:10CBB000010C1CF5001F0CD80ED14FEAD17C15F5E5
:10CBC000001F0CEB4C0C0CF1020C08BF4CEBD37C9F
:10CBD00004E04FF0080C01E04FEAD37C0CEB4C056D
:10CBE00026FA05F606F00706B6F1040C06D20EEB9F
:10CBF000860CBDE870404CF0010C6047DFE80CF09B
:10CC0000090B02024FF000414FF00000A1F5002196
:10CC100070BD19461046012851EB010418BFD4F528
:10CC2000001484BF002001F0004170BDDFF844C152
:10CC300070B53CEA111418BF3CEA131500F08F8060
:10CC400011F1004F1CEA13150CEA111468BF45F0EE
:10CC5000050518BF11EA0C1F00F079802E4621EA65
:10CC60004C1123EA4C1341F4801143F48013A5F5D1
:10CC70008035AC423DDD801A9941A4F5803609D556
:10CC80004042C1F1000134BFB1F10101B1F1000135
:10CC900085F0010511F4F01F08D011F4801FE8D1D0
:10CCA000400041EB0101A4F58034F6E721F000419A
:10CCB000B1FA81F6202E04BFB0FA80FE0EF12006F4
:10CCC000A6F10B06B6F1200EA4EB06440CD2C6F179
:10CCD000200E01FA06F120FA0EF641EA0601CEF125
:10CCE000200600FA06F003E000FA0EF14FF0000013
:10CCF000BFE750EA410E23D04FEA244EBEEB254F4A
:10CD00000FDB994208BF904204D00AD3520043EB94
:10CD10000303B0E74FEA1646B6EB144F08BF85F0A1
:10CD20000105B4F5803401EB041181EAC57100DB23
:10CD300070BD01F1C0414FF0000001F0004170BD35
:10CD40004FEA45714FF0000001F0004170BD1CEA50
:10CD5000131F09D04FF0000001F0004170BDFFF734
:10CD600017FF00BFEDFFFF3EBDE870404FF0000031
:10CD7000014970470000FF070000F87F0808A0F590
:10CD800000114FEA3101704791EA030F10B581F0AD
:10CD900000413FF501AC83F0004300F009B800000A
:10CDA00010B591EA030F48BF83F000433FF5F4ABA1
:10CDB000841A71EB030C07D212198CF0004C43EB70
:10CDC0000C03001B61EB0C01DFF8A4E14FEA1154E6
:10CDD000A4EB135C1EEA430F18BF9EEA445F00F009
:10CDE000B08023EA6E03524221EA0451C3EB6E0382
:10CDF00038BF5B1EDCF1200E25D322FA0CFE10EBAF
:10CE00000E0043FA0CFE41EB0E01CCF1200E03FAAA
:10CE10000EFE10EB0E0051F10001CCF1200E29D4D2
:10CE200012FA0EF201EB0451BDE8104058BF7047F2
:10CE3000401C1CBFB2F1004F704700280CBF491CBA
:10CE400020F00100704712EB020E43EB030218BF03
:10CE50004FF0010E4EEA4202ACF1200CDCF11E0E46
:10CE600054D943FA0CFE10EB0E0051F1FF31CCF116
:10CE70001E0ED5D50EF1010E12FA0EFE404141EB09
:10CE8000010101EB445C5FEA5C5C10D910EBDE70E1
:10CE900001EB045138BFBEF1004FBDE8104018BF90
:10CEA000704700280CBF491C20F00100704730D2A9
:10CEB0004FEAD42C11F5001124F400641BD0B1FA10
:10CEC00081F20B3AA41AA41ED2F12003914030FA49
:10CED00003F31943904001EBCC71002C01EB04519A
:10CEE000BDE81040A8BF704701F1C0414FF00000FD
:10CEF00001F000417047B0FA80F310FA03F100D15D
:10CF000010BDE41A173C4805C90AE4E701EB0451D7
:10CF100010BD491001EB0451BDE810404FEA30004C
:10CF200002E04FF0000170474A0008BF0042F8D00D
:10CF3000B2F5001F28BF704701F000414FF000001C
:10CF400070479EEA445F07D011EA5E0FBDE81040CB
:10CF500004BF002100207047BDE8104070B5FFF706
:10CF600017FE00BF40DFF63E83F0004110467047D9
:10CF70000000E0FF43004FEAD30C4FEA3C0C434073
:10CF80001FBF40070CF1605113F0FE4F70471CF0BB
:10CF9000006F03D100200CF0004170470CF00043FB
:10CFA00043EA507010B540EACC0000F00EF800BF24
:10CFB000000000924FEA0001FFF7E0BE4FF0004191
:10CFC0004FF00000A1F5002170470EF1020E2EF087
:10CFD000030E5EF8044B244204D44FEA4102B2F13E
:10CFE0007F4F11D84FEA4003B3F17F4F0CD80ED1D9
:10CFF0004FEAD07CB2F17F4F0CEB4C0C0CF1020CE1
:10D0000008BF4CEBD17C04E04FF0080C01E04FEA84
:10D01000D17C0CEB4C0324FA03F404F00704B4F1C4
:10D02000040C06D20EEB840CBDE810404CF0010C51
:10D030006047DFE80CF0070802024FF00040A0F55F
:10D04000800010BD0846420018BFD2F1807288BF30
:10D0500000F0004010BD4FF04070E1EE100A704744
:10D060004FF07F4C3CEA410318BF3CEA400200F01D
:10D0700062804FF47F0C10F0004F0CEAD11318BF00
:10D0800043F005031CEAD01218BF13EA0C0F00F09E
:10D0900057804FF0004C4CEA00204CEA0121A3F5E8
:10D0A00080339A4210DDB0F1004F23F0020306D323
:10D0B000401A43F00203BCBF404283F001034FEA31
:10D0C0004000A2F58032ECE74FEA224CBCEB234F44
:10D0D00008DB884206D31CD0A0EB4100C0F1000061
:10D0E00083F0010340001DD217D40DD0B0FA80FCAC
:10D0F0000CF1010C00FA0CF0A2EB0C42D2F1000C86
:10D1000012DB4FEAC37070474FEA437000F00040F3
:10D11000704713F0020FE5D0DEE7B2F580324FEA38
:10D120004000EBDD002AE9DD4FEAC21242EA50205E
:10D1300040EAC370704710B5FFF747FFEDFFFF3EB1
:10D140001CEAD11F02D000F0004070470048704731
:10D150000000C07FFF2141EAD050C00570470000A9
:10D1600038D50008000000000000000000000000AA
:10D170000000000000020000180000000000000095
:10D180000000000044D5000800000000000000007E
:10D19000000000000000000000100000310000004E
:10D1A00000000000000000005CD500080000000046
:10D1B000000000000000000000000000000200006D
:10D1C000180000000000000000000000F8D4000873
:10D1D00000000000140600205C0000001402002083
:10D1E000000400003000000000000000000000000B
:10D1F00064D5000800000000700800205C000000FA
:10D2000070060020000200002F0000000000000057
:10D21000000000004CD5000800000000CC0A0020EF
:10D220005C000000CC080020000200002F0000007D
:10D2300000000000000000001CD5000800000000F5
:10D24000280D00205C000000280B002000020000D8
:10D250002F000000000000000000000010D50008B2
:10D2600000000000840F00205C000000840D0020FE
:10D27000000200003000000000000000000000007C
:10D28000D0D4000800000000E01100205C00000085
:10D29000E00F00200002000030000000000000004D
:10D2A0000000000004D50008000000003C1400202D
:10D2B0005C0000003C120020000200003000000072
:10D2C000000000000000000028D500080000000059
:10D2D000981600205C000000981400200002000056
:10D2E000180000000000000000000000E8D4000862
:10D2F00000000000F41800205C000000F41600207C
:10D30000000200002F0000000000000000000000EC
:10D31000D8D4000800000000501B00205C00000072
:10D3200050190020000200002F0000000000000043
:10D330000000000054D5000800000000AC1D0020D3
:10D340005C000000AC1B0020000200003000000068
:10D350000000000000000000000610160006101675
:10D360000000000000000000010203040607080995
:10D37000000000000102030440AC037D04014103EE
:10D38000057C00026D0D026D090200000000C8441A
:10D39000CDCC4C3E000000000B080141090242C008
:10D3A000030A0B04CDCC4C3ECDCC4C3ECDCC4C3EF8
:10D3B0004C5555555555A53F7751C1166CC156BFB3
:10D3C0009015CB19A001FA3EAD529C804F7E92BEC3
:10D3D000C4B1B4BD9EEE213ED43888BEE9FAA8BDE2
:10D3E00000004054FB21F93F3163621A61B4D03D23
:10D3F0000000601A61B4D03D7370032E8A19A33BFC
:10D400000000002E8A19A33BC14920259A837B394D
:10D4100000000000000000006E83F9A22915444EB0
:10D42000D15727FCC0DD34F5999562DB4190433C30
:10D43000AB6351FE61C5BBDE3A6E24B7E0D24D420C
:10D44000EA2E49061C92D1091CEB1DFE3EA729B10C
:10D45000F53582E88444BB2E26709CE9417E5FB49A
:10D4600039D69139F43953838B5F849C3B28F9BDBD
:10D47000FF97F81F0F9805DE8B112FEF1F6D0A5ACB
:10D48000CF7E366DB709CB27663F464F2DEA5F9EAC
:10D49000C7BA27757BF1E5EBF739073DEA92528A67
:10D4A000B15FFB6B085D8D1FA6F810111111813F54
:10D4B000D561C119A0012ABF7DFEB157E31DC73E4A
:10D4C000EB9C2B8AE6E55ABE7CD5CF5A3AD9E53D8E
:10D4D000534255530000000053686F6F74696E67C4
:10D4E0004C6F61640000000053686F6F74696E6771
:10D4F00050757368526F64004475616C426F61725D
:10D5000064000000524355706461746500000000BF
:10D51000434D4455706461746500000053686F6F3B
:10D5200074696E6700000000444A494D6F746F7261
:10D53000436865636B00000064656661756C7454D4
:10D5400061736B00696D755461736B0047696D623F
:10D55000616C00004175746F41696D0062757A728B
:10D560000000000043686173736973008CD5000884
:10D570000000002014020000C4010008F8D50008D3
:10D5800014020020FC84000020020008013C32014B
:10D590008210037924F41AAA01011C100DE7416BD3
:10D5A0003A58A08B3A7D04017C160240AB0341102F
:10D5B00009055308065804070F16081082091116AA
:10D5C0000A15800B16F50C18010D0515A2FFFFFFBB
:10D5D0001A82192901815A9210892E5B803F080214
:10D5E00012BF791C091D246920E938091610013E73
:08D5F0002DCDCC1C410400000C
:040000050800018965
:00000001FF
